soil_type,ph_level,nitrogen,phosphorus,potassium,moisture_level,irrigation_type,soil_health_score,crop_1,crop_2,crop_3,disease_risk,weather_rainfall_mm,temperature_c,humidity_percent,profit_estimate,image_url
Clay,6.19,32,38,23,60,Sprinkler,57,Soybean,Rice,Barley,Medium,193,23,68,40743,/content/drive/MyDrive/dataset/CyAUG-Dataset/Alluvial_Soil/180.jpg
Clay,7.11,43,38,44,53,Drip,85,Maize,Groundnut,Vegetables,High,148,29,78,71885,/content/drive/MyDrive/dataset/CyAUG-Dataset/Alluvial_Soil/2.jpg
Sandy,6.87,47,20,40,50,Drip,94,Vegetables,Cotton,Barley,Medium,88,21,43,29764,/content/drive/MyDrive/dataset/CyAUG-Dataset/Alluvial_Soil/104.jpg
Loamy,6.95,59,15,24,76,Drip,76,Soybean,Rice,Barley,Low,109,21,53,32468,/content/drive/MyDrive/dataset/CyAUG-Dataset/Alluvial_Soil/12.jpg
Loamy,7.48,39,37,37,66,Flood,82,Maize,Maize,Wheat,Medium,57,21,85,69786,/content/drive/MyDrive/dataset/CyAUG-Dataset/Alluvial_Soil/16.jpg
Sandy,6.78,36,28,32,55,Sprinkler,90,Groundnut,Millet,Soybean,High,85,20,74,64310,/content/drive/MyDrive/dataset/CyAUG-Dataset/Alluvial_Soil/101.jpg
Sandy,6.44,38,17,31,65,Drip,91,Millet,Rice,Wheat,Low,107,25,80,37931,/content/drive/MyDrive/dataset/CyAUG-Dataset/Alluvial_Soil/26.jpg
Loamy,6.71,48,20,24,74,Sprinkler,81,Vegetables,Rice,Wheat,High,198,23,45,64389,/content/drive/MyDrive/dataset/CyAUG-Dataset/Alluvial_Soil/11.jpg
Silty,7.13,50,28,40,45,Drip,60,Rice,Soybean,Maize,High,194,35,70,25925,/content/drive/MyDrive/dataset/CyAUG-Dataset/Alluvial_Soil/1.jpg
Silty,6.24,44,21,30,72,Drip,59,Vegetables,Soybean,Millet,Medium,171,22,75,69173,/content/drive/MyDrive/dataset/CyAUG-Dataset/Alluvial_Soil/17.jpg
Silty,6.6,33,33,30,48,Drip,65,Vegetables,Cotton,Vegetables,Low,101,24,67,31863,/content/drive/MyDrive/dataset/CyAUG-Dataset/Alluvial_Soil/18.jpg
Loamy,6.67,45,23,26,62,Sprinkler,52,Soybean,Vegetables,Cotton,Medium,122,30,71,67867,/content/drive/MyDrive/dataset/CyAUG-Dataset/Alluvial_Soil/19.jpg
Loamy,7.04,34,15,48,58,Flood,58,Sugarcane,Maize,Millet,Low,193,25,87,70342,/content/drive/MyDrive/dataset/CyAUG-Dataset/Alluvial_Soil/24.jpg
Sandy,6.13,48,27,43,43,Sprinkler,58,Rice,Sugarcane,Cotton,Medium,123,27,68,44940,/content/drive/MyDrive/dataset/CyAUG-Dataset/Alluvial_Soil/23.jpg
Clay,6.88,53,22,46,67,Drip,80,Millet,Barley,Vegetables,Low,131,27,83,76452,/content/drive/MyDrive/dataset/CyAUG-Dataset/Alluvial_Soil/100.jpg
Clay,6.1,28,17,50,64,Flood,85,Maize,Soybean,Sugarcane,Low,169,27,54,71875,/content/drive/MyDrive/dataset/CyAUG-Dataset/Alluvial_Soil/10.jpg
Silty,6.43,42,33,44,76,Drip,81,Cotton,Wheat,Groundnut,Medium,194,32,55,68938,/content/drive/MyDrive/dataset/CyAUG-Dataset/Alluvial_Soil/25.jpg
Sandy,6.6,33,30,21,67,Flood,80,Millet,Sugarcane,Maize,Medium,108,22,79,50153,/content/drive/MyDrive/dataset/CyAUG-Dataset/Alluvial_Soil/20.jpg
Clay,5.56,40,27,46,38,Sprinkler,73,Groundnut,Maize,Cotton,High,142,25,70,48791,/content/drive/MyDrive/dataset/CyAUG-Dataset/Alluvial_Soil/103.jpg
Clay,5.7,58,39,43,37,Flood,69,Sugarcane,Maize,Cotton,High,103,23,73,58623,/content/drive/MyDrive/dataset/CyAUG-Dataset/Alluvial_Soil/22.jpg
Clay,6.47,41,20,45,57,Drip,52,Millet,Barley,Barley,Low,60,34,85,56729,/content/drive/MyDrive/dataset/CyAUG-Dataset/Alluvial_Soil/200.jpg
Sandy,7.06,57,23,20,75,Sprinkler,90,Groundnut,Millet,Soybean,Low,188,29,86,75432,/content/drive/MyDrive/dataset/CyAUG-Dataset/Alluvial_Soil/21.jpg
Silty,7.26,47,39,39,62,Drip,71,Rice,Cotton,Cotton,High,192,22,54,21178,/content/drive/MyDrive/dataset/CyAUG-Dataset/Alluvial_Soil/105.jpg
Clay,6.28,51,30,33,61,Flood,58,Wheat,Cotton,Millet,Low,152,21,77,40221,/content/drive/MyDrive/dataset/CyAUG-Dataset/Alluvial_Soil/13.jpg
Sandy,7.45,53,17,41,67,Flood,77,Cotton,Groundnut,Groundnut,Medium,150,25,44,44655,/content/drive/MyDrive/dataset/CyAUG-Dataset/Alluvial_Soil/15.jpg
Loamy,5.76,26,20,25,51,Sprinkler,90,Vegetables,Barley,Rice,Low,146,29,88,22647,/content/drive/MyDrive/dataset/CyAUG-Dataset/Alluvial_Soil/14.jpg
Sandy,5.61,39,33,47,48,Flood,93,Soybean,Sugarcane,Groundnut,Low,180,20,65,34034,/content/drive/MyDrive/dataset/CyAUG-Dataset/Alluvial_Soil/a (305).jpeg
Sandy,7.17,26,38,50,49,Drip,91,Cotton,Cotton,Groundnut,Low,142,27,71,31189,/content/drive/MyDrive/dataset/CyAUG-Dataset/Alluvial_Soil/30a.jpg
Sandy,5.87,26,22,31,36,Drip,81,Wheat,Cotton,Wheat,High,154,23,78,50669,/content/drive/MyDrive/dataset/CyAUG-Dataset/Alluvial_Soil/a (604).jpeg
Silty,5.63,24,37,30,62,Flood,95,Barley,Cotton,Rice,Medium,187,31,55,71049,/content/drive/MyDrive/dataset/CyAUG-Dataset/Alluvial_Soil/a (32).jpeg
Silty,6.63,41,21,33,80,Drip,90,Cotton,Rice,Wheat,Medium,134,29,55,70702,/content/drive/MyDrive/dataset/CyAUG-Dataset/Alluvial_Soil/a (8).jpeg
Silty,6.45,32,29,38,74,Drip,89,Soybean,Rice,Barley,Medium,142,24,71,33751,/content/drive/MyDrive/dataset/CyAUG-Dataset/Alluvial_Soil/a (584).jpeg
Clay,6.36,31,15,30,68,Drip,86,Cotton,Vegetables,Wheat,Medium,147,33,90,35699,/content/drive/MyDrive/dataset/CyAUG-Dataset/Alluvial_Soil/a (324).jpeg
Silty,7.44,21,21,46,76,Flood,56,Barley,Soybean,Maize,Low,144,30,46,64917,/content/drive/MyDrive/dataset/CyAUG-Dataset/Alluvial_Soil/a (31).jpeg
Clay,6.56,42,40,26,57,Flood,95,Cotton,Sugarcane,Soybean,High,166,28,46,77291,/content/drive/MyDrive/dataset/CyAUG-Dataset/Alluvial_Soil/a (201).jpeg
Sandy,6.4,48,31,43,72,Flood,84,Vegetables,Maize,Sugarcane,Low,88,27,86,37986,/content/drive/MyDrive/dataset/CyAUG-Dataset/Alluvial_Soil/a (353).jpeg
Loamy,5.91,55,26,46,61,Sprinkler,92,Soybean,Maize,Sugarcane,Medium,132,30,50,31540,/content/drive/MyDrive/dataset/CyAUG-Dataset/Alluvial_Soil/a (435).jpeg
Loamy,7.32,38,33,36,40,Flood,61,Sugarcane,Millet,Wheat,Low,107,20,82,36575,/content/drive/MyDrive/dataset/CyAUG-Dataset/Alluvial_Soil/a (99).jpeg
Sandy,6.76,31,39,20,32,Drip,72,Millet,Wheat,Vegetables,Medium,161,27,60,34089,/content/drive/MyDrive/dataset/CyAUG-Dataset/Alluvial_Soil/a (237).jpeg
Clay,7.21,20,34,36,56,Sprinkler,82,Soybean,Groundnut,Maize,High,143,31,64,60388,/content/drive/MyDrive/dataset/CyAUG-Dataset/Alluvial_Soil/a (18).jpeg
Loamy,6.59,27,39,49,74,Sprinkler,80,Barley,Maize,Millet,High,96,33,66,72840,/content/drive/MyDrive/dataset/CyAUG-Dataset/Alluvial_Soil/a (624).jpeg
Silty,6.83,31,30,39,52,Flood,77,Barley,Cotton,Cotton,Medium,95,34,74,52839,/content/drive/MyDrive/dataset/CyAUG-Dataset/Alluvial_Soil/a (415).jpeg
Silty,7.48,36,29,20,57,Drip,61,Soybean,Cotton,Soybean,High,89,21,75,75455,/content/drive/MyDrive/dataset/CyAUG-Dataset/Alluvial_Soil/a (561).jpeg
Clay,6.46,46,39,34,63,Flood,81,Vegetables,Cotton,Sugarcane,Medium,122,32,82,67179,/content/drive/MyDrive/dataset/CyAUG-Dataset/Alluvial_Soil/a (496).jpeg
Sandy,6.02,58,24,36,69,Sprinkler,86,Groundnut,Sugarcane,Millet,Low,139,26,80,42613,/content/drive/MyDrive/dataset/CyAUG-Dataset/Alluvial_Soil/a (555).jpeg
Sandy,6.52,34,18,36,30,Flood,91,Soybean,Barley,Millet,Low,145,26,46,73531,/content/drive/MyDrive/dataset/CyAUG-Dataset/Alluvial_Soil/a (439).jpeg
Silty,6.46,30,35,24,36,Drip,95,Wheat,Sugarcane,Rice,High,129,22,81,36244,/content/drive/MyDrive/dataset/CyAUG-Dataset/Alluvial_Soil/a (48).jpeg
Clay,7.1,41,30,25,37,Drip,87,Maize,Maize,Groundnut,High,81,24,40,38515,/content/drive/MyDrive/dataset/CyAUG-Dataset/Alluvial_Soil/a (567).jpeg
Sandy,7.32,23,18,34,37,Flood,63,Groundnut,Soybean,Cotton,Low,98,32,61,22266,/content/drive/MyDrive/dataset/CyAUG-Dataset/Alluvial_Soil/a (445).jpeg
Silty,6.26,49,38,45,62,Sprinkler,80,Wheat,Millet,Rice,Medium,78,34,55,75927,/content/drive/MyDrive/dataset/CyAUG-Dataset/Alluvial_Soil/a (531).jpeg
Sandy,5.72,31,22,24,42,Sprinkler,88,Wheat,Rice,Vegetables,High,82,30,74,67270,/content/drive/MyDrive/dataset/CyAUG-Dataset/Alluvial_Soil/a (628).jpeg
Sandy,6.25,47,17,28,50,Drip,56,Cotton,Maize,Vegetables,Low,57,23,56,31330,/content/drive/MyDrive/dataset/CyAUG-Dataset/Alluvial_Soil/a (354).jpeg
Silty,5.81,59,18,26,50,Drip,63,Maize,Millet,Millet,Medium,177,27,71,50846,/content/drive/MyDrive/dataset/CyAUG-Dataset/Alluvial_Soil/a (283).jpeg
Loamy,5.61,20,15,27,52,Flood,64,Millet,Barley,Vegetables,High,166,28,69,50695,/content/drive/MyDrive/dataset/CyAUG-Dataset/Alluvial_Soil/a (550).jpeg
Loamy,6.22,21,36,21,62,Flood,64,Soybean,Cotton,Groundnut,Low,87,31,42,43762,/content/drive/MyDrive/dataset/CyAUG-Dataset/Alluvial_Soil/a (120).jpeg
Silty,7.08,49,36,43,35,Flood,51,Sugarcane,Sugarcane,Maize,Medium,113,28,64,40196,/content/drive/MyDrive/dataset/CyAUG-Dataset/Alluvial_Soil/a (535).jpeg
Sandy,6.13,59,33,36,45,Drip,72,Millet,Rice,Soybean,High,52,27,73,32419,/content/drive/MyDrive/dataset/CyAUG-Dataset/Alluvial_Soil/a (132).jpeg
Sandy,6.47,45,21,31,38,Flood,71,Soybean,Cotton,Groundnut,Low,51,28,49,34770,/content/drive/MyDrive/dataset/CyAUG-Dataset/Alluvial_Soil/a (130).jpeg
Silty,6.04,43,27,25,63,Flood,60,Wheat,Wheat,Barley,Low,99,22,76,35480,/content/drive/MyDrive/dataset/CyAUG-Dataset/Alluvial_Soil/a (488).jpeg
Silty,6.76,45,31,36,61,Drip,94,Groundnut,Millet,Wheat,Medium,166,24,86,20912,/content/drive/MyDrive/dataset/CyAUG-Dataset/Alluvial_Soil/a (245).jpeg
Sandy,6.01,32,19,22,45,Flood,51,Groundnut,Rice,Millet,Medium,161,23,68,27976,/content/drive/MyDrive/dataset/CyAUG-Dataset/Alluvial_Soil/a (182).jpeg
Sandy,6.09,54,40,41,65,Flood,74,Vegetables,Wheat,Sugarcane,High,144,35,47,52313,/content/drive/MyDrive/dataset/CyAUG-Dataset/Alluvial_Soil/a (443).jpeg
Sandy,6.69,29,20,32,53,Drip,84,Sugarcane,Rice,Groundnut,Low,175,32,69,45818,/content/drive/MyDrive/dataset/CyAUG-Dataset/Alluvial_Soil/a (400).jpeg
Silty,7.24,40,33,23,61,Drip,89,Rice,Maize,Barley,High,127,29,44,73975,/content/drive/MyDrive/dataset/CyAUG-Dataset/Alluvial_Soil/a (463).jpeg
Sandy,6.64,29,31,38,37,Flood,52,Barley,Vegetables,Barley,Medium,97,24,53,49723,/content/drive/MyDrive/dataset/CyAUG-Dataset/Alluvial_Soil/a (430).jpeg
Sandy,6.21,59,40,38,51,Drip,82,Wheat,Vegetables,Rice,High,101,29,60,75909,/content/drive/MyDrive/dataset/CyAUG-Dataset/Alluvial_Soil/a (629).jpeg
Clay,7.39,22,23,27,68,Sprinkler,93,Cotton,Cotton,Barley,Low,95,30,52,30202,/content/drive/MyDrive/dataset/CyAUG-Dataset/Alluvial_Soil/a (195).jpeg
Loamy,6.35,44,16,36,58,Sprinkler,80,Vegetables,Millet,Barley,Medium,156,24,75,70999,/content/drive/MyDrive/dataset/CyAUG-Dataset/Alluvial_Soil/a (142).jpeg
Loamy,6.16,40,38,25,66,Flood,78,Rice,Sugarcane,Rice,Medium,118,35,55,26887,/content/drive/MyDrive/dataset/CyAUG-Dataset/Alluvial_Soil/a (144).jpeg
Clay,6.79,55,31,23,68,Sprinkler,89,Vegetables,Barley,Cotton,Medium,147,32,75,36849,/content/drive/MyDrive/dataset/CyAUG-Dataset/Alluvial_Soil/a (41).jpeg
Loamy,6.43,52,22,28,66,Flood,93,Millet,Vegetables,Soybean,Medium,78,20,86,24155,/content/drive/MyDrive/dataset/CyAUG-Dataset/Alluvial_Soil/a (104).jpeg
Silty,5.71,41,18,40,76,Flood,53,Cotton,Wheat,Groundnut,Low,54,33,90,59692,/content/drive/MyDrive/dataset/CyAUG-Dataset/Alluvial_Soil/a (511).jpeg
Sandy,6.12,50,17,37,65,Sprinkler,65,Wheat,Vegetables,Soybean,Low,67,21,81,68025,/content/drive/MyDrive/dataset/CyAUG-Dataset/Alluvial_Soil/a (554).jpeg
Clay,6.25,59,20,35,33,Sprinkler,50,Soybean,Millet,Barley,High,152,35,58,75480,/content/drive/MyDrive/dataset/CyAUG-Dataset/Alluvial_Soil/a (249).jpeg
Sandy,6.48,20,28,22,34,Flood,62,Soybean,Vegetables,Wheat,Low,124,24,41,41135,/content/drive/MyDrive/dataset/CyAUG-Dataset/Alluvial_Soil/a (476).jpeg
Silty,7.45,48,16,37,71,Drip,58,Soybean,Maize,Barley,Medium,180,33,77,76008,/content/drive/MyDrive/dataset/CyAUG-Dataset/Alluvial_Soil/a (30).jpeg
Silty,6.04,46,34,33,43,Sprinkler,74,Vegetables,Wheat,Millet,High,136,34,80,76898,/content/drive/MyDrive/dataset/CyAUG-Dataset/Alluvial_Soil/a (375).jpeg
Clay,6.99,57,24,44,48,Flood,52,Barley,Groundnut,Maize,Low,156,35,75,36351,/content/drive/MyDrive/dataset/CyAUG-Dataset/Alluvial_Soil/a (506).jpeg
Silty,6.93,60,30,35,55,Sprinkler,58,Groundnut,Rice,Vegetables,Medium,156,34,55,25961,/content/drive/MyDrive/dataset/CyAUG-Dataset/Alluvial_Soil/a (622).jpeg
Loamy,5.85,22,19,24,35,Drip,94,Rice,Vegetables,Vegetables,High,177,30,88,32752,/content/drive/MyDrive/dataset/CyAUG-Dataset/Alluvial_Soil/a (35).jpeg
Sandy,6.52,54,19,26,72,Sprinkler,70,Maize,Soybean,Soybean,Medium,90,24,42,52871,/content/drive/MyDrive/dataset/CyAUG-Dataset/Alluvial_Soil/a (259).jpeg
Sandy,6.08,22,24,29,56,Drip,51,Maize,Rice,Barley,Medium,189,33,43,31952,/content/drive/MyDrive/dataset/CyAUG-Dataset/Alluvial_Soil/a (226).jpeg
Clay,6.45,26,21,24,51,Sprinkler,77,Wheat,Groundnut,Millet,High,161,33,51,39528,/content/drive/MyDrive/dataset/CyAUG-Dataset/Alluvial_Soil/a (29).jpeg
Clay,6.1,43,18,40,67,Drip,65,Vegetables,Maize,Cotton,Low,177,27,56,37735,/content/drive/MyDrive/dataset/CyAUG-Dataset/Alluvial_Soil/a (56).jpeg
Clay,6.31,37,39,50,53,Sprinkler,51,Maize,Sugarcane,Wheat,High,154,34,86,43819,/content/drive/MyDrive/dataset/CyAUG-Dataset/Alluvial_Soil/a (239).jpeg
Loamy,6.23,22,20,48,55,Sprinkler,71,Millet,Maize,Soybean,Low,106,21,53,65189,/content/drive/MyDrive/dataset/CyAUG-Dataset/Alluvial_Soil/a (452).jpeg
Silty,6.53,56,30,42,41,Sprinkler,73,Cotton,Soybean,Maize,Low,107,24,56,71765,/content/drive/MyDrive/dataset/CyAUG-Dataset/Alluvial_Soil/a (150).jpeg
Sandy,5.98,45,30,37,75,Drip,75,Wheat,Sugarcane,Cotton,Low,152,27,60,26763,/content/drive/MyDrive/dataset/CyAUG-Dataset/Alluvial_Soil/a (284).jpeg
Silty,6.91,50,30,28,33,Flood,80,Groundnut,Soybean,Millet,High,60,28,52,37949,/content/drive/MyDrive/dataset/CyAUG-Dataset/Alluvial_Soil/a (595).jpeg
Clay,6.5,34,32,32,41,Drip,64,Millet,Sugarcane,Barley,Medium,159,27,62,58588,/content/drive/MyDrive/dataset/CyAUG-Dataset/Alluvial_Soil/a (107).jpeg
Silty,5.54,38,16,26,59,Sprinkler,64,Barley,Vegetables,Barley,Low,101,26,49,61246,/content/drive/MyDrive/dataset/CyAUG-Dataset/Alluvial_Soil/a (630).jpeg
Sandy,6.08,41,25,29,65,Drip,80,Wheat,Soybean,Cotton,Low,189,34,53,49005,/content/drive/MyDrive/dataset/CyAUG-Dataset/Alluvial_Soil/a (151).jpeg
Loamy,7.46,26,26,31,60,Flood,94,Rice,Sugarcane,Barley,High,127,33,58,73296,/content/drive/MyDrive/dataset/CyAUG-Dataset/Alluvial_Soil/a (395).jpeg
Sandy,7.42,45,26,23,52,Sprinkler,83,Cotton,Soybean,Groundnut,Medium,108,25,79,40421,/content/drive/MyDrive/dataset/CyAUG-Dataset/Alluvial_Soil/a (618).jpeg
Sandy,6.75,50,18,26,35,Drip,68,Sugarcane,Groundnut,Wheat,Low,174,25,87,74467,/content/drive/MyDrive/dataset/CyAUG-Dataset/Alluvial_Soil/a (152).jpeg
Loamy,5.89,22,30,47,73,Drip,73,Soybean,Wheat,Soybean,Low,130,24,79,50224,/content/drive/MyDrive/dataset/CyAUG-Dataset/Alluvial_Soil/a (481).jpeg
Loamy,7.26,34,26,37,41,Drip,64,Rice,Barley,Wheat,Medium,197,31,78,42392,/content/drive/MyDrive/dataset/CyAUG-Dataset/Alluvial_Soil/a (424).jpeg
Sandy,6.22,40,16,22,56,Sprinkler,53,Barley,Groundnut,Maize,High,190,22,66,29996,/content/drive/MyDrive/dataset/CyAUG-Dataset/Alluvial_Soil/a (220).jpeg
Clay,5.82,53,15,37,33,Drip,57,Maize,Wheat,Groundnut,High,127,21,77,39461,/content/drive/MyDrive/dataset/CyAUG-Dataset/Alluvial_Soil/a (391).jpeg
Silty,6.31,57,25,50,43,Flood,78,Soybean,Rice,Rice,Medium,64,32,87,46271,/content/drive/MyDrive/dataset/CyAUG-Dataset/Alluvial_Soil/32.jpg
Silty,6.14,49,26,36,71,Sprinkler,83,Maize,Barley,Vegetables,High,114,22,69,46700,/content/drive/MyDrive/dataset/CyAUG-Dataset/Alluvial_Soil/a (572).jpeg
Silty,5.63,46,39,34,73,Drip,87,Maize,Cotton,Cotton,Low,143,30,83,60572,/content/drive/MyDrive/dataset/CyAUG-Dataset/Alluvial_Soil/a (194).jpeg
Loamy,7.13,41,33,41,50,Flood,83,Vegetables,Groundnut,Soybean,Medium,88,32,43,38386,/content/drive/MyDrive/dataset/CyAUG-Dataset/Alluvial_Soil/a (318).jpeg
Clay,6.76,40,37,32,43,Drip,95,Soybean,Wheat,Sugarcane,High,62,28,67,31447,/content/drive/MyDrive/dataset/CyAUG-Dataset/Alluvial_Soil/a (110).jpeg
Silty,5.64,38,32,41,39,Flood,62,Sugarcane,Groundnut,Cotton,Low,169,26,54,76483,/content/drive/MyDrive/dataset/CyAUG-Dataset/Alluvial_Soil/a (65).jpeg
Clay,6.15,56,33,44,80,Drip,72,Sugarcane,Soybean,Wheat,High,198,31,42,55092,/content/drive/MyDrive/dataset/CyAUG-Dataset/Alluvial_Soil/a (358).jpeg
Loamy,6.75,52,27,47,51,Flood,74,Groundnut,Sugarcane,Groundnut,Low,114,28,45,53671,/content/drive/MyDrive/dataset/CyAUG-Dataset/Alluvial_Soil/a (163).jpeg
Loamy,5.58,27,30,45,44,Drip,50,Maize,Wheat,Cotton,High,65,28,71,39817,/content/drive/MyDrive/dataset/CyAUG-Dataset/Alluvial_Soil/a (114).jpeg
Clay,6.56,51,40,26,36,Sprinkler,70,Wheat,Millet,Vegetables,High,103,32,58,56169,/content/drive/MyDrive/dataset/CyAUG-Dataset/Alluvial_Soil/a (126).jpeg
Clay,7.38,46,18,34,34,Flood,93,Soybean,Cotton,Maize,Low,166,35,87,78492,/content/drive/MyDrive/dataset/CyAUG-Dataset/Alluvial_Soil/a (589).jpeg
Clay,6.01,51,40,48,68,Flood,84,Wheat,Maize,Groundnut,High,129,26,56,61166,/content/drive/MyDrive/dataset/CyAUG-Dataset/Alluvial_Soil/a (278).jpeg
Silty,6.26,54,30,40,71,Drip,76,Vegetables,Soybean,Cotton,High,83,29,79,62940,/content/drive/MyDrive/dataset/CyAUG-Dataset/Alluvial_Soil/a (365).jpeg
Loamy,5.93,24,25,35,49,Sprinkler,92,Wheat,Cotton,Cotton,High,167,28,89,65351,/content/drive/MyDrive/dataset/CyAUG-Dataset/Alluvial_Soil/a (403).jpeg
Clay,5.5,34,17,37,55,Flood,63,Groundnut,Maize,Millet,Medium,117,23,43,76641,/content/drive/MyDrive/dataset/CyAUG-Dataset/Alluvial_Soil/a (23).jpeg
Loamy,6.73,34,33,48,74,Flood,87,Groundnut,Groundnut,Wheat,Low,175,22,79,22865,/content/drive/MyDrive/dataset/CyAUG-Dataset/Alluvial_Soil/a (128).jpeg
Loamy,6.87,33,30,29,48,Drip,51,Wheat,Soybean,Sugarcane,High,79,31,55,74598,/content/drive/MyDrive/dataset/CyAUG-Dataset/Alluvial_Soil/a (227).jpeg
Loamy,5.97,37,30,36,47,Sprinkler,62,Millet,Sugarcane,Barley,Medium,184,27,63,57352,/content/drive/MyDrive/dataset/CyAUG-Dataset/Alluvial_Soil/a (173).jpeg
Silty,5.56,24,30,28,70,Drip,58,Millet,Millet,Soybean,Medium,139,23,63,25061,/content/drive/MyDrive/dataset/CyAUG-Dataset/Alluvial_Soil/a (376).jpeg
Sandy,7.09,55,39,50,49,Sprinkler,90,Cotton,Cotton,Cotton,Low,127,34,77,69704,/content/drive/MyDrive/dataset/CyAUG-Dataset/Alluvial_Soil/a (373).jpeg
Silty,6.65,30,34,26,73,Sprinkler,62,Millet,Vegetables,Soybean,Medium,97,22,43,65037,/content/drive/MyDrive/dataset/CyAUG-Dataset/Alluvial_Soil/a (76).jpeg
Loamy,6.31,41,33,28,64,Drip,66,Sugarcane,Groundnut,Rice,Medium,86,27,59,23419,/content/drive/MyDrive/dataset/CyAUG-Dataset/Alluvial_Soil/a (457).jpeg
Silty,7.42,41,35,20,54,Flood,58,Soybean,Groundnut,Barley,High,102,21,87,53121,/content/drive/MyDrive/dataset/CyAUG-Dataset/Alluvial_Soil/a (238).jpeg
Silty,5.98,48,40,41,69,Flood,71,Wheat,Cotton,Sugarcane,Medium,197,35,83,57928,/content/drive/MyDrive/dataset/CyAUG-Dataset/Alluvial_Soil/a (258).jpeg
Silty,6.97,24,32,47,41,Sprinkler,74,Maize,Sugarcane,Millet,High,134,34,63,71128,/content/drive/MyDrive/dataset/CyAUG-Dataset/Alluvial_Soil/a (113).jpeg
Loamy,5.59,36,25,31,68,Drip,59,Wheat,Barley,Groundnut,High,114,21,77,28222,/content/drive/MyDrive/dataset/CyAUG-Dataset/Alluvial_Soil/a (301).jpeg
Clay,6.81,42,26,26,64,Drip,67,Barley,Millet,Barley,High,176,23,55,31490,/content/drive/MyDrive/dataset/CyAUG-Dataset/Alluvial_Soil/a (469).jpeg
Sandy,7.14,59,28,20,38,Sprinkler,66,Soybean,Maize,Soybean,Medium,51,31,69,28428,/content/drive/MyDrive/dataset/CyAUG-Dataset/Alluvial_Soil/a (295).jpeg
Clay,5.58,52,34,31,47,Drip,94,Vegetables,Vegetables,Sugarcane,Low,157,35,83,32572,/content/drive/MyDrive/dataset/CyAUG-Dataset/Alluvial_Soil/42.jpg
Loamy,7.25,26,36,27,36,Sprinkler,80,Vegetables,Sugarcane,Groundnut,Low,103,29,83,26494,/content/drive/MyDrive/dataset/CyAUG-Dataset/Alluvial_Soil/a (20).jpeg
Clay,6.69,26,25,37,69,Sprinkler,81,Soybean,Groundnut,Vegetables,High,103,24,77,51107,/content/drive/MyDrive/dataset/CyAUG-Dataset/Alluvial_Soil/a (75).jpeg
Sandy,5.72,22,37,21,62,Flood,70,Vegetables,Groundnut,Millet,Medium,77,20,71,73943,/content/drive/MyDrive/dataset/CyAUG-Dataset/Alluvial_Soil/a (92).jpeg
Clay,6.92,56,33,39,31,Sprinkler,86,Barley,Millet,Barley,Low,63,30,57,40771,/content/drive/MyDrive/dataset/CyAUG-Dataset/Alluvial_Soil/a (327).jpeg
Loamy,6.67,37,25,21,76,Flood,78,Barley,Wheat,Millet,High,143,32,82,31178,/content/drive/MyDrive/dataset/CyAUG-Dataset/Alluvial_Soil/a (607).jpeg
Silty,6.38,20,34,42,46,Sprinkler,75,Cotton,Soybean,Soybean,Medium,117,25,69,62752,/content/drive/MyDrive/dataset/CyAUG-Dataset/Alluvial_Soil/a (82).jpeg
Silty,5.86,60,30,36,69,Flood,68,Sugarcane,Sugarcane,Millet,Low,95,31,61,35524,/content/drive/MyDrive/dataset/CyAUG-Dataset/Alluvial_Soil/a (115).jpeg
Sandy,5.92,26,35,43,67,Drip,65,Soybean,Cotton,Soybean,High,98,25,42,69283,/content/drive/MyDrive/dataset/CyAUG-Dataset/Alluvial_Soil/a (426).jpeg
Loamy,6.14,32,23,25,76,Drip,76,Groundnut,Soybean,Soybean,Low,190,24,81,47099,/content/drive/MyDrive/dataset/CyAUG-Dataset/Alluvial_Soil/a (347).jpeg
Loamy,5.75,46,23,41,54,Flood,66,Wheat,Maize,Millet,High,143,29,90,79321,/content/drive/MyDrive/dataset/CyAUG-Dataset/Alluvial_Soil/a (62).jpeg
Silty,6.71,53,22,29,35,Sprinkler,65,Vegetables,Barley,Millet,High,119,32,50,71623,/content/drive/MyDrive/dataset/CyAUG-Dataset/Alluvial_Soil/a (404).jpeg
Silty,6.28,55,16,40,73,Drip,90,Rice,Rice,Groundnut,Low,79,32,83,68994,/content/drive/MyDrive/dataset/CyAUG-Dataset/Alluvial_Soil/a (162).jpeg
Silty,7.35,58,28,20,39,Flood,95,Barley,Rice,Soybean,Low,91,22,71,53987,/content/drive/MyDrive/dataset/CyAUG-Dataset/Alluvial_Soil/a (418).jpeg
Silty,6.88,34,32,21,42,Drip,77,Millet,Rice,Barley,Medium,57,34,70,33526,/content/drive/MyDrive/dataset/CyAUG-Dataset/Alluvial_Soil/a (253).jpeg
Sandy,6.18,21,21,33,44,Drip,79,Sugarcane,Wheat,Groundnut,High,50,34,62,69943,/content/drive/MyDrive/dataset/CyAUG-Dataset/Alluvial_Soil/a (606).jpeg
Silty,5.62,28,17,26,32,Sprinkler,88,Barley,Vegetables,Cotton,Low,142,31,88,50593,/content/drive/MyDrive/dataset/CyAUG-Dataset/Alluvial_Soil/a (623).jpeg
Clay,6.12,24,37,41,74,Sprinkler,77,Millet,Groundnut,Wheat,Low,106,26,56,73988,/content/drive/MyDrive/dataset/CyAUG-Dataset/Alluvial_Soil/a (291).jpeg
Loamy,7.33,41,40,35,72,Drip,91,Maize,Barley,Wheat,High,162,20,55,38677,/content/drive/MyDrive/dataset/CyAUG-Dataset/Alluvial_Soil/a (186).jpeg
Sandy,6.45,20,31,41,46,Drip,52,Soybean,Rice,Groundnut,High,199,27,73,48263,/content/drive/MyDrive/dataset/CyAUG-Dataset/Alluvial_Soil/a (78).jpeg
Loamy,6.09,42,23,44,49,Sprinkler,83,Maize,Rice,Soybean,Low,145,22,49,68214,/content/drive/MyDrive/dataset/CyAUG-Dataset/Alluvial_Soil/a (59).jpeg
Silty,5.81,54,16,35,76,Sprinkler,92,Wheat,Maize,Sugarcane,Medium,116,22,80,33415,/content/drive/MyDrive/dataset/CyAUG-Dataset/Alluvial_Soil/a (73).jpeg
Loamy,6.38,36,18,50,33,Sprinkler,92,Maize,Barley,Cotton,Low,89,21,46,65155,/content/drive/MyDrive/dataset/CyAUG-Dataset/Alluvial_Soil/a (79).jpeg
Clay,6.33,29,40,42,62,Flood,83,Groundnut,Rice,Barley,Low,91,35,44,23515,/content/drive/MyDrive/dataset/CyAUG-Dataset/Alluvial_Soil/28b.jpg
Silty,6.0,22,31,48,36,Drip,52,Sugarcane,Sugarcane,Vegetables,Low,175,26,66,66457,/content/drive/MyDrive/dataset/CyAUG-Dataset/Alluvial_Soil/a (64).jpeg
Sandy,6.58,28,17,38,50,Drip,57,Soybean,Rice,Millet,High,75,26,47,33336,/content/drive/MyDrive/dataset/CyAUG-Dataset/Alluvial_Soil/a (38).jpeg
Sandy,6.55,51,34,40,51,Flood,62,Groundnut,Wheat,Vegetables,High,98,35,60,29002,/content/drive/MyDrive/dataset/CyAUG-Dataset/Alluvial_Soil/a (600).jpeg
Sandy,7.2,37,30,33,53,Sprinkler,51,Barley,Cotton,Rice,Low,193,35,58,40592,/content/drive/MyDrive/dataset/CyAUG-Dataset/Alluvial_Soil/a (441).jpeg
Sandy,7.47,32,17,49,44,Sprinkler,86,Cotton,Groundnut,Barley,High,76,31,41,62071,/content/drive/MyDrive/dataset/CyAUG-Dataset/Alluvial_Soil/a (460).jpeg
Clay,6.74,51,21,35,78,Flood,69,Groundnut,Barley,Rice,Low,118,25,41,56943,/content/drive/MyDrive/dataset/CyAUG-Dataset/Alluvial_Soil/a (528).jpeg
Sandy,5.99,28,25,21,78,Flood,95,Cotton,Groundnut,Rice,Medium,180,28,42,48960,/content/drive/MyDrive/dataset/CyAUG-Dataset/Alluvial_Soil/a (434).jpeg
Clay,6.97,58,17,44,77,Flood,73,Groundnut,Barley,Wheat,Medium,64,26,44,33799,/content/drive/MyDrive/dataset/CyAUG-Dataset/Alluvial_Soil/a (398).jpeg
Clay,6.91,46,24,31,51,Flood,52,Groundnut,Groundnut,Rice,Low,94,20,81,59904,/content/drive/MyDrive/dataset/CyAUG-Dataset/Alluvial_Soil/a (40).jpeg
Clay,7.0,26,33,38,48,Drip,78,Groundnut,Rice,Millet,Low,51,20,44,31919,/content/drive/MyDrive/dataset/CyAUG-Dataset/Alluvial_Soil/a (491).jpeg
Sandy,7.17,37,15,30,66,Flood,85,Sugarcane,Cotton,Millet,Medium,172,28,90,75500,/content/drive/MyDrive/dataset/CyAUG-Dataset/Alluvial_Soil/a (262).jpeg
Clay,6.3,41,33,40,70,Drip,62,Sugarcane,Sugarcane,Rice,High,87,25,70,71590,/content/drive/MyDrive/dataset/CyAUG-Dataset/Alluvial_Soil/a (24).jpeg
Clay,5.61,49,15,49,31,Drip,58,Groundnut,Soybean,Rice,Medium,132,31,57,73405,/content/drive/MyDrive/dataset/CyAUG-Dataset/Alluvial_Soil/a (174).jpeg
Sandy,6.23,22,25,29,43,Drip,54,Barley,Groundnut,Maize,Low,158,27,72,67919,/content/drive/MyDrive/dataset/CyAUG-Dataset/Alluvial_Soil/a (427).jpeg
Loamy,6.74,39,36,26,63,Flood,65,Millet,Wheat,Groundnut,Medium,130,23,66,49365,/content/drive/MyDrive/dataset/CyAUG-Dataset/Alluvial_Soil/a (412).jpeg
Loamy,7.01,40,38,24,57,Drip,83,Vegetables,Soybean,Barley,Low,94,35,61,55493,/content/drive/MyDrive/dataset/CyAUG-Dataset/Alluvial_Soil/a (250).jpeg
Sandy,7.14,54,32,38,64,Sprinkler,74,Wheat,Maize,Vegetables,Medium,109,26,55,48614,/content/drive/MyDrive/dataset/CyAUG-Dataset/Alluvial_Soil/a (543).jpeg
Loamy,6.57,57,32,39,58,Drip,81,Groundnut,Groundnut,Rice,High,196,28,84,42292,/content/drive/MyDrive/dataset/CyAUG-Dataset/Alluvial_Soil/a (399).jpeg
Clay,6.61,57,35,46,70,Sprinkler,78,Barley,Cotton,Groundnut,High,124,22,46,44607,/content/drive/MyDrive/dataset/CyAUG-Dataset/Alluvial_Soil/a (143).jpeg
Silty,7.0,38,30,40,52,Drip,72,Groundnut,Soybean,Groundnut,Medium,117,27,52,69087,/content/drive/MyDrive/dataset/CyAUG-Dataset/Alluvial_Soil/a (635).jpeg
Loamy,7.36,34,26,30,61,Flood,76,Maize,Maize,Soybean,Medium,156,29,50,68532,/content/drive/MyDrive/dataset/CyAUG-Dataset/Alluvial_Soil/a (290).jpeg
Silty,6.13,37,25,46,31,Sprinkler,95,Rice,Wheat,Groundnut,Low,96,25,68,72679,/content/drive/MyDrive/dataset/CyAUG-Dataset/Alluvial_Soil/a (328).jpeg
Loamy,5.68,37,25,32,55,Sprinkler,86,Vegetables,Barley,Maize,Medium,119,26,60,57173,/content/drive/MyDrive/dataset/CyAUG-Dataset/Alluvial_Soil/a (58).jpeg
Clay,5.85,20,27,42,37,Sprinkler,84,Sugarcane,Millet,Sugarcane,Medium,102,28,82,48887,/content/drive/MyDrive/dataset/CyAUG-Dataset/Alluvial_Soil/a (386).jpeg
Clay,6.04,37,25,46,72,Drip,81,Millet,Vegetables,Maize,Medium,109,30,54,73393,/content/drive/MyDrive/dataset/CyAUG-Dataset/Alluvial_Soil/a (299).jpeg
Loamy,7.03,35,34,42,70,Drip,64,Soybean,Vegetables,Cotton,High,66,34,40,61524,/content/drive/MyDrive/dataset/CyAUG-Dataset/Alluvial_Soil/a (532).jpeg
Silty,6.49,28,32,49,58,Sprinkler,52,Wheat,Sugarcane,Cotton,Low,143,24,50,77473,/content/drive/MyDrive/dataset/CyAUG-Dataset/Alluvial_Soil/a (449).jpeg
Loamy,7.43,22,25,35,44,Drip,84,Millet,Cotton,Rice,Medium,120,22,53,43514,/content/drive/MyDrive/dataset/CyAUG-Dataset/Alluvial_Soil/a (530).jpeg
Sandy,7.29,58,36,20,73,Drip,82,Groundnut,Barley,Wheat,Medium,136,32,70,60382,/content/drive/MyDrive/dataset/CyAUG-Dataset/Alluvial_Soil/a (200).jpeg
Silty,7.3,29,37,22,74,Drip,65,Groundnut,Sugarcane,Soybean,Low,65,25,71,26380,/content/drive/MyDrive/dataset/CyAUG-Dataset/Alluvial_Soil/a (534).jpeg
Silty,6.87,54,20,28,66,Sprinkler,74,Vegetables,Cotton,Barley,Low,77,29,48,41907,/content/drive/MyDrive/dataset/CyAUG-Dataset/Alluvial_Soil/28a.jpg
Loamy,5.59,27,25,25,57,Flood,81,Rice,Soybean,Millet,High,66,21,53,54907,/content/drive/MyDrive/dataset/CyAUG-Dataset/Alluvial_Soil/a (157).jpeg
Clay,7.25,58,32,38,73,Flood,83,Wheat,Rice,Cotton,High,100,30,70,63555,/content/drive/MyDrive/dataset/CyAUG-Dataset/Alluvial_Soil/a (140).jpeg
Clay,6.04,43,21,20,72,Sprinkler,65,Cotton,Cotton,Soybean,Low,90,22,73,20465,/content/drive/MyDrive/dataset/CyAUG-Dataset/Alluvial_Soil/a (9).jpeg
Sandy,6.44,58,31,43,63,Flood,58,Rice,Wheat,Barley,Low,106,29,47,39764,/content/drive/MyDrive/dataset/CyAUG-Dataset/Alluvial_Soil/a (370).jpeg
Clay,5.54,58,36,24,43,Drip,95,Millet,Vegetables,Barley,High,197,34,47,67997,/content/drive/MyDrive/dataset/CyAUG-Dataset/Alluvial_Soil/a (553).jpeg
Loamy,7.24,23,40,50,53,Flood,56,Sugarcane,Maize,Wheat,Medium,114,33,66,55237,/content/drive/MyDrive/dataset/CyAUG-Dataset/Alluvial_Soil/a (2).jpeg
Silty,6.38,53,29,40,75,Drip,88,Cotton,Barley,Vegetables,Medium,161,23,88,35645,/content/drive/MyDrive/dataset/CyAUG-Dataset/Alluvial_Soil/a (267).jpeg
Silty,5.9,23,20,36,53,Sprinkler,71,Maize,Maize,Rice,Low,184,26,58,65381,/content/drive/MyDrive/dataset/CyAUG-Dataset/Alluvial_Soil/45.jpg
Sandy,6.11,38,37,44,54,Flood,61,Maize,Millet,Millet,Low,118,34,59,58809,/content/drive/MyDrive/dataset/CyAUG-Dataset/Alluvial_Soil/a (420).jpeg
Clay,6.56,29,29,38,64,Drip,52,Cotton,Sugarcane,Maize,Medium,151,34,89,58600,/content/drive/MyDrive/dataset/CyAUG-Dataset/Alluvial_Soil/a (279).jpeg
Sandy,6.95,33,17,38,59,Sprinkler,53,Vegetables,Vegetables,Sugarcane,Medium,132,29,81,26734,/content/drive/MyDrive/dataset/CyAUG-Dataset/Alluvial_Soil/a (193).jpeg
Loamy,6.16,22,32,29,77,Drip,59,Maize,Wheat,Millet,Low,105,20,89,68822,/content/drive/MyDrive/dataset/CyAUG-Dataset/Alluvial_Soil/a (134).jpeg
Loamy,6.12,34,23,34,44,Sprinkler,62,Wheat,Maize,Groundnut,Medium,197,26,53,71283,/content/drive/MyDrive/dataset/CyAUG-Dataset/Alluvial_Soil/a (178).jpeg
Clay,5.86,45,39,37,65,Drip,63,Cotton,Sugarcane,Wheat,Low,178,28,74,37817,/content/drive/MyDrive/dataset/CyAUG-Dataset/Alluvial_Soil/a (364).jpeg
Clay,5.76,33,17,28,68,Drip,95,Maize,Soybean,Vegetables,Low,53,31,73,43961,/content/drive/MyDrive/dataset/CyAUG-Dataset/Alluvial_Soil/a (537).jpeg
Silty,5.57,43,26,28,30,Flood,62,Maize,Barley,Cotton,Medium,178,26,67,64071,/content/drive/MyDrive/dataset/CyAUG-Dataset/Alluvial_Soil/a (360).jpeg
Loamy,7.41,34,16,46,30,Sprinkler,54,Vegetables,Vegetables,Wheat,High,114,24,67,69359,/content/drive/MyDrive/dataset/CyAUG-Dataset/Alluvial_Soil/a (592).jpeg
Sandy,6.44,60,21,20,68,Sprinkler,79,Vegetables,Cotton,Barley,Medium,149,27,65,47079,/content/drive/MyDrive/dataset/CyAUG-Dataset/Alluvial_Soil/a (564).jpeg
Silty,5.66,53,23,45,44,Flood,50,Barley,Cotton,Sugarcane,High,94,22,86,76771,/content/drive/MyDrive/dataset/CyAUG-Dataset/Alluvial_Soil/a (500).jpeg
Sandy,5.9,37,37,20,78,Sprinkler,86,Rice,Soybean,Sugarcane,High,149,22,67,72186,/content/drive/MyDrive/dataset/CyAUG-Dataset/Alluvial_Soil/a (266).jpeg
Sandy,7.0,37,33,37,56,Flood,58,Rice,Wheat,Millet,Low,58,25,77,29746,/content/drive/MyDrive/dataset/CyAUG-Dataset/Alluvial_Soil/45a.jpg
Clay,6.4,49,32,42,42,Sprinkler,57,Groundnut,Cotton,Sugarcane,Medium,98,26,54,24849,/content/drive/MyDrive/dataset/CyAUG-Dataset/Alluvial_Soil/a (180).jpeg
Sandy,6.83,39,37,24,75,Sprinkler,79,Millet,Millet,Wheat,Low,187,29,77,64596,/content/drive/MyDrive/dataset/CyAUG-Dataset/Alluvial_Soil/a (17).jpeg
Clay,6.97,44,39,37,77,Flood,58,Groundnut,Vegetables,Rice,Medium,173,22,45,32252,/content/drive/MyDrive/dataset/CyAUG-Dataset/Alluvial_Soil/a (263).jpeg
Loamy,7.07,35,37,41,77,Drip,65,Groundnut,Barley,Rice,High,99,21,73,55583,/content/drive/MyDrive/dataset/CyAUG-Dataset/Alluvial_Soil/a (352).jpeg
Clay,6.45,54,39,50,35,Drip,81,Sugarcane,Sugarcane,Millet,Medium,94,31,69,57677,/content/drive/MyDrive/dataset/CyAUG-Dataset/Alluvial_Soil/a (396).jpeg
Loamy,6.5,20,16,27,60,Sprinkler,91,Vegetables,Maize,Soybean,High,174,21,48,72482,/content/drive/MyDrive/dataset/CyAUG-Dataset/Alluvial_Soil/a (112).jpeg
Loamy,5.67,22,37,21,76,Sprinkler,89,Millet,Maize,Barley,Low,149,34,46,27035,/content/drive/MyDrive/dataset/CyAUG-Dataset/Alluvial_Soil/a (187).jpeg
Clay,5.98,27,18,26,60,Drip,92,Sugarcane,Barley,Vegetables,Medium,132,21,44,54948,/content/drive/MyDrive/dataset/CyAUG-Dataset/Alluvial_Soil/a (576).jpeg
Silty,7.27,22,20,25,31,Flood,65,Soybean,Millet,Maize,Low,99,34,81,61004,/content/drive/MyDrive/dataset/CyAUG-Dataset/Alluvial_Soil/a (598).jpeg
Silty,6.31,23,20,28,55,Sprinkler,76,Millet,Sugarcane,Rice,Low,65,27,71,36100,/content/drive/MyDrive/dataset/CyAUG-Dataset/Alluvial_Soil/a (170).jpeg
Silty,6.2,50,35,26,61,Flood,78,Cotton,Sugarcane,Millet,Low,82,29,69,70675,/content/drive/MyDrive/dataset/CyAUG-Dataset/Alluvial_Soil/a (312).jpeg
Clay,6.83,41,26,35,72,Drip,87,Rice,Groundnut,Millet,Low,178,32,79,29141,/content/drive/MyDrive/dataset/CyAUG-Dataset/Alluvial_Soil/a (261).jpeg
Loamy,5.63,28,18,38,59,Drip,89,Cotton,Soybean,Cotton,Medium,102,28,41,40960,/content/drive/MyDrive/dataset/CyAUG-Dataset/Alluvial_Soil/a (204).jpeg
Loamy,7.14,60,21,27,42,Sprinkler,73,Millet,Vegetables,Soybean,Low,112,34,80,79466,/content/drive/MyDrive/dataset/CyAUG-Dataset/Alluvial_Soil/a (223).jpeg
Sandy,6.69,45,31,22,53,Sprinkler,73,Maize,Soybean,Rice,Low,112,28,66,41429,/content/drive/MyDrive/dataset/CyAUG-Dataset/Alluvial_Soil/a (612).jpeg
Loamy,6.25,22,16,41,66,Flood,52,Rice,Rice,Cotton,Medium,63,23,74,69234,/content/drive/MyDrive/dataset/CyAUG-Dataset/Alluvial_Soil/a (465).jpeg
Clay,6.97,40,23,33,35,Flood,93,Wheat,Rice,Sugarcane,Medium,99,33,44,67258,/content/drive/MyDrive/dataset/CyAUG-Dataset/Alluvial_Soil/a (361).jpeg
Sandy,6.8,49,26,39,49,Sprinkler,82,Millet,Vegetables,Sugarcane,Low,161,26,65,63281,/content/drive/MyDrive/dataset/CyAUG-Dataset/Alluvial_Soil/a (117).jpeg
Silty,6.63,39,18,46,52,Drip,68,Cotton,Vegetables,Barley,High,140,24,84,75619,/content/drive/MyDrive/dataset/CyAUG-Dataset/Alluvial_Soil/a (254).jpeg
Clay,6.8,45,27,27,78,Drip,76,Groundnut,Millet,Sugarcane,Medium,138,20,51,68193,/content/drive/MyDrive/dataset/CyAUG-Dataset/Alluvial_Soil/a (198).jpeg
Clay,6.47,45,31,40,56,Sprinkler,65,Vegetables,Wheat,Maize,Low,86,31,90,61232,/content/drive/MyDrive/dataset/CyAUG-Dataset/Alluvial_Soil/a (544).jpeg
Loamy,6.95,55,40,34,77,Drip,67,Soybean,Soybean,Wheat,Medium,87,20,88,61978,/content/drive/MyDrive/dataset/CyAUG-Dataset/Alluvial_Soil/a (319).jpeg
Silty,5.63,24,38,32,43,Flood,50,Wheat,Vegetables,Groundnut,High,198,24,83,49701,/content/drive/MyDrive/dataset/CyAUG-Dataset/Alluvial_Soil/a (447).jpeg
Clay,6.18,45,25,49,79,Flood,75,Maize,Vegetables,Barley,Low,133,33,41,33409,/content/drive/MyDrive/dataset/CyAUG-Dataset/Alluvial_Soil/a (320).jpeg
Loamy,7.01,30,22,34,39,Flood,79,Wheat,Maize,Maize,High,195,26,66,58599,/content/drive/MyDrive/dataset/CyAUG-Dataset/Alluvial_Soil/a (43).jpeg
Loamy,6.41,26,33,28,51,Sprinkler,55,Maize,Groundnut,Cotton,Medium,97,26,83,46035,/content/drive/MyDrive/dataset/CyAUG-Dataset/Alluvial_Soil/a (196).jpeg
Sandy,5.94,59,34,47,56,Drip,51,Barley,Vegetables,Maize,Medium,118,26,59,21141,/content/drive/MyDrive/dataset/CyAUG-Dataset/Alluvial_Soil/a (588).jpeg
Loamy,5.83,33,20,45,39,Sprinkler,65,Millet,Cotton,Millet,Low,149,34,81,30645,/content/drive/MyDrive/dataset/CyAUG-Dataset/Alluvial_Soil/a (298).jpeg
Loamy,7.38,21,27,46,57,Drip,75,Barley,Millet,Barley,Low,101,35,86,62891,/content/drive/MyDrive/dataset/CyAUG-Dataset/Alluvial_Soil/a (63).jpeg
Silty,6.04,23,26,28,61,Flood,53,Sugarcane,Soybean,Maize,Low,75,32,78,30245,/content/drive/MyDrive/dataset/CyAUG-Dataset/Alluvial_Soil/a (275).jpeg
Clay,7.02,55,20,44,52,Drip,63,Barley,Cotton,Rice,Low,54,32,90,76568,/content/drive/MyDrive/dataset/CyAUG-Dataset/Alluvial_Soil/a (411).jpeg
Clay,7.3,40,28,37,42,Drip,57,Sugarcane,Barley,Rice,Medium,113,33,61,56696,/content/drive/MyDrive/dataset/CyAUG-Dataset/Alluvial_Soil/a (374).jpeg
Loamy,5.58,29,40,41,57,Sprinkler,83,Barley,Millet,Millet,Low,151,35,83,54428,/content/drive/MyDrive/dataset/CyAUG-Dataset/Alluvial_Soil/a (203).jpeg
Clay,7.06,23,16,45,40,Sprinkler,80,Maize,Rice,Barley,Medium,98,33,73,58307,/content/drive/MyDrive/dataset/CyAUG-Dataset/Alluvial_Soil/a (145).jpeg
Sandy,7.12,46,19,40,63,Flood,83,Wheat,Maize,Barley,Medium,75,26,46,78251,/content/drive/MyDrive/dataset/CyAUG-Dataset/Alluvial_Soil/a (315).jpeg
Sandy,7.03,34,26,50,66,Flood,58,Vegetables,Maize,Maize,Low,176,24,68,75722,/content/drive/MyDrive/dataset/CyAUG-Dataset/Alluvial_Soil/a (4).jpeg
Sandy,7.5,28,16,36,54,Sprinkler,88,Groundnut,Barley,Cotton,Medium,55,26,56,30483,/content/drive/MyDrive/dataset/CyAUG-Dataset/Alluvial_Soil/a (192).jpeg
Loamy,6.32,47,27,31,73,Sprinkler,75,Vegetables,Cotton,Millet,Low,89,22,89,25319,/content/drive/MyDrive/dataset/CyAUG-Dataset/Alluvial_Soil/a (363).jpeg
Clay,7.01,59,37,33,73,Flood,93,Cotton,Soybean,Wheat,Low,71,28,40,46557,/content/drive/MyDrive/dataset/CyAUG-Dataset/Alluvial_Soil/a (90).jpeg
Clay,7.38,46,32,23,39,Flood,79,Maize,Vegetables,Vegetables,Medium,72,24,86,66965,/content/drive/MyDrive/dataset/CyAUG-Dataset/Alluvial_Soil/a (85).jpeg
Silty,6.85,37,25,25,48,Sprinkler,64,Soybean,Vegetables,Rice,High,94,33,60,61808,/content/drive/MyDrive/dataset/CyAUG-Dataset/Alluvial_Soil/a (582).jpeg
Sandy,7.04,59,34,40,57,Sprinkler,72,Groundnut,Millet,Maize,Low,146,22,60,78156,/content/drive/MyDrive/dataset/CyAUG-Dataset/Alluvial_Soil/a (160).jpeg
Silty,7.0,28,24,48,30,Sprinkler,67,Soybean,Rice,Vegetables,Medium,151,32,83,33581,/content/drive/MyDrive/dataset/CyAUG-Dataset/Alluvial_Soil/a (12).jpeg
Silty,6.75,46,31,37,34,Drip,86,Soybean,Wheat,Wheat,High,107,34,85,73804,/content/drive/MyDrive/dataset/CyAUG-Dataset/Alluvial_Soil/a (515).jpeg
Loamy,6.35,56,30,39,42,Drip,89,Cotton,Rice,Wheat,Medium,174,28,52,47824,/content/drive/MyDrive/dataset/CyAUG-Dataset/Alluvial_Soil/a (165).jpeg
Clay,5.59,25,39,37,43,Sprinkler,56,Groundnut,Wheat,Barley,Medium,166,24,40,67569,/content/drive/MyDrive/dataset/CyAUG-Dataset/Alluvial_Soil/a (306).jpeg
Sandy,7.32,31,32,50,63,Sprinkler,88,Barley,Barley,Maize,High,194,23,89,43777,/content/drive/MyDrive/dataset/CyAUG-Dataset/Alluvial_Soil/a (268).jpeg
Sandy,6.37,50,20,44,68,Sprinkler,51,Sugarcane,Vegetables,Sugarcane,Low,149,21,85,71051,/content/drive/MyDrive/dataset/CyAUG-Dataset/Alluvial_Soil/a (355).jpeg
Sandy,6.74,30,37,33,30,Sprinkler,87,Millet,Soybean,Soybean,Low,54,24,89,24473,/content/drive/MyDrive/dataset/CyAUG-Dataset/Alluvial_Soil/a (626).jpeg
Sandy,7.13,57,28,33,47,Drip,80,Millet,Barley,Maize,High,182,28,54,46395,/content/drive/MyDrive/dataset/CyAUG-Dataset/Alluvial_Soil/40.jpg
Loamy,6.07,30,16,45,35,Drip,88,Cotton,Barley,Maize,Low,174,30,83,21171,/content/drive/MyDrive/dataset/CyAUG-Dataset/Alluvial_Soil/a (280).jpeg
Silty,6.07,52,21,32,58,Flood,71,Groundnut,Wheat,Soybean,Low,76,31,56,23550,/content/drive/MyDrive/dataset/CyAUG-Dataset/Alluvial_Soil/a (309).jpeg
Sandy,7.16,31,17,50,73,Flood,63,Groundnut,Wheat,Sugarcane,Low,179,34,50,48233,/content/drive/MyDrive/dataset/CyAUG-Dataset/Alluvial_Soil/8.jpg
Sandy,7.26,24,19,48,39,Drip,50,Maize,Vegetables,Vegetables,Medium,105,34,71,20772,/content/drive/MyDrive/dataset/CyAUG-Dataset/Alluvial_Soil/a (458).jpeg
Sandy,7.1,33,30,25,35,Drip,81,Maize,Wheat,Barley,High,58,25,55,72946,/content/drive/MyDrive/dataset/CyAUG-Dataset/Alluvial_Soil/a (520).jpeg
Sandy,7.38,56,34,25,62,Drip,87,Sugarcane,Millet,Sugarcane,Low,120,29,69,62739,/content/drive/MyDrive/dataset/CyAUG-Dataset/Alluvial_Soil/a (242).jpeg
Clay,6.44,56,22,24,46,Drip,86,Cotton,Vegetables,Sugarcane,High,147,32,79,43266,/content/drive/MyDrive/dataset/CyAUG-Dataset/Alluvial_Soil/a (101).jpeg
Clay,6.37,48,29,24,59,Sprinkler,86,Maize,Sugarcane,Soybean,High,63,29,49,30858,/content/drive/MyDrive/dataset/CyAUG-Dataset/Alluvial_Soil/a (356).jpeg
Loamy,6.05,28,20,29,30,Flood,52,Sugarcane,Sugarcane,Maize,Medium,57,29,70,76842,/content/drive/MyDrive/dataset/CyAUG-Dataset/Alluvial_Soil/a (472).jpeg
Sandy,7.24,25,37,48,80,Flood,66,Groundnut,Millet,Maize,Medium,130,29,43,42347,/content/drive/MyDrive/dataset/CyAUG-Dataset/Alluvial_Soil/a (514).jpeg
Clay,6.56,29,36,28,61,Sprinkler,90,Rice,Cotton,Cotton,Low,52,35,62,56749,/content/drive/MyDrive/dataset/CyAUG-Dataset/Alluvial_Soil/a (333).jpeg
Sandy,5.85,41,19,34,45,Sprinkler,78,Sugarcane,Wheat,Rice,Low,175,27,88,31266,/content/drive/MyDrive/dataset/CyAUG-Dataset/Alluvial_Soil/a (367).jpeg
Loamy,7.02,57,35,44,51,Drip,64,Barley,Barley,Maize,Medium,59,26,87,26833,/content/drive/MyDrive/dataset/CyAUG-Dataset/Alluvial_Soil/a (209).jpeg
Loamy,5.76,22,37,33,63,Drip,94,Soybean,Vegetables,Groundnut,Low,113,23,61,27953,/content/drive/MyDrive/dataset/CyAUG-Dataset/Alluvial_Soil/a (161).jpeg
Clay,6.78,50,37,28,74,Flood,83,Sugarcane,Groundnut,Groundnut,Medium,62,24,76,24723,/content/drive/MyDrive/dataset/CyAUG-Dataset/Alluvial_Soil/a (508).jpeg
Silty,7.25,46,22,21,77,Flood,91,Groundnut,Groundnut,Wheat,Medium,79,24,56,44026,/content/drive/MyDrive/dataset/CyAUG-Dataset/Alluvial_Soil/a (570).jpeg
Sandy,6.2,37,24,38,48,Flood,94,Barley,Wheat,Vegetables,Low,91,33,51,34432,/content/drive/MyDrive/dataset/CyAUG-Dataset/Alluvial_Soil/a (453).jpeg
Loamy,5.81,47,36,44,69,Flood,76,Rice,Groundnut,Vegetables,Low,147,35,51,44204,/content/drive/MyDrive/dataset/CyAUG-Dataset/Alluvial_Soil/a (302).jpeg
Sandy,6.01,44,15,21,52,Drip,95,Barley,Rice,Sugarcane,Low,57,21,74,31733,/content/drive/MyDrive/dataset/CyAUG-Dataset/Alluvial_Soil/a (185).jpeg
Clay,6.17,49,28,31,38,Flood,79,Soybean,Cotton,Vegetables,High,94,32,88,75777,/content/drive/MyDrive/dataset/CyAUG-Dataset/Alluvial_Soil/a (556).jpeg
Loamy,6.3,37,40,37,31,Sprinkler,92,Rice,Vegetables,Soybean,Medium,162,30,70,65316,/content/drive/MyDrive/dataset/CyAUG-Dataset/Alluvial_Soil/a (293).jpeg
Clay,6.59,42,30,34,62,Flood,76,Sugarcane,Sugarcane,Wheat,High,63,34,81,52958,/content/drive/MyDrive/dataset/CyAUG-Dataset/Alluvial_Soil/a (585).jpeg
Sandy,6.32,46,37,42,71,Flood,62,Cotton,Wheat,Sugarcane,Low,200,33,58,28117,/content/drive/MyDrive/dataset/CyAUG-Dataset/Alluvial_Soil/a (523).jpeg
Sandy,6.81,42,17,35,75,Sprinkler,76,Sugarcane,Groundnut,Wheat,Medium,143,34,56,22965,/content/drive/MyDrive/dataset/CyAUG-Dataset/Alluvial_Soil/a (490).jpeg
Silty,5.98,58,26,20,76,Sprinkler,66,Sugarcane,Cotton,Groundnut,Medium,162,21,69,20059,/content/drive/MyDrive/dataset/CyAUG-Dataset/Alluvial_Soil/a (575).jpeg
Sandy,6.97,60,40,30,63,Sprinkler,88,Maize,Soybean,Barley,Medium,88,30,57,43162,/content/drive/MyDrive/dataset/CyAUG-Dataset/Alluvial_Soil/a (19).jpeg
Loamy,6.93,41,36,46,65,Flood,91,Maize,Sugarcane,Groundnut,Low,86,28,49,35126,/content/drive/MyDrive/dataset/CyAUG-Dataset/Alluvial_Soil/a (190).jpeg
Sandy,6.86,53,28,43,58,Drip,68,Sugarcane,Barley,Groundnut,Medium,161,26,88,78966,/content/drive/MyDrive/dataset/CyAUG-Dataset/Alluvial_Soil/a (340).jpeg
Loamy,5.88,41,19,37,51,Flood,94,Sugarcane,Barley,Rice,Medium,76,25,83,44298,/content/drive/MyDrive/dataset/CyAUG-Dataset/Alluvial_Soil/a (617).jpeg
Clay,5.68,51,28,43,37,Sprinkler,54,Vegetables,Sugarcane,Sugarcane,High,134,31,46,43406,/content/drive/MyDrive/dataset/CyAUG-Dataset/Alluvial_Soil/a (417).jpeg
Sandy,6.04,26,40,20,54,Sprinkler,76,Groundnut,Groundnut,Cotton,Medium,171,34,71,42894,/content/drive/MyDrive/dataset/CyAUG-Dataset/Alluvial_Soil/a (388).jpeg
Silty,6.42,59,24,23,55,Flood,54,Wheat,Soybean,Rice,Medium,145,32,85,49830,/content/drive/MyDrive/dataset/CyAUG-Dataset/Alluvial_Soil/a (25).jpeg
Loamy,5.55,46,28,34,34,Flood,53,Millet,Groundnut,Cotton,High,123,26,82,23238,/content/drive/MyDrive/dataset/CyAUG-Dataset/Alluvial_Soil/28.jpg
Sandy,6.24,54,37,50,61,Drip,57,Cotton,Sugarcane,Vegetables,High,99,35,80,70408,/content/drive/MyDrive/dataset/CyAUG-Dataset/Alluvial_Soil/a (26).jpeg
Sandy,7.18,50,39,40,73,Flood,82,Soybean,Cotton,Vegetables,High,147,27,65,73450,/content/drive/MyDrive/dataset/CyAUG-Dataset/Alluvial_Soil/a (509).jpeg
Sandy,6.59,24,35,34,47,Sprinkler,66,Vegetables,Maize,Vegetables,Low,187,33,88,58478,/content/drive/MyDrive/dataset/CyAUG-Dataset/Alluvial_Soil/a (568).jpeg
Silty,6.51,34,33,41,66,Drip,92,Sugarcane,Groundnut,Maize,High,186,35,47,69996,/content/drive/MyDrive/dataset/CyAUG-Dataset/Alluvial_Soil/a (519).jpeg
Silty,6.47,41,27,23,55,Drip,93,Maize,Groundnut,Vegetables,High,70,33,82,24107,/content/drive/MyDrive/dataset/CyAUG-Dataset/Alluvial_Soil/a (414).jpeg
Loamy,5.82,30,16,32,38,Drip,79,Cotton,Sugarcane,Soybean,Low,145,27,54,35076,/content/drive/MyDrive/dataset/CyAUG-Dataset/Alluvial_Soil/a (55).jpeg
Silty,7.12,23,21,50,55,Flood,61,Barley,Soybean,Cotton,Low,173,25,88,24503,/content/drive/MyDrive/dataset/CyAUG-Dataset/Alluvial_Soil/a (232).jpeg
Clay,7.17,32,38,48,67,Drip,86,Cotton,Barley,Vegetables,Low,133,28,61,48703,/content/drive/MyDrive/dataset/CyAUG-Dataset/Alluvial_Soil/a (548).jpeg
Sandy,7.14,59,36,32,43,Flood,51,Wheat,Vegetables,Soybean,Low,166,25,87,52702,/content/drive/MyDrive/dataset/CyAUG-Dataset/Alluvial_Soil/a (208).jpeg
Loamy,6.9,27,20,39,32,Flood,82,Wheat,Wheat,Vegetables,Low,145,26,44,66626,/content/drive/MyDrive/dataset/CyAUG-Dataset/Alluvial_Soil/a (381).jpeg
Clay,7.2,41,39,36,33,Sprinkler,53,Barley,Wheat,Rice,High,103,24,67,59575,/content/drive/MyDrive/dataset/CyAUG-Dataset/Alluvial_Soil/a (147).jpeg
Loamy,6.49,20,25,27,62,Drip,71,Barley,Sugarcane,Soybean,Low,114,24,42,31902,/content/drive/MyDrive/dataset/CyAUG-Dataset/Alluvial_Soil/a (286).jpeg
Clay,6.09,59,32,25,32,Drip,50,Sugarcane,Soybean,Wheat,Medium,139,31,90,22569,/content/drive/MyDrive/dataset/CyAUG-Dataset/Alluvial_Soil/a (560).jpeg
Loamy,5.52,54,15,32,73,Flood,63,Rice,Maize,Barley,High,64,22,77,23011,/content/drive/MyDrive/dataset/CyAUG-Dataset/Alluvial_Soil/a (197).jpeg
Sandy,6.38,60,24,46,35,Sprinkler,90,Wheat,Vegetables,Vegetables,Low,111,35,68,63026,/content/drive/MyDrive/dataset/CyAUG-Dataset/Alluvial_Soil/a (141).jpeg
Clay,5.84,57,37,37,52,Drip,58,Groundnut,Sugarcane,Cotton,High,137,23,49,36556,/content/drive/MyDrive/dataset/CyAUG-Dataset/Alluvial_Soil/a (257).jpeg
Clay,6.76,56,37,43,73,Drip,87,Barley,Rice,Rice,Medium,104,32,64,45318,/content/drive/MyDrive/dataset/CyAUG-Dataset/Alluvial_Soil/a (615).jpeg
Loamy,6.66,20,29,34,37,Sprinkler,91,Groundnut,Wheat,Rice,Low,128,34,63,43790,/content/drive/MyDrive/dataset/CyAUG-Dataset/Alluvial_Soil/a (343).jpeg
Sandy,6.42,30,15,33,37,Flood,68,Soybean,Barley,Soybean,High,158,27,54,58495,/content/drive/MyDrive/dataset/CyAUG-Dataset/Alluvial_Soil/a (438).jpeg
Loamy,5.74,56,28,36,49,Flood,56,Rice,Groundnut,Cotton,Medium,75,32,68,60882,/content/drive/MyDrive/dataset/CyAUG-Dataset/Alluvial_Soil/a (529).jpeg
Loamy,5.53,43,29,37,51,Drip,56,Vegetables,Barley,Cotton,Medium,74,23,78,79486,/content/drive/MyDrive/dataset/CyAUG-Dataset/Alluvial_Soil/a (77).jpeg
Clay,7.23,60,30,32,76,Drip,80,Cotton,Rice,Millet,High,70,31,51,73639,/content/drive/MyDrive/dataset/CyAUG-Dataset/Alluvial_Soil/a (84).jpeg
Silty,6.66,59,26,35,47,Sprinkler,80,Cotton,Barley,Cotton,High,126,30,61,75211,/content/drive/MyDrive/dataset/CyAUG-Dataset/Alluvial_Soil/30.jpg
Silty,6.69,29,30,24,71,Sprinkler,76,Barley,Rice,Millet,Medium,141,25,45,60548,/content/drive/MyDrive/dataset/CyAUG-Dataset/Alluvial_Soil/a (149).jpeg
Sandy,7.4,21,34,38,58,Drip,95,Vegetables,Sugarcane,Groundnut,Low,147,29,69,33096,/content/drive/MyDrive/dataset/CyAUG-Dataset/Alluvial_Soil/a (485).jpeg
Sandy,7.2,42,36,29,73,Sprinkler,66,Barley,Sugarcane,Sugarcane,Medium,145,26,86,64064,/content/drive/MyDrive/dataset/CyAUG-Dataset/Alluvial_Soil/a (378).jpeg
Sandy,7.24,54,39,41,43,Sprinkler,95,Wheat,Sugarcane,Maize,Medium,56,33,56,41300,/content/drive/MyDrive/dataset/CyAUG-Dataset/Alluvial_Soil/a (171).jpeg
Clay,5.84,48,15,23,62,Sprinkler,83,Vegetables,Rice,Maize,Low,50,35,69,29763,/content/drive/MyDrive/dataset/CyAUG-Dataset/Alluvial_Soil/a (28).jpeg
Clay,6.46,45,31,42,48,Flood,57,Groundnut,Soybean,Sugarcane,Medium,136,33,69,78741,/content/drive/MyDrive/dataset/CyAUG-Dataset/Alluvial_Soil/a (6).jpeg
Clay,7.27,40,34,28,40,Flood,53,Soybean,Millet,Sugarcane,Medium,66,29,47,65762,/content/drive/MyDrive/dataset/CyAUG-Dataset/Alluvial_Soil/a (432).jpeg
Silty,6.1,50,15,45,73,Sprinkler,89,Sugarcane,Cotton,Maize,High,90,32,86,23308,/content/drive/MyDrive/dataset/CyAUG-Dataset/Alluvial_Soil/a (133).jpeg
Silty,6.59,39,34,41,75,Sprinkler,84,Sugarcane,Barley,Sugarcane,Medium,76,23,58,46859,/content/drive/MyDrive/dataset/CyAUG-Dataset/Alluvial_Soil/a (406).jpeg
Silty,6.27,50,27,50,71,Sprinkler,93,Rice,Wheat,Sugarcane,Medium,112,29,52,71412,/content/drive/MyDrive/dataset/CyAUG-Dataset/Alluvial_Soil/a (211).jpeg
Loamy,7.43,36,39,33,73,Drip,84,Vegetables,Sugarcane,Millet,High,140,21,57,38904,/content/drive/MyDrive/dataset/CyAUG-Dataset/Alluvial_Soil/a (188).jpeg
Loamy,6.81,52,23,29,45,Sprinkler,74,Cotton,Wheat,Barley,Medium,68,20,48,70909,/content/drive/MyDrive/dataset/CyAUG-Dataset/Alluvial_Soil/a (510).jpeg
Loamy,5.66,40,35,42,57,Sprinkler,89,Soybean,Rice,Soybean,High,177,25,86,21844,/content/drive/MyDrive/dataset/CyAUG-Dataset/Alluvial_Soil/a (336).jpeg
Silty,6.79,40,40,40,44,Sprinkler,94,Rice,Sugarcane,Groundnut,High,157,21,51,42603,/content/drive/MyDrive/dataset/CyAUG-Dataset/Alluvial_Soil/a (323).jpeg
Sandy,7.42,36,27,49,78,Sprinkler,68,Cotton,Cotton,Rice,High,59,29,90,23410,/content/drive/MyDrive/dataset/CyAUG-Dataset/Alluvial_Soil/a (566).jpeg
Sandy,6.57,39,39,45,55,Drip,62,Soybean,Groundnut,Soybean,Low,125,29,85,56039,/content/drive/MyDrive/dataset/CyAUG-Dataset/Alluvial_Soil/a (498).jpeg
Sandy,5.75,48,32,33,75,Sprinkler,62,Sugarcane,Barley,Millet,Medium,159,33,86,33207,/content/drive/MyDrive/dataset/CyAUG-Dataset/Alluvial_Soil/a (423).jpeg
Silty,6.72,43,25,21,37,Sprinkler,81,Cotton,Wheat,Maize,High,132,22,86,27759,/content/drive/MyDrive/dataset/CyAUG-Dataset/Alluvial_Soil/a (454).jpeg
Silty,7.18,54,29,46,64,Drip,85,Groundnut,Sugarcane,Sugarcane,High,66,23,53,29272,/content/drive/MyDrive/dataset/CyAUG-Dataset/Alluvial_Soil/a (45).jpeg
Sandy,6.64,59,15,31,53,Sprinkler,89,Rice,Millet,Rice,Low,115,28,72,35853,/content/drive/MyDrive/dataset/CyAUG-Dataset/Alluvial_Soil/a (533).jpeg
Clay,6.34,46,17,38,41,Sprinkler,67,Millet,Groundnut,Barley,Low,124,31,78,54971,/content/drive/MyDrive/dataset/CyAUG-Dataset/Alluvial_Soil/a (13).jpeg
Clay,5.67,60,30,41,56,Sprinkler,77,Cotton,Barley,Maize,High,64,27,71,71026,/content/drive/MyDrive/dataset/CyAUG-Dataset/Alluvial_Soil/a (68).jpeg
Clay,7.25,54,17,44,80,Sprinkler,66,Maize,Soybean,Millet,High,174,22,56,49169,/content/drive/MyDrive/dataset/CyAUG-Dataset/Alluvial_Soil/a (526).jpeg
Loamy,6.59,46,21,33,57,Drip,75,Groundnut,Maize,Rice,Low,98,30,69,59095,/content/drive/MyDrive/dataset/CyAUG-Dataset/Alluvial_Soil/a (146).jpeg
Clay,6.92,33,19,43,39,Sprinkler,66,Groundnut,Sugarcane,Groundnut,High,111,35,69,32694,/content/drive/MyDrive/dataset/CyAUG-Dataset/Alluvial_Soil/a (444).jpeg
Clay,6.99,41,31,39,64,Flood,63,Soybean,Cotton,Wheat,High,130,32,87,44517,/content/drive/MyDrive/dataset/CyAUG-Dataset/Alluvial_Soil/a (337).jpeg
Silty,6.66,43,36,32,40,Drip,89,Cotton,Cotton,Cotton,Low,127,26,69,54339,/content/drive/MyDrive/dataset/CyAUG-Dataset/Alluvial_Soil/a (251).jpeg
Clay,7.33,39,28,38,65,Drip,60,Vegetables,Vegetables,Cotton,Low,54,22,51,63890,/content/drive/MyDrive/dataset/CyAUG-Dataset/Alluvial_Soil/a (482).jpeg
Sandy,5.89,25,26,45,41,Flood,50,Groundnut,Sugarcane,Groundnut,Medium,67,24,47,73067,/content/drive/MyDrive/dataset/CyAUG-Dataset/Alluvial_Soil/a (199).jpeg
Clay,6.39,59,25,20,56,Flood,88,Groundnut,Rice,Vegetables,High,59,23,78,31778,/content/drive/MyDrive/dataset/CyAUG-Dataset/Alluvial_Soil/a (244).jpeg
Clay,5.98,54,15,35,52,Flood,86,Rice,Vegetables,Sugarcane,Low,86,22,59,43491,/content/drive/MyDrive/dataset/CyAUG-Dataset/Alluvial_Soil/a (179).jpeg
Silty,6.82,23,39,34,41,Sprinkler,89,Soybean,Rice,Rice,Low,190,24,46,60093,/content/drive/MyDrive/dataset/CyAUG-Dataset/Alluvial_Soil/a (342).jpeg
Silty,6.04,46,16,40,61,Sprinkler,65,Cotton,Rice,Barley,Medium,75,20,60,21854,/content/drive/MyDrive/dataset/CyAUG-Dataset/Alluvial_Soil/a (44).jpeg
Loamy,5.73,39,24,33,41,Drip,69,Rice,Groundnut,Soybean,Medium,163,20,71,50324,/content/drive/MyDrive/dataset/CyAUG-Dataset/Alluvial_Soil/a (549).jpeg
Clay,6.77,35,34,39,42,Flood,67,Vegetables,Vegetables,Rice,Medium,148,25,56,74711,/content/drive/MyDrive/dataset/CyAUG-Dataset/Alluvial_Soil/a (285).jpeg
Loamy,6.56,45,32,27,58,Flood,66,Barley,Sugarcane,Wheat,Medium,109,29,71,77307,/content/drive/MyDrive/dataset/CyAUG-Dataset/Alluvial_Soil/a (52).jpeg
Sandy,7.14,28,30,24,47,Drip,82,Groundnut,Vegetables,Vegetables,Low,153,24,42,58592,/content/drive/MyDrive/dataset/CyAUG-Dataset/Alluvial_Soil/a (269).jpeg
Loamy,6.46,40,30,22,65,Sprinkler,88,Cotton,Rice,Millet,Medium,133,34,45,23905,/content/drive/MyDrive/dataset/CyAUG-Dataset/Alluvial_Soil/a (467).jpeg
Silty,6.55,27,31,48,79,Flood,73,Groundnut,Cotton,Cotton,Low,190,30,41,63470,/content/drive/MyDrive/dataset/CyAUG-Dataset/Alluvial_Soil/a (479).jpeg
Silty,5.61,58,33,22,80,Sprinkler,55,Millet,Cotton,Maize,Medium,175,24,81,79037,/content/drive/MyDrive/dataset/CyAUG-Dataset/Alluvial_Soil/a (270).jpeg
Silty,5.6,56,15,31,38,Flood,54,Soybean,Groundnut,Soybean,Medium,73,22,61,61723,/content/drive/MyDrive/dataset/CyAUG-Dataset/Alluvial_Soil/a (222).jpeg
Loamy,6.81,23,19,32,34,Sprinkler,50,Wheat,Maize,Cotton,Low,166,32,47,24961,/content/drive/MyDrive/dataset/CyAUG-Dataset/Alluvial_Soil/a (409).jpeg
Silty,6.01,38,32,24,78,Flood,58,Soybean,Wheat,Cotton,Low,102,27,63,63963,/content/drive/MyDrive/dataset/CyAUG-Dataset/Alluvial_Soil/a (125).jpeg
Clay,5.84,49,33,21,46,Sprinkler,52,Cotton,Sugarcane,Maize,High,122,22,81,78152,/content/drive/MyDrive/dataset/CyAUG-Dataset/Alluvial_Soil/a (331).jpeg
Clay,5.64,26,29,30,51,Flood,76,Cotton,Sugarcane,Millet,Medium,156,34,65,54092,/content/drive/MyDrive/dataset/CyAUG-Dataset/Alluvial_Soil/a (468).jpeg
Clay,6.8,27,24,36,59,Flood,85,Vegetables,Soybean,Cotton,Low,121,20,62,73638,/content/drive/MyDrive/dataset/CyAUG-Dataset/Alluvial_Soil/a (206).jpeg
Sandy,5.94,40,19,25,47,Drip,77,Rice,Rice,Vegetables,Low,143,35,62,63416,/content/drive/MyDrive/dataset/CyAUG-Dataset/Alluvial_Soil/a (466).jpeg
Silty,6.0,25,29,44,31,Drip,82,Barley,Rice,Wheat,Medium,103,27,55,41898,/content/drive/MyDrive/dataset/CyAUG-Dataset/Alluvial_Soil/a (518).jpeg
Sandy,5.86,49,20,35,64,Drip,76,Rice,Millet,Maize,High,85,30,60,26050,/content/drive/MyDrive/dataset/CyAUG-Dataset/Alluvial_Soil/a (221).jpeg
Silty,7.04,36,35,46,35,Sprinkler,72,Wheat,Vegetables,Sugarcane,Low,119,25,90,56410,/content/drive/MyDrive/dataset/CyAUG-Dataset/Alluvial_Soil/a (100).jpeg
Clay,5.97,56,15,36,64,Drip,88,Barley,Cotton,Sugarcane,Low,95,31,80,59074,/content/drive/MyDrive/dataset/CyAUG-Dataset/Alluvial_Soil/a (631).jpeg
Loamy,7.23,27,22,44,49,Drip,81,Millet,Barley,Maize,Medium,178,23,80,66636,/content/drive/MyDrive/dataset/CyAUG-Dataset/Alluvial_Soil/a (501).jpeg
Sandy,7.31,52,23,44,56,Sprinkler,83,Groundnut,Soybean,Sugarcane,Low,69,26,49,29820,/content/drive/MyDrive/dataset/CyAUG-Dataset/Alluvial_Soil/a (402).jpeg
Sandy,6.75,42,16,29,58,Sprinkler,88,Sugarcane,Wheat,Wheat,Low,169,23,72,46529,/content/drive/MyDrive/dataset/CyAUG-Dataset/Alluvial_Soil/a (610).jpeg
Clay,6.57,21,17,30,30,Flood,71,Cotton,Barley,Vegetables,Medium,191,26,40,71868,/content/drive/MyDrive/dataset/CyAUG-Dataset/Alluvial_Soil/a (164).jpeg
Silty,6.66,55,33,38,34,Flood,75,Rice,Wheat,Wheat,Low,78,25,90,23165,/content/drive/MyDrive/dataset/CyAUG-Dataset/Alluvial_Soil/a (183).jpeg
Loamy,6.66,49,21,22,30,Flood,87,Vegetables,Sugarcane,Barley,High,188,21,65,55641,/content/drive/MyDrive/dataset/CyAUG-Dataset/Alluvial_Soil/a (88).jpeg
Clay,5.91,47,32,20,46,Flood,72,Wheat,Sugarcane,Wheat,Low,128,35,75,24637,/content/drive/MyDrive/dataset/CyAUG-Dataset/Alluvial_Soil/a (106).jpeg
Sandy,7.47,23,18,31,55,Drip,51,Barley,Barley,Sugarcane,High,179,34,45,57793,/content/drive/MyDrive/dataset/CyAUG-Dataset/Alluvial_Soil/a (525).jpeg
Silty,6.73,45,16,41,42,Flood,63,Vegetables,Maize,Groundnut,Low,139,30,54,42186,/content/drive/MyDrive/dataset/CyAUG-Dataset/Alluvial_Soil/a (497).jpeg
Sandy,6.63,26,19,37,35,Flood,62,Sugarcane,Wheat,Maize,High,116,21,86,52065,/content/drive/MyDrive/dataset/CyAUG-Dataset/Alluvial_Soil/a (625).jpeg
Silty,6.26,44,32,21,61,Sprinkler,70,Maize,Rice,Vegetables,High,101,23,48,62351,/content/drive/MyDrive/dataset/CyAUG-Dataset/Alluvial_Soil/a (505).jpeg
Sandy,5.54,25,33,47,38,Drip,62,Rice,Barley,Groundnut,High,89,20,53,77685,/content/drive/MyDrive/dataset/CyAUG-Dataset/Alluvial_Soil/a (562).jpeg
Sandy,5.69,24,35,26,37,Drip,55,Groundnut,Cotton,Barley,High,166,25,79,62126,/content/drive/MyDrive/dataset/CyAUG-Dataset/Alluvial_Soil/a (243).jpeg
Sandy,6.43,22,37,42,53,Sprinkler,95,Sugarcane,Cotton,Millet,High,72,28,51,33930,/content/drive/MyDrive/dataset/CyAUG-Dataset/Alluvial_Soil/a (94).jpeg
Clay,5.62,20,16,43,62,Sprinkler,76,Groundnut,Cotton,Groundnut,Low,131,30,73,22970,/content/drive/MyDrive/dataset/CyAUG-Dataset/Alluvial_Soil/a (450).jpeg
Silty,7.14,22,30,48,40,Drip,86,Rice,Vegetables,Rice,High,144,30,83,52214,/content/drive/MyDrive/dataset/CyAUG-Dataset/Alluvial_Soil/a (234).jpeg
Clay,7.02,41,40,41,39,Sprinkler,61,Maize,Sugarcane,Millet,Low,186,29,82,32437,/content/drive/MyDrive/dataset/CyAUG-Dataset/Alluvial_Soil/a (359).jpeg
Sandy,7.46,50,38,21,65,Drip,77,Cotton,Cotton,Maize,Medium,50,22,51,28366,/content/drive/MyDrive/dataset/CyAUG-Dataset/Alluvial_Soil/a (601).jpeg
Silty,6.48,49,18,23,43,Sprinkler,93,Rice,Rice,Maize,High,76,31,78,56696,/content/drive/MyDrive/dataset/CyAUG-Dataset/Alluvial_Soil/a (335).jpeg
Clay,5.57,25,28,33,36,Drip,83,Millet,Rice,Vegetables,Low,140,27,72,75536,/content/drive/MyDrive/dataset/CyAUG-Dataset/Alluvial_Soil/a (158).jpeg
Loamy,7.42,45,31,39,31,Flood,85,Millet,Soybean,Vegetables,Medium,56,21,60,42370,/content/drive/MyDrive/dataset/CyAUG-Dataset/Alluvial_Soil/a (247).jpeg
Loamy,7.05,39,25,24,53,Flood,80,Soybean,Rice,Soybean,Medium,106,26,40,48207,/content/drive/MyDrive/dataset/CyAUG-Dataset/Alluvial_Soil/a (172).jpeg
Loamy,6.93,58,26,29,53,Sprinkler,76,Maize,Rice,Vegetables,Low,131,34,41,60140,/content/drive/MyDrive/dataset/CyAUG-Dataset/Alluvial_Soil/a (83).jpeg
Sandy,6.62,53,21,44,59,Flood,52,Wheat,Vegetables,Rice,High,96,32,90,73962,/content/drive/MyDrive/dataset/CyAUG-Dataset/Alluvial_Soil/a (256).jpeg
Clay,6.73,39,36,42,52,Drip,79,Sugarcane,Barley,Rice,Low,164,33,52,61157,/content/drive/MyDrive/dataset/CyAUG-Dataset/Alluvial_Soil/a (15).jpeg
Silty,6.22,53,32,45,51,Sprinkler,93,Cotton,Barley,Rice,Low,82,20,50,23784,/content/drive/MyDrive/dataset/CyAUG-Dataset/Alluvial_Soil/a (384).jpeg
Sandy,6.0,41,24,22,42,Flood,50,Maize,Wheat,Groundnut,Low,103,23,78,56197,/content/drive/MyDrive/dataset/CyAUG-Dataset/Alluvial_Soil/a (429).jpeg
Loamy,6.65,37,24,43,68,Flood,54,Maize,Vegetables,Cotton,Low,86,30,57,58418,/content/drive/MyDrive/dataset/CyAUG-Dataset/Alluvial_Soil/a (51).jpeg
Clay,6.16,32,38,32,64,Drip,54,Barley,Groundnut,Vegetables,High,86,35,69,65798,/content/drive/MyDrive/dataset/CyAUG-Dataset/Alluvial_Soil/a (593).jpeg
Silty,7.14,55,19,49,79,Sprinkler,86,Barley,Sugarcane,Sugarcane,Medium,177,35,78,23174,/content/drive/MyDrive/dataset/CyAUG-Dataset/Alluvial_Soil/a (303).jpeg
Silty,6.66,49,33,44,57,Sprinkler,76,Wheat,Rice,Groundnut,Medium,83,27,80,74097,/content/drive/MyDrive/dataset/CyAUG-Dataset/Alluvial_Soil/a (177).jpeg
Sandy,7.15,42,34,47,68,Sprinkler,85,Groundnut,Rice,Barley,Medium,102,35,70,68073,/content/drive/MyDrive/dataset/CyAUG-Dataset/Alluvial_Soil/a (475).jpeg
Sandy,6.67,23,39,31,74,Flood,82,Millet,Groundnut,Wheat,Low,71,35,89,39503,/content/drive/MyDrive/dataset/CyAUG-Dataset/Alluvial_Soil/a (236).jpeg
Silty,5.99,28,17,31,70,Sprinkler,75,Groundnut,Soybean,Barley,High,195,29,82,64199,/content/drive/MyDrive/dataset/CyAUG-Dataset/Alluvial_Soil/a (69).jpeg
Loamy,7.34,49,38,34,76,Sprinkler,60,Maize,Barley,Vegetables,High,191,32,45,30851,/content/drive/MyDrive/dataset/CyAUG-Dataset/Alluvial_Soil/a (451).jpeg
Clay,6.51,37,23,27,36,Flood,67,Millet,Wheat,Sugarcane,Medium,57,35,71,57781,/content/drive/MyDrive/dataset/CyAUG-Dataset/Alluvial_Soil/a (464).jpeg
Silty,6.35,28,24,26,52,Flood,86,Wheat,Barley,Rice,Low,119,28,40,58221,/content/drive/MyDrive/dataset/CyAUG-Dataset/Alluvial_Soil/a (129).jpeg
Clay,5.66,46,16,21,31,Sprinkler,94,Wheat,Cotton,Rice,High,65,26,86,35164,/content/drive/MyDrive/dataset/CyAUG-Dataset/Alluvial_Soil/a (159).jpeg
Silty,6.35,54,27,34,64,Drip,77,Barley,Groundnut,Millet,High,60,28,45,63951,/content/drive/MyDrive/dataset/CyAUG-Dataset/Alluvial_Soil/a (121).jpeg
Clay,6.75,57,34,35,64,Sprinkler,76,Cotton,Sugarcane,Maize,Low,191,28,89,31278,/content/drive/MyDrive/dataset/CyAUG-Dataset/Alluvial_Soil/a (571).jpeg
Loamy,7.21,52,30,44,58,Sprinkler,89,Sugarcane,Rice,Maize,Low,66,21,53,47974,/content/drive/MyDrive/dataset/CyAUG-Dataset/Alluvial_Soil/a (480).jpeg
Clay,6.04,21,37,39,71,Flood,61,Wheat,Barley,Barley,High,105,21,76,70277,/content/drive/MyDrive/dataset/CyAUG-Dataset/Alluvial_Soil/a (368).jpeg
Loamy,6.39,37,17,40,35,Drip,93,Barley,Wheat,Groundnut,High,122,30,86,78275,/content/drive/MyDrive/dataset/CyAUG-Dataset/Alluvial_Soil/a (473).jpeg
Sandy,7.25,24,30,25,72,Drip,66,Soybean,Maize,Soybean,High,56,23,53,39143,/content/drive/MyDrive/dataset/CyAUG-Dataset/Alluvial_Soil/a (594).jpeg
Clay,6.47,24,16,49,66,Drip,90,Rice,Maize,Maize,Low,126,31,64,71077,/content/drive/MyDrive/dataset/CyAUG-Dataset/Alluvial_Soil/a (385).jpeg
Silty,7.47,53,39,32,41,Sprinkler,56,Soybean,Vegetables,Groundnut,Medium,108,31,47,26138,/content/drive/MyDrive/dataset/CyAUG-Dataset/Alluvial_Soil/a (46).jpeg
Clay,7.39,28,37,48,75,Flood,58,Millet,Vegetables,Rice,Medium,192,29,41,36011,/content/drive/MyDrive/dataset/CyAUG-Dataset/Alluvial_Soil/a (641).jpeg
Sandy,6.39,53,21,46,80,Drip,92,Sugarcane,Wheat,Rice,Medium,113,26,59,45623,/content/drive/MyDrive/dataset/CyAUG-Dataset/Alluvial_Soil/a (433).jpeg
Loamy,6.64,24,37,28,61,Drip,76,Rice,Wheat,Soybean,Medium,125,30,59,56210,/content/drive/MyDrive/dataset/CyAUG-Dataset/Alluvial_Soil/a (348).jpeg
Sandy,7.13,53,16,38,51,Flood,80,Wheat,Soybean,Groundnut,Low,128,33,77,37131,/content/drive/MyDrive/dataset/CyAUG-Dataset/Alluvial_Soil/a (313).jpeg
Sandy,6.41,20,36,44,47,Sprinkler,65,Millet,Cotton,Cotton,High,130,23,51,35464,/content/drive/MyDrive/dataset/CyAUG-Dataset/Alluvial_Soil/a (21).jpeg
Clay,7.42,55,31,44,49,Drip,83,Groundnut,Cotton,Vegetables,Medium,167,21,42,25136,/content/drive/MyDrive/dataset/CyAUG-Dataset/Alluvial_Soil/a (362).jpeg
Silty,6.72,21,15,26,78,Flood,92,Groundnut,Barley,Millet,Low,143,34,70,62053,/content/drive/MyDrive/dataset/CyAUG-Dataset/Alluvial_Soil/a (282).jpeg
Sandy,6.86,52,28,43,56,Flood,78,Vegetables,Barley,Soybean,Medium,154,26,83,39334,/content/drive/MyDrive/dataset/CyAUG-Dataset/Alluvial_Soil/a (341).jpeg
Clay,6.13,26,32,24,37,Sprinkler,76,Groundnut,Cotton,Soybean,Low,177,30,67,32257,/content/drive/MyDrive/dataset/CyAUG-Dataset/Alluvial_Soil/a (573).jpeg
Loamy,6.29,31,31,50,49,Sprinkler,79,Cotton,Groundnut,Barley,Low,100,29,46,68409,/content/drive/MyDrive/dataset/CyAUG-Dataset/Alluvial_Soil/a (148).jpeg
Loamy,5.87,59,20,32,62,Drip,66,Sugarcane,Vegetables,Vegetables,Low,112,21,51,54076,/content/drive/MyDrive/dataset/CyAUG-Dataset/Alluvial_Soil/a (138).jpeg
Sandy,6.11,26,39,37,71,Sprinkler,81,Wheat,Barley,Wheat,High,150,32,89,38576,/content/drive/MyDrive/dataset/CyAUG-Dataset/Alluvial_Soil/a (471).jpeg
Loamy,6.25,57,15,41,38,Flood,68,Cotton,Vegetables,Wheat,High,136,34,83,59684,/content/drive/MyDrive/dataset/CyAUG-Dataset/Alluvial_Soil/a (181).jpeg
Clay,7.17,32,16,37,39,Flood,75,Groundnut,Vegetables,Groundnut,Medium,131,28,62,76955,/content/drive/MyDrive/dataset/CyAUG-Dataset/Alluvial_Soil/a (416).jpeg
Silty,6.44,40,35,20,79,Flood,93,Barley,Cotton,Wheat,Medium,196,26,54,51587,/content/drive/MyDrive/dataset/CyAUG-Dataset/Alluvial_Soil/a (599).jpeg
Sandy,6.53,33,27,44,67,Flood,63,Sugarcane,Millet,Barley,Medium,119,30,74,36139,/content/drive/MyDrive/dataset/CyAUG-Dataset/Alluvial_Soil/a (559).jpeg
Sandy,6.64,40,30,41,74,Sprinkler,89,Groundnut,Vegetables,Sugarcane,Medium,106,30,77,29987,/content/drive/MyDrive/dataset/CyAUG-Dataset/Alluvial_Soil/a (70).jpeg
Clay,5.8,53,25,40,66,Sprinkler,82,Soybean,Barley,Maize,High,134,21,51,79481,/content/drive/MyDrive/dataset/CyAUG-Dataset/Alluvial_Soil/a (137).jpeg
Sandy,6.41,42,25,30,54,Sprinkler,88,Sugarcane,Maize,Vegetables,Medium,80,34,52,74820,/content/drive/MyDrive/dataset/CyAUG-Dataset/Alluvial_Soil/a (105).jpeg
Sandy,6.45,24,28,22,51,Drip,94,Cotton,Soybean,Sugarcane,High,67,35,75,64043,/content/drive/MyDrive/dataset/CyAUG-Dataset/Alluvial_Soil/a (123).jpeg
Sandy,6.55,50,20,36,30,Flood,62,Wheat,Rice,Soybean,Medium,182,25,71,78933,/content/drive/MyDrive/dataset/CyAUG-Dataset/Alluvial_Soil/a (541).jpeg
Clay,7.48,33,38,34,38,Sprinkler,56,Soybean,Rice,Soybean,Low,121,34,85,43864,/content/drive/MyDrive/dataset/CyAUG-Dataset/Alluvial_Soil/a (153).jpeg
Clay,6.22,32,39,24,47,Flood,73,Rice,Rice,Millet,High,163,27,65,50357,/content/drive/MyDrive/dataset/CyAUG-Dataset/Alluvial_Soil/a (122).jpeg
Clay,6.95,50,26,24,41,Sprinkler,77,Groundnut,Maize,Cotton,Medium,176,27,68,55556,/content/drive/MyDrive/dataset/CyAUG-Dataset/Alluvial_Soil/a (225).jpeg
Loamy,5.75,24,30,47,79,Flood,59,Vegetables,Wheat,Millet,Medium,141,22,65,24884,/content/drive/MyDrive/dataset/CyAUG-Dataset/Alluvial_Soil/a (102).jpeg
Silty,5.61,42,16,39,63,Flood,61,Vegetables,Millet,Groundnut,Low,66,20,61,24907,/content/drive/MyDrive/dataset/CyAUG-Dataset/Alluvial_Soil/a (372).jpeg
Silty,5.6,60,29,31,77,Flood,83,Vegetables,Vegetables,Rice,Medium,104,21,58,42182,/content/drive/MyDrive/dataset/CyAUG-Dataset/Alluvial_Soil/a (74).jpeg
Loamy,7.19,40,21,33,64,Drip,72,Barley,Wheat,Groundnut,High,195,20,47,39472,/content/drive/MyDrive/dataset/CyAUG-Dataset/Alluvial_Soil/a (255).jpeg
Silty,6.28,54,24,33,39,Drip,81,Millet,Sugarcane,Groundnut,Low,177,25,41,20570,/content/drive/MyDrive/dataset/CyAUG-Dataset/Alluvial_Soil/a (86).jpeg
Loamy,7.31,41,28,26,79,Sprinkler,92,Maize,Rice,Cotton,Medium,132,34,53,75766,/content/drive/MyDrive/dataset/CyAUG-Dataset/Alluvial_Soil/a (605).jpeg
Silty,7.29,46,32,48,46,Drip,92,Groundnut,Barley,Millet,Medium,53,21,69,20622,/content/drive/MyDrive/dataset/CyAUG-Dataset/Alluvial_Soil/a (371).jpeg
Sandy,6.52,24,22,40,38,Sprinkler,55,Wheat,Groundnut,Millet,High,193,32,75,46691,/content/drive/MyDrive/dataset/CyAUG-Dataset/Alluvial_Soil/a (436).jpeg
Sandy,6.35,48,16,45,34,Flood,72,Groundnut,Vegetables,Vegetables,Medium,115,21,51,52475,/content/drive/MyDrive/dataset/CyAUG-Dataset/Alluvial_Soil/a (67).jpeg
Silty,6.78,47,33,31,61,Drip,93,Soybean,Vegetables,Cotton,Low,135,28,64,48169,/content/drive/MyDrive/dataset/CyAUG-Dataset/Alluvial_Soil/a (228).jpeg
Clay,6.55,42,23,46,77,Sprinkler,67,Sugarcane,Sugarcane,Sugarcane,Medium,149,22,67,26604,/content/drive/MyDrive/dataset/CyAUG-Dataset/Alluvial_Soil/a (139).jpeg
Silty,6.4,55,19,29,65,Drip,55,Soybean,Sugarcane,Cotton,Low,74,31,81,34339,/content/drive/MyDrive/dataset/CyAUG-Dataset/Alluvial_Soil/a (14).jpeg
Silty,5.89,48,31,49,68,Flood,93,Vegetables,Sugarcane,Barley,Low,131,20,74,53016,/content/drive/MyDrive/dataset/CyAUG-Dataset/Alluvial_Soil/a (66).jpeg
Loamy,7.16,42,29,39,56,Drip,81,Cotton,Barley,Millet,Medium,88,23,40,66164,/content/drive/MyDrive/dataset/CyAUG-Dataset/Alluvial_Soil/a (124).jpeg
Sandy,6.23,47,34,45,32,Sprinkler,69,Groundnut,Sugarcane,Vegetables,High,136,22,50,78383,/content/drive/MyDrive/dataset/CyAUG-Dataset/Alluvial_Soil/a (380).jpeg
Clay,7.33,55,19,42,74,Sprinkler,90,Wheat,Maize,Barley,High,168,34,52,29313,/content/drive/MyDrive/dataset/CyAUG-Dataset/Alluvial_Soil/27.jpg
Clay,6.13,33,34,49,61,Drip,72,Maize,Rice,Vegetables,High,137,27,51,71413,/content/drive/MyDrive/dataset/CyAUG-Dataset/Alluvial_Soil/a (49).jpeg
Clay,6.39,21,28,38,66,Sprinkler,82,Cotton,Barley,Millet,Medium,130,28,54,77149,/content/drive/MyDrive/dataset/CyAUG-Dataset/Alluvial_Soil/a (474).jpeg
Clay,6.18,56,25,31,63,Flood,58,Cotton,Cotton,Millet,Low,113,23,77,26291,/content/drive/MyDrive/dataset/CyAUG-Dataset/Alluvial_Soil/a (207).jpeg
Silty,7.44,47,22,48,42,Flood,88,Groundnut,Maize,Sugarcane,High,139,24,51,70962,/content/drive/MyDrive/dataset/CyAUG-Dataset/Alluvial_Soil/a (609).jpeg
Clay,6.9,46,19,33,46,Flood,67,Wheat,Millet,Wheat,High,196,32,79,40073,/content/drive/MyDrive/dataset/CyAUG-Dataset/Alluvial_Soil/a (53).jpeg
Silty,6.2,24,37,20,64,Drip,81,Sugarcane,Cotton,Rice,Low,123,23,51,35202,/content/drive/MyDrive/dataset/CyAUG-Dataset/Alluvial_Soil/a (405).jpeg
Clay,6.28,29,26,20,52,Sprinkler,86,Maize,Maize,Groundnut,Medium,98,28,51,48590,/content/drive/MyDrive/dataset/CyAUG-Dataset/Alluvial_Soil/a (219).jpeg
Sandy,6.82,26,38,38,33,Drip,82,Cotton,Cotton,Millet,Medium,164,20,75,58096,/content/drive/MyDrive/dataset/CyAUG-Dataset/Alluvial_Soil/a (477).jpeg
Loamy,6.36,23,36,24,72,Drip,50,Groundnut,Cotton,Rice,Low,92,30,53,25045,/content/drive/MyDrive/dataset/CyAUG-Dataset/Alluvial_Soil/a (569).jpeg
Sandy,7.16,25,18,40,70,Sprinkler,63,Sugarcane,Cotton,Millet,High,134,24,76,73554,/content/drive/MyDrive/dataset/CyAUG-Dataset/Alluvial_Soil/a (111).jpeg
Silty,5.93,58,28,26,49,Sprinkler,84,Vegetables,Cotton,Soybean,Medium,156,21,72,20695,/content/drive/MyDrive/dataset/CyAUG-Dataset/Alluvial_Soil/37.jpg
Sandy,6.03,44,33,50,42,Drip,79,Maize,Cotton,Millet,Medium,190,28,82,20691,/content/drive/MyDrive/dataset/CyAUG-Dataset/Alluvial_Soil/a (351).jpeg
Silty,6.58,44,37,50,73,Flood,75,Wheat,Barley,Vegetables,High,94,25,56,60904,/content/drive/MyDrive/dataset/CyAUG-Dataset/Alluvial_Soil/a (292).jpeg
Sandy,5.83,36,36,33,55,Flood,90,Wheat,Soybean,Sugarcane,Medium,77,21,80,53301,/content/drive/MyDrive/dataset/CyAUG-Dataset/Alluvial_Soil/a (379).jpeg
Silty,7.26,29,18,48,41,Sprinkler,53,Soybean,Groundnut,Maize,Low,53,34,58,40637,/content/drive/MyDrive/dataset/CyAUG-Dataset/Alluvial_Soil/a (627).jpeg
Sandy,7.25,56,18,47,38,Flood,55,Groundnut,Soybean,Millet,Medium,80,28,42,77269,/content/drive/MyDrive/dataset/CyAUG-Dataset/Alluvial_Soil/a (540).jpeg
Loamy,6.87,56,27,37,74,Drip,55,Vegetables,Wheat,Cotton,Low,186,28,62,35857,/content/drive/MyDrive/dataset/CyAUG-Dataset/Alluvial_Soil/a (16).jpeg
Sandy,6.34,51,18,33,68,Flood,73,Soybean,Barley,Groundnut,Low,120,34,72,46177,/content/drive/MyDrive/dataset/CyAUG-Dataset/Alluvial_Soil/a (478).jpeg
Silty,6.55,55,23,31,30,Drip,70,Vegetables,Millet,Maize,Medium,131,28,55,72967,/content/drive/MyDrive/dataset/CyAUG-Dataset/Alluvial_Soil/a (495).jpeg
Clay,5.63,60,38,33,35,Sprinkler,78,Rice,Millet,Cotton,Medium,138,34,79,59928,/content/drive/MyDrive/dataset/CyAUG-Dataset/Alluvial_Soil/a (277).jpeg
Silty,7.27,32,37,37,52,Drip,87,Millet,Cotton,Cotton,Low,109,22,65,66191,/content/drive/MyDrive/dataset/CyAUG-Dataset/Alluvial_Soil/a (325).jpeg
Sandy,6.25,55,15,42,34,Drip,84,Barley,Wheat,Millet,Low,101,32,49,22782,/content/drive/MyDrive/dataset/CyAUG-Dataset/Alluvial_Soil/a (545).jpeg
Silty,6.08,28,36,50,45,Flood,61,Barley,Maize,Maize,High,58,30,60,29099,/content/drive/MyDrive/dataset/CyAUG-Dataset/Alluvial_Soil/a (558).jpeg
Sandy,6.38,39,32,22,60,Sprinkler,59,Rice,Vegetables,Soybean,Medium,114,20,62,56068,/content/drive/MyDrive/dataset/CyAUG-Dataset/Alluvial_Soil/a (168).jpeg
Loamy,7.13,42,27,50,75,Flood,94,Groundnut,Maize,Rice,Low,110,31,70,31125,/content/drive/MyDrive/dataset/CyAUG-Dataset/Alluvial_Soil/a (156).jpeg
Sandy,6.19,20,18,49,49,Drip,59,Vegetables,Millet,Millet,Low,97,34,78,45271,/content/drive/MyDrive/dataset/CyAUG-Dataset/Alluvial_Soil/a (581).jpeg
Loamy,7.04,29,30,47,32,Flood,91,Vegetables,Wheat,Millet,Medium,69,26,68,40459,/content/drive/MyDrive/dataset/CyAUG-Dataset/Alluvial_Soil/a (620).jpeg
Loamy,6.77,57,35,45,44,Drip,59,Rice,Millet,Cotton,Low,145,35,41,40783,/content/drive/MyDrive/dataset/CyAUG-Dataset/Alluvial_Soil/a (401).jpeg
Clay,5.69,33,32,32,34,Sprinkler,83,Millet,Maize,Barley,High,184,21,71,57400,/content/drive/MyDrive/dataset/CyAUG-Dataset/Alluvial_Soil/a (632).jpeg
Clay,6.32,21,25,25,63,Drip,94,Sugarcane,Vegetables,Soybean,Low,160,28,55,62316,/content/drive/MyDrive/dataset/CyAUG-Dataset/Alluvial_Soil/a (265).jpeg
Silty,7.32,23,15,49,54,Sprinkler,54,Barley,Millet,Sugarcane,Low,69,34,72,60493,/content/drive/MyDrive/dataset/CyAUG-Dataset/Alluvial_Soil/a (634).jpeg
Silty,6.06,47,34,24,70,Drip,58,Millet,Soybean,Sugarcane,High,85,31,77,20564,/content/drive/MyDrive/dataset/CyAUG-Dataset/Alluvial_Soil/a (586).jpeg
Silty,6.87,56,40,38,37,Drip,61,Vegetables,Barley,Rice,Medium,104,25,64,67978,/content/drive/MyDrive/dataset/CyAUG-Dataset/Alluvial_Soil/a (3).jpeg
Silty,6.73,39,40,41,34,Flood,59,Groundnut,Cotton,Maize,Low,53,35,56,57038,/content/drive/MyDrive/dataset/CyAUG-Dataset/Alluvial_Soil/a (602).jpeg
Clay,6.12,33,28,37,62,Flood,88,Barley,Vegetables,Barley,Medium,98,34,75,38220,/content/drive/MyDrive/dataset/CyAUG-Dataset/Alluvial_Soil/a (339).jpeg
Sandy,7.17,22,16,37,68,Sprinkler,93,Cotton,Wheat,Rice,High,200,21,90,30312,/content/drive/MyDrive/dataset/CyAUG-Dataset/Alluvial_Soil/a (326).jpeg
Clay,6.3,28,19,24,44,Sprinkler,53,Cotton,Sugarcane,Rice,High,176,29,46,24443,/content/drive/MyDrive/dataset/CyAUG-Dataset/Alluvial_Soil/a (390).jpeg
Loamy,7.08,38,18,48,57,Sprinkler,64,Millet,Vegetables,Wheat,High,104,24,73,78888,/content/drive/MyDrive/dataset/CyAUG-Dataset/Alluvial_Soil/44.jpg
Sandy,6.89,28,29,35,73,Flood,93,Cotton,Groundnut,Wheat,High,161,26,61,62778,/content/drive/MyDrive/dataset/CyAUG-Dataset/Alluvial_Soil/a (428).jpeg
Clay,6.98,26,17,45,47,Sprinkler,74,Soybean,Barley,Millet,Low,126,29,46,36656,/content/drive/MyDrive/dataset/CyAUG-Dataset/Alluvial_Soil/a (516).jpeg
Loamy,6.69,40,19,40,44,Flood,54,Millet,Groundnut,Millet,Low,157,21,84,71406,/content/drive/MyDrive/dataset/CyAUG-Dataset/Alluvial_Soil/a (346).jpeg
Sandy,5.7,49,36,44,44,Drip,61,Sugarcane,Soybean,Wheat,Low,63,30,60,71677,/content/drive/MyDrive/dataset/CyAUG-Dataset/Alluvial_Soil/a (80).jpeg
Loamy,7.1,35,20,46,42,Sprinkler,82,Rice,Sugarcane,Soybean,Medium,99,30,48,28433,/content/drive/MyDrive/dataset/CyAUG-Dataset/Alluvial_Soil/a (294).jpeg
Silty,6.46,25,20,23,62,Sprinkler,51,Millet,Sugarcane,Barley,High,178,25,70,23771,/content/drive/MyDrive/dataset/CyAUG-Dataset/Alluvial_Soil/a (499).jpeg
Silty,6.45,48,37,20,80,Sprinkler,73,Barley,Cotton,Maize,Medium,94,24,42,30361,/content/drive/MyDrive/dataset/CyAUG-Dataset/Alluvial_Soil/a (87).jpeg
Clay,7.13,23,27,28,43,Sprinkler,54,Vegetables,Groundnut,Rice,High,127,27,45,24782,/content/drive/MyDrive/dataset/CyAUG-Dataset/Alluvial_Soil/a (218).jpeg
Loamy,6.07,48,26,27,79,Drip,52,Vegetables,Cotton,Rice,High,128,26,46,57024,/content/drive/MyDrive/dataset/CyAUG-Dataset/Alluvial_Soil/39.jpg
Clay,6.79,53,37,27,30,Flood,92,Vegetables,Barley,Soybean,High,124,21,65,33225,/content/drive/MyDrive/dataset/CyAUG-Dataset/Alluvial_Soil/a (230).jpeg
Sandy,6.44,47,18,30,43,Drip,91,Soybean,Groundnut,Vegetables,Low,67,24,51,38613,/content/drive/MyDrive/dataset/CyAUG-Dataset/Alluvial_Soil/a (462).jpeg
Sandy,6.86,34,26,21,66,Drip,63,Vegetables,Cotton,Groundnut,High,54,21,77,50840,/content/drive/MyDrive/dataset/CyAUG-Dataset/Alluvial_Soil/a (22).jpeg
Silty,7.03,21,40,22,61,Sprinkler,93,Millet,Wheat,Maize,Low,168,29,57,40238,/content/drive/MyDrive/dataset/CyAUG-Dataset/Alluvial_Soil/a (621).jpeg
Loamy,6.18,42,26,40,47,Drip,75,Vegetables,Groundnut,Vegetables,Low,96,21,45,67171,/content/drive/MyDrive/dataset/CyAUG-Dataset/Alluvial_Soil/29.jpg
Loamy,7.43,60,28,28,72,Flood,58,Maize,Wheat,Barley,High,62,27,83,69455,/content/drive/MyDrive/dataset/CyAUG-Dataset/Alluvial_Soil/a (536).jpeg
Loamy,6.25,29,37,21,42,Drip,87,Wheat,Maize,Groundnut,Low,147,24,53,57700,/content/drive/MyDrive/dataset/CyAUG-Dataset/Alluvial_Soil/a (551).jpeg
Clay,7.04,46,36,46,49,Flood,66,Soybean,Groundnut,Sugarcane,Low,170,31,83,61466,/content/drive/MyDrive/dataset/CyAUG-Dataset/Alluvial_Soil/a (394).jpeg
Loamy,5.6,39,35,37,70,Drip,74,Millet,Rice,Sugarcane,Medium,189,29,63,35123,/content/drive/MyDrive/dataset/CyAUG-Dataset/Alluvial_Soil/a (260).jpeg
Clay,7.38,47,19,37,39,Drip,53,Millet,Rice,Rice,Low,51,25,85,37191,/content/drive/MyDrive/dataset/CyAUG-Dataset/Alluvial_Soil/a (276).jpeg
Clay,6.48,39,20,32,39,Drip,90,Barley,Rice,Wheat,Low,110,31,43,48074,/content/drive/MyDrive/dataset/CyAUG-Dataset/Alluvial_Soil/a (603).jpeg
Silty,5.54,24,19,46,77,Sprinkler,89,Wheat,Barley,Vegetables,High,193,31,56,30301,/content/drive/MyDrive/dataset/CyAUG-Dataset/Alluvial_Soil/a (231).jpeg
Sandy,7.21,55,20,27,38,Flood,72,Vegetables,Groundnut,Wheat,Medium,136,30,51,34167,/content/drive/MyDrive/dataset/CyAUG-Dataset/Alluvial_Soil/a (296).jpeg
Sandy,7.37,33,28,45,73,Drip,63,Maize,Rice,Vegetables,High,127,27,73,46460,/content/drive/MyDrive/dataset/CyAUG-Dataset/Alluvial_Soil/a (455).jpeg
Sandy,6.91,24,39,34,46,Sprinkler,71,Vegetables,Wheat,Sugarcane,High,142,27,56,27480,/content/drive/MyDrive/dataset/CyAUG-Dataset/Alluvial_Soil/a (357).jpeg
Sandy,5.72,57,15,30,76,Drip,57,Groundnut,Sugarcane,Wheat,High,122,32,62,71059,/content/drive/MyDrive/dataset/CyAUG-Dataset/Alluvial_Soil/a (95).jpeg
Clay,7.32,60,17,27,65,Drip,94,Sugarcane,Maize,Barley,High,91,28,40,79738,/content/drive/MyDrive/dataset/CyAUG-Dataset/Alluvial_Soil/a (613).jpeg
Sandy,5.98,44,16,37,58,Flood,63,Sugarcane,Sugarcane,Vegetables,Low,72,24,68,74081,/content/drive/MyDrive/dataset/CyAUG-Dataset/Alluvial_Soil/a (155).jpeg
Loamy,5.65,37,23,50,65,Drip,81,Millet,Groundnut,Wheat,High,160,20,77,49842,/content/drive/MyDrive/dataset/CyAUG-Dataset/Alluvial_Soil/a (57).jpeg
Sandy,5.97,22,35,20,46,Drip,72,Soybean,Rice,Barley,Low,78,35,50,20592,/content/drive/MyDrive/dataset/CyAUG-Dataset/Alluvial_Soil/a (50).jpeg
Loamy,7.48,33,29,46,72,Drip,67,Soybean,Maize,Sugarcane,Medium,142,32,63,63806,/content/drive/MyDrive/dataset/CyAUG-Dataset/Alluvial_Soil/a (461).jpeg
Sandy,6.78,56,18,28,64,Flood,85,Wheat,Maize,Millet,High,156,22,51,24425,/content/drive/MyDrive/dataset/CyAUG-Dataset/Alluvial_Soil/a (297).jpeg
Sandy,5.61,34,22,48,44,Sprinkler,79,Wheat,Wheat,Cotton,Low,177,25,77,56303,/content/drive/MyDrive/dataset/CyAUG-Dataset/Alluvial_Soil/a (271).jpeg
Loamy,6.68,20,38,35,75,Drip,62,Groundnut,Wheat,Groundnut,High,63,24,70,23441,/content/drive/MyDrive/dataset/CyAUG-Dataset/Alluvial_Soil/a (166).jpeg
Sandy,5.86,39,22,46,71,Flood,63,Millet,Vegetables,Sugarcane,Medium,144,35,61,33593,/content/drive/MyDrive/dataset/CyAUG-Dataset/Alluvial_Soil/a (527).jpeg
Silty,6.73,34,40,36,39,Flood,76,Sugarcane,Soybean,Vegetables,Low,184,21,44,68689,/content/drive/MyDrive/dataset/CyAUG-Dataset/Alluvial_Soil/a (189).jpeg
Silty,7.39,34,25,27,49,Sprinkler,93,Barley,Rice,Groundnut,Medium,190,31,90,32791,/content/drive/MyDrive/dataset/CyAUG-Dataset/Alluvial_Soil/a (608).jpeg
Clay,6.19,46,22,43,54,Sprinkler,61,Cotton,Sugarcane,Sugarcane,Medium,97,33,79,64025,/content/drive/MyDrive/dataset/CyAUG-Dataset/Alluvial_Soil/a (587).jpeg
Sandy,6.52,21,35,35,49,Flood,76,Barley,Cotton,Sugarcane,High,97,34,70,25393,/content/drive/MyDrive/dataset/CyAUG-Dataset/Alluvial_Soil/a (97).jpeg
Loamy,7.1,51,28,41,76,Sprinkler,53,Rice,Barley,Millet,Low,106,35,58,62895,/content/drive/MyDrive/dataset/CyAUG-Dataset/Alluvial_Soil/a (422).jpeg
Loamy,6.94,49,33,41,56,Sprinkler,66,Soybean,Soybean,Rice,High,171,21,59,38145,/content/drive/MyDrive/dataset/CyAUG-Dataset/Alluvial_Soil/a (389).jpeg
Sandy,5.94,26,35,42,61,Drip,82,Vegetables,Millet,Millet,Medium,104,34,83,24681,/content/drive/MyDrive/dataset/CyAUG-Dataset/Alluvial_Soil/a (131).jpeg
Loamy,5.53,38,23,29,47,Drip,74,Soybean,Maize,Barley,High,108,30,40,76495,/content/drive/MyDrive/dataset/CyAUG-Dataset/Alluvial_Soil/a (419).jpeg
Silty,6.68,24,22,43,66,Sprinkler,88,Vegetables,Millet,Millet,High,73,29,44,54033,/content/drive/MyDrive/dataset/CyAUG-Dataset/Alluvial_Soil/31.jpg
Loamy,6.98,59,16,29,52,Sprinkler,73,Vegetables,Soybean,Cotton,High,200,33,53,45978,/content/drive/MyDrive/dataset/CyAUG-Dataset/Alluvial_Soil/a (47).jpeg
Sandy,6.49,41,17,49,50,Flood,78,Soybean,Cotton,Maize,Medium,138,27,63,52609,/content/drive/MyDrive/dataset/CyAUG-Dataset/Alluvial_Soil/a (638).jpeg
Clay,6.05,34,25,21,64,Flood,73,Sugarcane,Cotton,Barley,Low,73,31,60,75929,/content/drive/MyDrive/dataset/CyAUG-Dataset/Alluvial_Soil/a (127).jpeg
Silty,6.92,45,29,40,55,Flood,77,Cotton,Rice,Millet,Medium,187,35,89,61489,/content/drive/MyDrive/dataset/CyAUG-Dataset/Alluvial_Soil/35.jpg
Silty,7.1,36,18,47,77,Drip,60,Vegetables,Groundnut,Soybean,Medium,149,21,58,37127,/content/drive/MyDrive/dataset/CyAUG-Dataset/Alluvial_Soil/a (91).jpeg
Silty,5.93,22,31,27,79,Drip,55,Millet,Barley,Millet,High,104,24,70,69484,/content/drive/MyDrive/dataset/CyAUG-Dataset/Alluvial_Soil/38.jpg
Silty,7.19,22,26,29,57,Sprinkler,55,Millet,Vegetables,Maize,Medium,74,25,67,52206,/content/drive/MyDrive/dataset/CyAUG-Dataset/Alluvial_Soil/a (72).jpeg
Loamy,6.38,60,37,46,56,Sprinkler,71,Groundnut,Barley,Groundnut,Low,158,25,90,57879,/content/drive/MyDrive/dataset/CyAUG-Dataset/Alluvial_Soil/a (524).jpeg
Loamy,6.12,44,24,36,80,Sprinkler,90,Soybean,Wheat,Groundnut,High,111,23,63,40161,/content/drive/MyDrive/dataset/CyAUG-Dataset/Alluvial_Soil/a (383).jpeg
Sandy,7.37,28,20,33,33,Flood,54,Maize,Barley,Rice,Medium,65,26,74,22315,/content/drive/MyDrive/dataset/CyAUG-Dataset/Alluvial_Soil/a (546).jpeg
Loamy,6.89,38,15,37,59,Sprinkler,84,Sugarcane,Cotton,Barley,Low,191,24,41,79653,/content/drive/MyDrive/dataset/CyAUG-Dataset/Alluvial_Soil/a (118).jpeg
Silty,5.72,21,27,20,45,Drip,56,Wheat,Wheat,Millet,High,124,32,65,65192,/content/drive/MyDrive/dataset/CyAUG-Dataset/Alluvial_Soil/a (98).jpeg
Loamy,6.66,41,26,32,42,Drip,58,Sugarcane,Soybean,Millet,Medium,67,23,71,44124,/content/drive/MyDrive/dataset/CyAUG-Dataset/Alluvial_Soil/a (310).jpeg
Clay,5.72,60,30,33,78,Sprinkler,80,Rice,Cotton,Vegetables,Medium,157,28,55,27230,/content/drive/MyDrive/dataset/CyAUG-Dataset/Alluvial_Soil/a (311).jpeg
Silty,6.82,46,30,41,35,Drip,80,Wheat,Rice,Rice,Medium,87,28,75,40484,/content/drive/MyDrive/dataset/CyAUG-Dataset/Alluvial_Soil/a (484).jpeg
Clay,5.92,37,19,46,51,Sprinkler,63,Wheat,Maize,Rice,Medium,200,25,74,52485,/content/drive/MyDrive/dataset/CyAUG-Dataset/Alluvial_Soil/a (633).jpeg
Sandy,7.48,42,38,33,68,Sprinkler,66,Groundnut,Wheat,Groundnut,Low,54,35,89,78378,/content/drive/MyDrive/dataset/CyAUG-Dataset/Alluvial_Soil/a (557).jpeg
Sandy,6.44,35,32,43,36,Flood,89,Millet,Barley,Soybean,Medium,122,20,42,72496,/content/drive/MyDrive/dataset/CyAUG-Dataset/Alluvial_Soil/a (517).jpeg
Clay,7.13,27,39,28,76,Flood,71,Sugarcane,Maize,Soybean,Medium,161,33,72,37415,/content/drive/MyDrive/dataset/CyAUG-Dataset/Alluvial_Soil/a (1).jpeg
Clay,6.9,20,17,27,32,Flood,50,Sugarcane,Groundnut,Soybean,Low,71,34,63,31995,/content/drive/MyDrive/dataset/CyAUG-Dataset/Alluvial_Soil/a (235).jpeg
Silty,7.43,49,22,39,45,Sprinkler,94,Sugarcane,Cotton,Sugarcane,Medium,189,27,69,40586,/content/drive/MyDrive/dataset/CyAUG-Dataset/Alluvial_Soil/a (314).jpeg
Loamy,6.71,42,40,28,80,Sprinkler,71,Rice,Soybean,Vegetables,Medium,61,25,50,29366,/content/drive/MyDrive/dataset/CyAUG-Dataset/Alluvial_Soil/a (214).jpeg
Loamy,7.33,27,30,24,78,Drip,81,Sugarcane,Wheat,Sugarcane,High,100,23,65,38088,/content/drive/MyDrive/dataset/CyAUG-Dataset/Alluvial_Soil/a (11).jpeg
Clay,5.52,56,29,32,49,Flood,55,Maize,Groundnut,Sugarcane,Medium,55,33,89,30730,/content/drive/MyDrive/dataset/CyAUG-Dataset/Alluvial_Soil/a (619).jpeg
Sandy,5.82,31,33,36,78,Sprinkler,84,Rice,Barley,Vegetables,Medium,123,23,63,72733,/content/drive/MyDrive/dataset/CyAUG-Dataset/Alluvial_Soil/a (637).jpeg
Silty,6.02,45,38,42,35,Drip,57,Maize,Vegetables,Maize,High,195,25,49,25472,/content/drive/MyDrive/dataset/CyAUG-Dataset/Alluvial_Soil/a (393).jpeg
Clay,5.59,50,27,32,38,Drip,66,Wheat,Maize,Groundnut,Medium,100,32,81,71968,/content/drive/MyDrive/dataset/CyAUG-Dataset/Alluvial_Soil/a (135).jpeg
Clay,6.47,25,15,28,35,Drip,93,Maize,Cotton,Soybean,Medium,103,29,78,65772,/content/drive/MyDrive/dataset/CyAUG-Dataset/Alluvial_Soil/a (307).jpeg
Clay,7.0,44,26,30,74,Drip,93,Wheat,Groundnut,Cotton,Low,167,29,90,32539,/content/drive/MyDrive/dataset/CyAUG-Dataset/Alluvial_Soil/a (421).jpeg
Loamy,5.8,36,21,20,44,Flood,69,Soybean,Maize,Sugarcane,Medium,90,27,49,58679,/content/drive/MyDrive/dataset/CyAUG-Dataset/Alluvial_Soil/a (289).jpeg
Loamy,5.88,30,25,33,77,Drip,61,Vegetables,Cotton,Maize,High,144,27,90,40029,/content/drive/MyDrive/dataset/CyAUG-Dataset/Alluvial_Soil/a (229).jpeg
Clay,7.24,24,15,41,73,Drip,61,Wheat,Cotton,Wheat,Medium,152,23,62,78315,/content/drive/MyDrive/dataset/CyAUG-Dataset/Alluvial_Soil/a (366).jpeg
Loamy,5.59,53,38,44,65,Drip,93,Wheat,Wheat,Sugarcane,Low,152,20,40,22968,/content/drive/MyDrive/dataset/CyAUG-Dataset/Alluvial_Soil/a (492).jpeg
Silty,6.12,58,36,27,76,Sprinkler,67,Soybean,Barley,Millet,Medium,171,29,72,51446,/content/drive/MyDrive/dataset/CyAUG-Dataset/Alluvial_Soil/a (521).jpeg
Loamy,5.79,45,31,49,71,Drip,70,Maize,Sugarcane,Soybean,Low,77,28,54,43109,/content/drive/MyDrive/dataset/CyAUG-Dataset/Alluvial_Soil/a (446).jpeg
Loamy,7.41,27,31,45,31,Sprinkler,89,Cotton,Soybean,Soybean,High,68,30,45,63434,/content/drive/MyDrive/dataset/CyAUG-Dataset/Alluvial_Soil/a (216).jpeg
Loamy,7.42,50,19,26,73,Sprinkler,94,Vegetables,Millet,Groundnut,High,160,28,73,45468,/content/drive/MyDrive/dataset/CyAUG-Dataset/Alluvial_Soil/a (494).jpeg
Clay,5.81,59,23,33,33,Flood,65,Sugarcane,Soybean,Barley,High,139,33,77,54711,/content/drive/MyDrive/dataset/CyAUG-Dataset/Alluvial_Soil/a (369).jpeg
Silty,6.07,34,40,48,32,Flood,77,Millet,Rice,Maize,Low,69,27,53,44280,/content/drive/MyDrive/dataset/CyAUG-Dataset/Alluvial_Soil/a (493).jpeg
Clay,6.64,48,29,21,61,Flood,53,Maize,Vegetables,Soybean,High,176,25,78,35658,/content/drive/MyDrive/dataset/CyAUG-Dataset/Alluvial_Soil/a (459).jpeg
Loamy,6.59,54,25,49,60,Flood,57,Wheat,Millet,Soybean,High,90,24,73,38475,/content/drive/MyDrive/dataset/CyAUG-Dataset/Alluvial_Soil/a (215).jpeg
Loamy,6.25,24,35,26,68,Sprinkler,71,Wheat,Maize,Barley,Low,54,21,70,29551,/content/drive/MyDrive/dataset/CyAUG-Dataset/Alluvial_Soil/a (539).jpeg
Loamy,5.64,44,26,30,41,Drip,51,Rice,Soybean,Wheat,Medium,174,22,54,53331,/content/drive/MyDrive/dataset/CyAUG-Dataset/Alluvial_Soil/a (202).jpeg
Clay,6.5,55,37,25,48,Drip,59,Barley,Maize,Sugarcane,High,65,23,53,62169,/content/drive/MyDrive/dataset/CyAUG-Dataset/Alluvial_Soil/a (408).jpeg
Loamy,6.58,22,38,32,61,Sprinkler,59,Sugarcane,Cotton,Cotton,High,192,35,54,65483,/content/drive/MyDrive/dataset/CyAUG-Dataset/Alluvial_Soil/a (60).jpeg
Loamy,6.1,36,27,45,74,Drip,72,Maize,Sugarcane,Maize,Low,165,23,88,46370,/content/drive/MyDrive/dataset/CyAUG-Dataset/Alluvial_Soil/a (210).jpeg
Silty,6.41,39,17,32,67,Drip,95,Barley,Maize,Wheat,High,153,20,66,71952,/content/drive/MyDrive/dataset/CyAUG-Dataset/Alluvial_Soil/a (590).jpeg
Silty,6.89,40,19,30,34,Flood,85,Maize,Vegetables,Vegetables,High,114,21,65,27777,/content/drive/MyDrive/dataset/CyAUG-Dataset/Alluvial_Soil/7.jpg
Sandy,6.51,57,31,26,71,Flood,65,Millet,Barley,Soybean,High,100,35,77,37250,/content/drive/MyDrive/dataset/CyAUG-Dataset/Alluvial_Soil/a (274).jpeg
Clay,5.94,39,18,36,33,Drip,55,Wheat,Wheat,Millet,High,160,20,63,39391,/content/drive/MyDrive/dataset/CyAUG-Dataset/Alluvial_Soil/a (489).jpeg
Silty,7.24,29,32,23,76,Flood,86,Wheat,Barley,Sugarcane,Medium,130,31,54,62698,/content/drive/MyDrive/dataset/CyAUG-Dataset/Alluvial_Soil/a (425).jpeg
Clay,7.09,56,32,24,74,Drip,56,Soybean,Sugarcane,Soybean,High,122,26,45,71304,/content/drive/MyDrive/dataset/CyAUG-Dataset/Alluvial_Soil/a (397).jpeg
Loamy,6.19,25,18,50,57,Sprinkler,57,Maize,Wheat,Cotton,Medium,150,28,46,78198,/content/drive/MyDrive/dataset/CyAUG-Dataset/Alluvial_Soil/a (136).jpeg
Silty,6.73,30,27,28,35,Flood,89,Maize,Millet,Soybean,Medium,152,24,66,33521,/content/drive/MyDrive/dataset/CyAUG-Dataset/Alluvial_Soil/a (547).jpeg
Silty,6.5,24,27,38,46,Sprinkler,60,Millet,Millet,Cotton,Low,104,21,40,69208,/content/drive/MyDrive/dataset/CyAUG-Dataset/Alluvial_Soil/a (332).jpeg
Sandy,5.89,57,24,29,35,Flood,55,Barley,Vegetables,Sugarcane,High,148,31,74,72414,/content/drive/MyDrive/dataset/CyAUG-Dataset/Alluvial_Soil/a (552).jpeg
Loamy,5.73,57,34,43,52,Sprinkler,86,Maize,Vegetables,Soybean,Low,145,29,47,27540,/content/drive/MyDrive/dataset/CyAUG-Dataset/Alluvial_Soil/a (316).jpeg
Clay,7.35,52,23,40,53,Sprinkler,50,Millet,Groundnut,Sugarcane,High,121,35,79,33288,/content/drive/MyDrive/dataset/CyAUG-Dataset/Alluvial_Soil/a (642).jpeg
Sandy,7.12,23,37,30,51,Drip,74,Soybean,Maize,Wheat,Low,181,33,86,46959,/content/drive/MyDrive/dataset/CyAUG-Dataset/Alluvial_Soil/a (503).jpeg
Loamy,6.84,55,20,39,72,Drip,72,Maize,Rice,Cotton,Medium,57,28,73,47909,/content/drive/MyDrive/dataset/CyAUG-Dataset/Alluvial_Soil/a (308).jpeg
Silty,6.54,43,37,50,45,Sprinkler,89,Wheat,Soybean,Barley,High,99,23,72,72520,/content/drive/MyDrive/dataset/CyAUG-Dataset/Alluvial_Soil/a (71).jpeg
Sandy,6.31,52,32,48,54,Drip,80,Barley,Maize,Soybean,Medium,94,26,55,59367,/content/drive/MyDrive/dataset/CyAUG-Dataset/Alluvial_Soil/a (392).jpeg
Loamy,6.04,42,32,32,32,Flood,85,Soybean,Barley,Maize,Low,155,33,46,77643,/content/drive/MyDrive/dataset/CyAUG-Dataset/Alluvial_Soil/a (103).jpeg
Silty,7.09,35,15,39,59,Sprinkler,69,Barley,Soybean,Groundnut,High,135,26,73,56409,/content/drive/MyDrive/dataset/CyAUG-Dataset/Alluvial_Soil/a (413).jpeg
Loamy,7.23,27,15,50,79,Flood,77,Groundnut,Rice,Cotton,Medium,114,23,47,54233,/content/drive/MyDrive/dataset/CyAUG-Dataset/Alluvial_Soil/a (169).jpeg
Clay,6.38,36,31,25,53,Flood,82,Groundnut,Groundnut,Wheat,Low,159,34,82,37695,/content/drive/MyDrive/dataset/CyAUG-Dataset/Alluvial_Soil/a (10).jpeg
Sandy,7.02,23,25,20,74,Flood,58,Maize,Cotton,Groundnut,High,89,20,41,50038,/content/drive/MyDrive/dataset/CyAUG-Dataset/Alluvial_Soil/a (410).jpeg
Clay,6.5,30,35,20,80,Flood,84,Soybean,Rice,Groundnut,Medium,189,33,48,55673,/content/drive/MyDrive/dataset/CyAUG-Dataset/Alluvial_Soil/a (382).jpeg
Sandy,6.06,59,36,49,64,Flood,62,Soybean,Soybean,Wheat,High,145,22,52,21360,/content/drive/MyDrive/dataset/CyAUG-Dataset/Alluvial_Soil/a (639).jpeg
Loamy,6.68,36,28,34,47,Sprinkler,77,Barley,Barley,Soybean,Low,99,23,74,48430,/content/drive/MyDrive/dataset/CyAUG-Dataset/Alluvial_Soil/80.jpg
Sandy,6.34,58,29,28,67,Sprinkler,82,Cotton,Rice,Soybean,Medium,76,35,75,35487,/content/drive/MyDrive/dataset/CyAUG-Dataset/Alluvial_Soil/a (344).jpeg
Loamy,6.48,49,37,26,49,Flood,85,Barley,Cotton,Vegetables,Medium,176,27,73,77918,/content/drive/MyDrive/dataset/CyAUG-Dataset/Alluvial_Soil/a (580).jpeg
Silty,6.6,48,23,34,41,Flood,52,Wheat,Wheat,Soybean,High,163,24,65,55909,/content/drive/MyDrive/dataset/CyAUG-Dataset/Alluvial_Soil/a (483).jpeg
Clay,6.03,36,36,46,31,Flood,81,Cotton,Groundnut,Barley,High,93,30,90,60777,/content/drive/MyDrive/dataset/CyAUG-Dataset/Alluvial_Soil/a (512).jpeg
Loamy,6.5,29,27,24,46,Sprinkler,71,Maize,Millet,Soybean,Low,159,24,78,69297,/content/drive/MyDrive/dataset/CyAUG-Dataset/Alluvial_Soil/a (330).jpeg
Clay,7.4,37,19,35,64,Drip,68,Maize,Sugarcane,Groundnut,Medium,141,35,46,76021,/content/drive/MyDrive/dataset/CyAUG-Dataset/Alluvial_Soil/a (470).jpeg
Silty,7.07,21,22,21,43,Sprinkler,54,Rice,Groundnut,Millet,Low,128,29,84,23425,/content/drive/MyDrive/dataset/CyAUG-Dataset/Alluvial_Soil/a (322).jpeg
Sandy,5.71,44,18,24,47,Drip,75,Barley,Groundnut,Wheat,Medium,120,20,66,61479,/content/drive/MyDrive/dataset/CyAUG-Dataset/Alluvial_Soil/a (437).jpeg
Loamy,6.74,37,40,49,53,Sprinkler,56,Maize,Wheat,Sugarcane,Medium,132,23,64,78275,/content/drive/MyDrive/dataset/CyAUG-Dataset/Alluvial_Soil/a (538).jpeg
Sandy,5.79,23,31,31,72,Sprinkler,76,Soybean,Vegetables,Barley,Medium,95,30,81,65019,/content/drive/MyDrive/dataset/CyAUG-Dataset/Alluvial_Soil/a (387).jpeg
Clay,6.61,37,39,39,63,Sprinkler,67,Wheat,Sugarcane,Cotton,Low,64,32,59,23407,/content/drive/MyDrive/dataset/CyAUG-Dataset/Alluvial_Soil/a (456).jpeg
Silty,5.56,25,34,22,53,Flood,90,Millet,Wheat,Millet,High,121,30,50,53443,/content/drive/MyDrive/dataset/CyAUG-Dataset/Alluvial_Soil/a (109).jpeg
Loamy,6.89,57,17,33,50,Flood,68,Millet,Barley,Maize,High,97,23,40,27467,/content/drive/MyDrive/dataset/CyAUG-Dataset/Alluvial_Soil/a (542).jpeg
Loamy,6.43,48,19,34,49,Drip,85,Sugarcane,Wheat,Soybean,High,155,24,90,43907,/content/drive/MyDrive/dataset/CyAUG-Dataset/Alluvial_Soil/a (175).jpeg
Loamy,5.97,22,19,20,78,Sprinkler,73,Cotton,Groundnut,Groundnut,High,74,34,87,63881,/content/drive/MyDrive/dataset/CyAUG-Dataset/Alluvial_Soil/a (507).jpeg
Clay,6.91,40,17,21,56,Sprinkler,92,Rice,Barley,Vegetables,High,110,31,80,79739,/content/drive/MyDrive/dataset/CyAUG-Dataset/Alluvial_Soil/41.jpg
Sandy,6.37,59,31,30,65,Sprinkler,51,Maize,Millet,Maize,Low,193,20,74,38773,/content/drive/MyDrive/dataset/CyAUG-Dataset/Alluvial_Soil/a (513).jpeg
Clay,6.13,29,36,30,55,Drip,52,Rice,Soybean,Vegetables,High,128,33,57,42366,/content/drive/MyDrive/dataset/CyAUG-Dataset/Alluvial_Soil/a (486).jpeg
Loamy,7.46,54,24,43,65,Flood,58,Groundnut,Wheat,Soybean,Medium,110,24,52,77583,/content/drive/MyDrive/dataset/CyAUG-Dataset/Alluvial_Soil/a (577).jpeg
Loamy,6.76,53,22,33,57,Flood,88,Barley,Vegetables,Barley,High,61,30,78,71809,/content/drive/MyDrive/dataset/CyAUG-Dataset/Alluvial_Soil/a (39).jpeg
Clay,6.98,45,36,25,34,Sprinkler,78,Vegetables,Millet,Rice,Low,75,35,63,59423,/content/drive/MyDrive/dataset/CyAUG-Dataset/Alluvial_Soil/a (377).jpeg
Sandy,6.47,43,20,33,32,Drip,54,Soybean,Millet,Barley,High,145,21,46,65578,/content/drive/MyDrive/dataset/CyAUG-Dataset/Alluvial_Soil/a (205).jpeg
Loamy,5.8,25,28,24,40,Sprinkler,72,Barley,Rice,Groundnut,High,103,31,79,56277,/content/drive/MyDrive/dataset/CyAUG-Dataset/Alluvial_Soil/a (636).jpeg
Loamy,6.75,35,38,30,39,Flood,58,Sugarcane,Groundnut,Rice,Medium,139,25,76,54970,/content/drive/MyDrive/dataset/CyAUG-Dataset/Alluvial_Soil/a (154).jpeg
Loamy,5.8,47,19,44,63,Drip,65,Rice,Barley,Cotton,Medium,83,32,44,24251,/content/drive/MyDrive/dataset/CyAUG-Dataset/Alluvial_Soil/a (583).jpeg
Silty,6.33,29,38,24,45,Drip,60,Wheat,Vegetables,Maize,High,165,23,81,50988,/content/drive/MyDrive/dataset/CyAUG-Dataset/Alluvial_Soil/a (224).jpeg
Clay,5.87,26,21,39,62,Sprinkler,69,Cotton,Groundnut,Maize,High,114,33,43,22350,/content/drive/MyDrive/dataset/CyAUG-Dataset/Alluvial_Soil/a (248).jpeg
Sandy,5.62,26,21,32,67,Sprinkler,77,Vegetables,Cotton,Sugarcane,High,150,25,57,74069,/content/drive/MyDrive/dataset/CyAUG-Dataset/Alluvial_Soil/a (252).jpeg
Loamy,7.21,53,31,49,35,Flood,53,Sugarcane,Wheat,Vegetables,Medium,101,25,72,25699,/content/drive/MyDrive/dataset/CyAUG-Dataset/Alluvial_Soil/a (119).jpeg
Clay,5.98,57,32,41,43,Flood,58,Rice,Groundnut,Rice,Low,161,22,85,69627,/content/drive/MyDrive/dataset/CyAUG-Dataset/Alluvial_Soil/a (116).jpeg
Loamy,5.93,46,36,39,58,Flood,58,Groundnut,Barley,Soybean,Low,168,33,52,36233,/content/drive/MyDrive/dataset/CyAUG-Dataset/Alluvial_Soil/a (217).jpeg
Sandy,6.46,39,24,28,65,Drip,62,Rice,Groundnut,Groundnut,High,180,31,59,47853,/content/drive/MyDrive/dataset/CyAUG-Dataset/Alluvial_Soil/5.jpg
Clay,5.78,52,32,50,41,Flood,86,Soybean,Millet,Millet,Low,143,32,43,60403,/content/drive/MyDrive/dataset/CyAUG-Dataset/Alluvial_Soil/a (596).jpeg
Silty,5.82,32,28,47,49,Drip,78,Soybean,Barley,Sugarcane,High,115,27,52,69944,/content/drive/MyDrive/dataset/CyAUG-Dataset/Alluvial_Soil/a (597).jpeg
Sandy,7.32,44,36,21,63,Drip,72,Groundnut,Vegetables,Maize,Low,83,31,75,63453,/content/drive/MyDrive/dataset/CyAUG-Dataset/Alluvial_Soil/a (7).jpeg
Loamy,6.63,32,16,44,31,Sprinkler,74,Soybean,Cotton,Sugarcane,High,149,29,72,49185,/content/drive/MyDrive/dataset/CyAUG-Dataset/Alluvial_Soil/a (89).jpeg
Clay,5.64,33,23,36,41,Sprinkler,67,Maize,Soybean,Vegetables,Low,61,32,48,75625,/content/drive/MyDrive/dataset/CyAUG-Dataset/Alluvial_Soil/a (334).jpeg
Clay,5.68,28,17,35,52,Drip,88,Cotton,Sugarcane,Vegetables,Low,161,20,46,25556,/content/drive/MyDrive/dataset/CyAUG-Dataset/Alluvial_Soil/a (61).jpeg
Silty,6.11,33,40,36,39,Sprinkler,85,Millet,Sugarcane,Rice,High,64,21,58,71400,/content/drive/MyDrive/dataset/CyAUG-Dataset/Alluvial_Soil/a (37).jpeg
Loamy,7.47,23,34,26,55,Sprinkler,78,Millet,Groundnut,Groundnut,Low,55,31,67,57082,/content/drive/MyDrive/dataset/CyAUG-Dataset/Alluvial_Soil/a (42).jpeg
Loamy,6.51,27,21,25,42,Flood,63,Soybean,Wheat,Groundnut,Low,92,23,61,48765,/content/drive/MyDrive/dataset/CyAUG-Dataset/Alluvial_Soil/a (240).jpeg
Loamy,5.93,33,27,27,46,Drip,68,Sugarcane,Barley,Soybean,Low,186,26,56,56799,/content/drive/MyDrive/dataset/CyAUG-Dataset/Alluvial_Soil/a (338).jpeg
Clay,7.04,48,15,29,64,Flood,57,Cotton,Vegetables,Cotton,Medium,53,32,86,36905,/content/drive/MyDrive/dataset/CyAUG-Dataset/Alluvial_Soil/a (33).jpeg
Sandy,7.41,46,20,40,78,Drip,89,Vegetables,Vegetables,Soybean,High,52,21,90,51683,/content/drive/MyDrive/dataset/CyAUG-Dataset/Alluvial_Soil/a (246).jpeg
Silty,7.23,24,37,36,36,Sprinkler,92,Groundnut,Barley,Groundnut,High,82,23,46,40370,/content/drive/MyDrive/dataset/CyAUG-Dataset/Alluvial_Soil/a (345).jpeg
Loamy,7.39,23,38,41,40,Drip,77,Millet,Groundnut,Groundnut,Medium,105,28,49,73679,/content/drive/MyDrive/dataset/CyAUG-Dataset/Alluvial_Soil/a (591).jpeg
Loamy,5.65,34,34,44,36,Drip,55,Cotton,Cotton,Cotton,High,99,31,44,58315,/content/drive/MyDrive/dataset/CyAUG-Dataset/Alluvial_Soil/a (448).jpeg
Sandy,7.42,32,26,36,69,Flood,78,Maize,Soybean,Cotton,High,103,24,77,64599,/content/drive/MyDrive/dataset/CyAUG-Dataset/Alluvial_Soil/a (407).jpeg
Silty,6.45,57,35,46,75,Sprinkler,71,Groundnut,Rice,Millet,High,172,31,41,73309,/content/drive/MyDrive/dataset/CyAUG-Dataset/Alluvial_Soil/a (579).jpeg
Sandy,7.28,22,26,34,68,Drip,62,Maize,Rice,Wheat,Medium,76,25,77,36489,/content/drive/MyDrive/dataset/CyAUG-Dataset/Alluvial_Soil/46.jpeg
Loamy,6.06,32,21,34,51,Drip,90,Barley,Wheat,Wheat,Low,104,34,68,65256,/content/drive/MyDrive/dataset/CyAUG-Dataset/Alluvial_Soil/a (5).jpeg
Clay,6.89,37,27,38,71,Flood,54,Cotton,Vegetables,Soybean,High,145,33,87,26169,/content/drive/MyDrive/dataset/CyAUG-Dataset/Alluvial_Soil/a (640).jpeg
Loamy,7.14,38,33,35,59,Flood,90,Vegetables,Groundnut,Soybean,Low,174,35,74,22562,/content/drive/MyDrive/dataset/CyAUG-Dataset/Alluvial_Soil/a (611).jpeg
Clay,5.73,34,30,25,35,Flood,86,Cotton,Barley,Sugarcane,High,56,23,70,53130,/content/drive/MyDrive/dataset/CyAUG-Dataset/Alluvial_Soil/a (563).jpeg
Clay,5.7,28,40,31,58,Sprinkler,76,Vegetables,Millet,Cotton,Medium,123,25,89,45649,/content/drive/MyDrive/dataset/CyAUG-Dataset/Alluvial_Soil/a (34).jpeg
Sandy,6.26,28,39,36,68,Drip,54,Sugarcane,Sugarcane,Groundnut,Medium,80,30,49,74896,/content/drive/MyDrive/dataset/CyAUG-Dataset/Alluvial_Soil/a (233).jpeg
Silty,5.81,35,25,41,48,Sprinkler,64,Rice,Wheat,Millet,Medium,71,32,47,26435,/content/drive/MyDrive/dataset/CyAUG-Dataset/Alluvial_Soil/a (191).jpeg
Silty,6.63,41,24,23,31,Drip,86,Maize,Groundnut,Groundnut,Medium,141,24,71,65640,/content/drive/MyDrive/dataset/CyAUG-Dataset/Alluvial_Soil/a (264).jpeg
Loamy,5.72,42,20,48,34,Flood,78,Vegetables,Groundnut,Wheat,Medium,152,20,53,20125,/content/drive/MyDrive/dataset/CyAUG-Dataset/Alluvial_Soil/a (272).jpeg
Loamy,7.4,20,20,26,38,Drip,84,Wheat,Soybean,Barley,Medium,142,22,83,32086,/content/drive/MyDrive/dataset/CyAUG-Dataset/Alluvial_Soil/a (167).jpeg
Loamy,6.07,28,36,47,78,Sprinkler,63,Millet,Sugarcane,Maize,Medium,133,32,81,22010,/content/drive/MyDrive/dataset/CyAUG-Dataset/Alluvial_Soil/a (288).jpeg
Loamy,7.36,38,36,36,62,Flood,86,Vegetables,Cotton,Cotton,High,140,29,55,57117,/content/drive/MyDrive/dataset/CyAUG-Dataset/Alluvial_Soil/a (213).jpeg
Loamy,6.63,49,25,23,31,Drip,91,Wheat,Maize,Millet,High,171,21,55,59459,/content/drive/MyDrive/dataset/CyAUG-Dataset/Alluvial_Soil/a (212).jpeg
Loamy,7.19,22,32,32,37,Drip,78,Cotton,Sugarcane,Rice,Low,198,33,65,36471,/content/drive/MyDrive/dataset/CyAUG-Dataset/Alluvial_Soil/a (81).jpeg
Silty,7.21,57,21,38,34,Drip,83,Soybean,Sugarcane,Rice,High,78,30,87,68543,/content/drive/MyDrive/dataset/CyAUG-Dataset/Alluvial_Soil/a (96).jpeg
Clay,6.88,53,23,36,56,Drip,92,Wheat,Vegetables,Maize,High,129,23,90,51418,/content/drive/MyDrive/dataset/CyAUG-Dataset/Alluvial_Soil/a (317).jpeg
Loamy,7.29,52,37,34,79,Sprinkler,53,Groundnut,Rice,Barley,Medium,188,29,61,42949,/content/drive/MyDrive/dataset/CyAUG-Dataset/Alluvial_Soil/a (93).jpeg
Sandy,7.49,57,37,32,33,Flood,61,Millet,Rice,Millet,High,103,20,78,45446,/content/drive/MyDrive/dataset/CyAUG-Dataset/Alluvial_Soil/a (431).jpeg
Loamy,6.82,59,28,29,31,Drip,59,Vegetables,Sugarcane,Cotton,Low,67,24,66,46256,/content/drive/MyDrive/dataset/CyAUG-Dataset/Alluvial_Soil/a (442).jpeg
Clay,7.14,38,27,38,52,Flood,93,Millet,Sugarcane,Rice,Low,56,33,41,72421,/content/drive/MyDrive/dataset/CyAUG-Dataset/Alluvial_Soil/a (300).jpeg
Silty,6.2,38,20,23,37,Sprinkler,85,Maize,Millet,Vegetables,Medium,53,21,53,40580,/content/drive/MyDrive/dataset/CyAUG-Dataset/Alluvial_Soil/a (329).jpeg
Sandy,6.1,49,39,26,61,Drip,74,Groundnut,Barley,Soybean,High,186,34,89,26349,/content/drive/MyDrive/dataset/CyAUG-Dataset/Alluvial_Soil/a (241).jpeg
Silty,5.81,34,31,32,55,Flood,82,Millet,Barley,Cotton,High,165,31,56,68172,/content/drive/MyDrive/dataset/CyAUG-Dataset/Alluvial_Soil/a (616).jpeg
Loamy,6.99,39,27,41,54,Sprinkler,57,Soybean,Vegetables,Cotton,High,95,34,44,73883,/content/drive/MyDrive/dataset/CyAUG-Dataset/Alluvial_Soil/a (614).jpeg
Sandy,5.8,43,37,26,32,Sprinkler,79,Wheat,Maize,Soybean,High,57,26,82,26656,/content/drive/MyDrive/dataset/CyAUG-Dataset/Alluvial_Soil/a (108).jpeg
Clay,7.1,21,15,22,69,Drip,67,Vegetables,Vegetables,Rice,High,177,33,82,29145,/content/drive/MyDrive/dataset/CyAUG-Dataset/Alluvial_Soil/a (287).jpeg
Loamy,6.42,45,39,33,64,Flood,74,Rice,Groundnut,Millet,Low,135,21,47,47935,/content/drive/MyDrive/dataset/CyAUG-Dataset/Alluvial_Soil/a (574).jpeg
Loamy,6.71,57,25,27,50,Sprinkler,56,Cotton,Barley,Groundnut,Medium,198,25,58,75215,/content/drive/MyDrive/dataset/CyAUG-Dataset/Alluvial_Soil/a (176).jpeg
Clay,6.92,41,33,41,35,Drip,69,Maize,Barley,Groundnut,Low,168,23,77,30464,/content/drive/MyDrive/dataset/CyAUG-Dataset/Alluvial_Soil/a (350).jpeg
Clay,5.78,60,40,27,49,Sprinkler,77,Sugarcane,Wheat,Millet,Medium,70,21,74,67508,/content/drive/MyDrive/dataset/CyAUG-Dataset/Alluvial_Soil/a (565).jpeg
Loamy,7.29,37,23,32,54,Flood,64,Soybean,Millet,Wheat,Medium,174,27,72,26516,/content/drive/MyDrive/dataset/CyAUG-Dataset/Alluvial_Soil/a (54).jpeg
Sandy,6.57,45,29,28,73,Sprinkler,71,Barley,Rice,Rice,Low,53,29,66,66826,/content/drive/MyDrive/dataset/CyAUG-Dataset/Alluvial_Soil/a (36).jpeg
Loamy,7.23,44,19,37,79,Drip,86,Maize,Barley,Millet,High,107,24,57,30196,/content/drive/MyDrive/dataset/CyAUG-Dataset/Alluvial_Soil/a (502).jpeg
Clay,5.99,44,17,44,55,Flood,88,Wheat,Wheat,Wheat,High,83,30,47,27378,/content/drive/MyDrive/dataset/CyAUG-Dataset/Alluvial_Soil/a (184).jpeg
Sandy,6.43,32,23,38,61,Flood,51,Wheat,Sugarcane,Maize,Low,150,27,84,45790,/content/drive/MyDrive/dataset/CyAUG-Dataset/Alluvial_Soil/a (440).jpeg
Sandy,5.79,31,35,44,68,Flood,66,Cotton,Cotton,Groundnut,Low,64,32,86,34303,/content/drive/MyDrive/dataset/CyAUG-Dataset/Alluvial_Soil/a (349).jpeg
Silty,6.48,42,19,32,79,Flood,79,Cotton,Millet,Groundnut,Medium,129,24,44,20586,/content/drive/MyDrive/dataset/CyAUG-Dataset/Alluvial_Soil/a (504).jpeg
Clay,5.77,59,15,42,43,Sprinkler,57,Maize,Groundnut,Vegetables,Medium,146,28,63,69659,/content/drive/MyDrive/dataset/CyAUG-Dataset/Alluvial_Soil/a (27).jpeg
Sandy,6.05,41,17,50,51,Drip,58,Rice,Cotton,Rice,Medium,190,32,60,26793,/content/drive/MyDrive/dataset/CyAUG-Dataset/Alluvial_Soil/a (522).jpeg
Clay,6.22,45,28,24,62,Drip,87,Sugarcane,Wheat,Groundnut,Low,195,20,82,46883,/content/drive/MyDrive/dataset/CyAUG-Dataset/Alluvial_Soil/a (487).jpeg
Sandy,7.44,36,21,37,62,Flood,94,Barley,Vegetables,Millet,Medium,117,31,76,34631,/content/drive/MyDrive/dataset/CyAUG-Dataset/Alluvial_Soil/a (578).jpeg
Loamy,7.49,44,18,46,45,Sprinkler,68,Maize,Millet,Soybean,High,73,29,60,24301,/content/drive/MyDrive/dataset/CyAUG-Dataset/Alluvial_Soil/a (321).jpeg
Sandy,7.19,25,32,22,46,Sprinkler,90,Barley,Sugarcane,Maize,Low,75,34,69,42580,/content/drive/MyDrive/dataset/CyAUG-Dataset/Alluvial_Soil/a (273).jpeg
Loamy,7.13,54,29,37,75,Drip,73,Rice,Maize,Rice,Medium,106,26,70,40395,/content/drive/MyDrive/dataset/CyAUG-Dataset/Alluvial_Soil/a (304).jpeg
Clay,6.35,30,40,24,30,Sprinkler,94,Maize,Wheat,Cotton,Low,134,28,45,60083,/content/drive/MyDrive/dataset/CyAUG-Dataset/Alluvial_Soil/a (281).jpeg
Silty,5.91,45,27,39,47,Flood,85,Soybean,Soybean,Sugarcane,High,165,30,44,41193,/content/drive/MyDrive/dataset/CyAUG-Dataset/Laterite_Soil/11.jpg
Silty,6.03,42,39,20,75,Flood,65,Barley,Maize,Millet,Low,85,34,66,44835,/content/drive/MyDrive/dataset/CyAUG-Dataset/Laterite_Soil/108a.jpg
Loamy,6.91,58,40,37,58,Drip,55,Maize,Cotton,Cotton,Medium,147,25,57,29023,/content/drive/MyDrive/dataset/CyAUG-Dataset/Laterite_Soil/106.jpg
Loamy,6.61,31,17,34,69,Sprinkler,72,Groundnut,Vegetables,Maize,Low,87,29,42,23278,/content/drive/MyDrive/dataset/CyAUG-Dataset/Laterite_Soil/101.jpg
Silty,6.62,32,21,29,75,Drip,90,Millet,Rice,Barley,High,124,22,42,77717,/content/drive/MyDrive/dataset/CyAUG-Dataset/Laterite_Soil/103.jpg
Sandy,7.0,60,36,36,57,Sprinkler,75,Sugarcane,Barley,Cotton,Medium,115,31,74,22654,/content/drive/MyDrive/dataset/CyAUG-Dataset/Laterite_Soil/10a.jpg
Sandy,6.12,30,28,38,50,Sprinkler,86,Cotton,Rice,Vegetables,Medium,59,20,49,36372,/content/drive/MyDrive/dataset/CyAUG-Dataset/Laterite_Soil/104.jpg
Clay,7.11,31,31,40,58,Drip,94,Soybean,Vegetables,Cotton,High,83,28,86,47633,/content/drive/MyDrive/dataset/CyAUG-Dataset/Laterite_Soil/110.jpg
Loamy,6.67,59,35,36,64,Flood,52,Rice,Barley,Vegetables,Medium,84,27,47,51763,/content/drive/MyDrive/dataset/CyAUG-Dataset/Laterite_Soil/102a.jpg
Clay,5.99,41,35,45,69,Drip,91,Cotton,Maize,Soybean,High,87,26,48,75276,/content/drive/MyDrive/dataset/CyAUG-Dataset/Laterite_Soil/102.jpg
Silty,6.94,35,32,31,36,Sprinkler,95,Barley,Cotton,Cotton,High,78,28,47,68350,/content/drive/MyDrive/dataset/CyAUG-Dataset/Laterite_Soil/1.jpg
Sandy,6.86,37,21,47,75,Sprinkler,77,Millet,Sugarcane,Sugarcane,High,71,34,40,79674,/content/drive/MyDrive/dataset/CyAUG-Dataset/Laterite_Soil/109.jpg
Loamy,5.6,49,33,36,57,Flood,82,Maize,Barley,Groundnut,Medium,160,35,55,22791,/content/drive/MyDrive/dataset/CyAUG-Dataset/Laterite_Soil/10.jpg
Silty,7.46,36,15,38,42,Sprinkler,78,Maize,Maize,Rice,Medium,187,31,61,48804,/content/drive/MyDrive/dataset/CyAUG-Dataset/Laterite_Soil/108.jpg
Clay,6.95,57,39,49,71,Flood,94,Soybean,Soybean,Millet,Low,125,27,76,71014,/content/drive/MyDrive/dataset/CyAUG-Dataset/Laterite_Soil/141.jpg
Silty,7.46,38,38,33,75,Sprinkler,55,Sugarcane,Rice,Cotton,High,126,23,61,24873,/content/drive/MyDrive/dataset/CyAUG-Dataset/Laterite_Soil/149.jpg
Silty,7.0,45,35,35,34,Drip,89,Soybean,Sugarcane,Soybean,Low,176,32,88,23182,/content/drive/MyDrive/dataset/CyAUG-Dataset/Laterite_Soil/128a.jpg
Silty,6.64,40,35,33,50,Drip,76,Sugarcane,Vegetables,Rice,High,147,23,73,78874,/content/drive/MyDrive/dataset/CyAUG-Dataset/Laterite_Soil/172.jpg
Clay,6.09,41,24,24,31,Sprinkler,64,Rice,Cotton,Wheat,High,197,23,72,22078,/content/drive/MyDrive/dataset/CyAUG-Dataset/Laterite_Soil/243.jpg
Clay,5.79,34,26,32,74,Sprinkler,79,Maize,Maize,Vegetables,Medium,63,22,71,64832,/content/drive/MyDrive/dataset/CyAUG-Dataset/Laterite_Soil/162.jpg
Silty,6.38,37,31,34,40,Drip,77,Wheat,Wheat,Millet,High,89,30,55,60337,/content/drive/MyDrive/dataset/CyAUG-Dataset/Laterite_Soil/154.jpg
Loamy,6.62,58,35,35,62,Drip,70,Wheat,Maize,Barley,Low,54,30,52,38838,/content/drive/MyDrive/dataset/CyAUG-Dataset/Laterite_Soil/162b.jpg
Silty,5.65,50,25,30,48,Sprinkler,79,Vegetables,Maize,Maize,Low,180,21,70,55181,/content/drive/MyDrive/dataset/CyAUG-Dataset/Laterite_Soil/184.jpg
Silty,6.76,20,22,21,36,Sprinkler,77,Barley,Wheat,Rice,High,138,29,74,25453,/content/drive/MyDrive/dataset/CyAUG-Dataset/Laterite_Soil/252.jpg
Sandy,7.34,38,15,39,62,Drip,81,Sugarcane,Wheat,Groundnut,Medium,161,26,52,52332,/content/drive/MyDrive/dataset/CyAUG-Dataset/Laterite_Soil/222.jpg
Silty,7.06,26,35,44,70,Drip,92,Maize,Rice,Rice,Medium,163,26,51,56378,/content/drive/MyDrive/dataset/CyAUG-Dataset/Laterite_Soil/124.jpg
Sandy,5.91,21,37,21,38,Drip,87,Millet,Rice,Wheat,Low,151,27,74,43764,/content/drive/MyDrive/dataset/CyAUG-Dataset/Laterite_Soil/150.jpg
Silty,6.24,32,17,34,41,Sprinkler,68,Sugarcane,Rice,Cotton,Medium,66,20,63,26076,/content/drive/MyDrive/dataset/CyAUG-Dataset/Laterite_Soil/139.jpg
Loamy,6.68,56,33,28,35,Sprinkler,69,Wheat,Rice,Barley,Medium,115,31,66,30644,/content/drive/MyDrive/dataset/CyAUG-Dataset/Laterite_Soil/123.jpg
Sandy,5.56,31,23,25,51,Drip,81,Soybean,Sugarcane,Millet,Medium,176,30,49,24087,/content/drive/MyDrive/dataset/CyAUG-Dataset/Laterite_Soil/129.jpg
Sandy,5.88,58,22,29,45,Sprinkler,52,Wheat,Barley,Rice,High,111,27,62,35882,/content/drive/MyDrive/dataset/CyAUG-Dataset/Laterite_Soil/240.jpg
Silty,6.88,23,17,48,40,Drip,71,Vegetables,Sugarcane,Barley,Low,177,27,85,30941,/content/drive/MyDrive/dataset/CyAUG-Dataset/Laterite_Soil/193.jpg
Silty,6.19,21,18,25,73,Drip,57,Maize,Rice,Maize,Low,162,21,49,44669,/content/drive/MyDrive/dataset/CyAUG-Dataset/Laterite_Soil/133.jpg
Loamy,6.97,29,38,27,74,Drip,81,Vegetables,Cotton,Vegetables,High,133,24,56,21358,/content/drive/MyDrive/dataset/CyAUG-Dataset/Laterite_Soil/232.jpg
Silty,6.36,23,27,32,33,Sprinkler,57,Maize,Barley,Cotton,High,118,26,54,74789,/content/drive/MyDrive/dataset/CyAUG-Dataset/Laterite_Soil/235.jpg
Clay,6.99,46,29,20,30,Drip,59,Rice,Rice,Sugarcane,High,146,21,86,27054,/content/drive/MyDrive/dataset/CyAUG-Dataset/Laterite_Soil/163b.jpg
Clay,6.76,47,38,39,79,Flood,75,Wheat,Wheat,Millet,Low,128,23,42,55078,/content/drive/MyDrive/dataset/CyAUG-Dataset/Laterite_Soil/163.jpg
Sandy,5.61,39,22,31,58,Flood,54,Millet,Wheat,Rice,Medium,87,34,86,43556,/content/drive/MyDrive/dataset/CyAUG-Dataset/Laterite_Soil/206.jpg
Loamy,6.38,49,40,41,54,Drip,52,Millet,Millet,Wheat,High,180,33,49,45910,/content/drive/MyDrive/dataset/CyAUG-Dataset/Laterite_Soil/182.jpg
Sandy,6.2,38,32,37,41,Sprinkler,51,Rice,Barley,Sugarcane,Medium,98,35,65,60195,/content/drive/MyDrive/dataset/CyAUG-Dataset/Laterite_Soil/21.jpg
Clay,6.72,43,34,49,60,Flood,89,Wheat,Sugarcane,Rice,Low,182,25,79,55416,/content/drive/MyDrive/dataset/CyAUG-Dataset/Laterite_Soil/244.jpg
Clay,7.09,30,29,48,34,Flood,76,Maize,Wheat,Millet,High,85,32,84,57215,/content/drive/MyDrive/dataset/CyAUG-Dataset/Laterite_Soil/228.jpg
Sandy,6.84,60,22,46,66,Sprinkler,55,Wheat,Groundnut,Maize,Low,85,20,67,32845,/content/drive/MyDrive/dataset/CyAUG-Dataset/Laterite_Soil/128.jpg
Silty,6.28,46,23,22,31,Flood,85,Rice,Vegetables,Maize,Low,124,34,54,27688,/content/drive/MyDrive/dataset/CyAUG-Dataset/Laterite_Soil/184b.jpg
Loamy,6.96,52,26,37,48,Sprinkler,58,Vegetables,Maize,Cotton,Low,99,33,43,49764,/content/drive/MyDrive/dataset/CyAUG-Dataset/Laterite_Soil/132.jpg
Loamy,5.56,26,18,28,52,Drip,88,Barley,Barley,Millet,Medium,95,21,63,33606,/content/drive/MyDrive/dataset/CyAUG-Dataset/Laterite_Soil/121.jpg
Clay,7.11,24,19,46,57,Flood,91,Vegetables,Maize,Groundnut,High,153,31,48,68628,/content/drive/MyDrive/dataset/CyAUG-Dataset/Laterite_Soil/123a.jpg
Sandy,6.63,43,33,35,41,Sprinkler,54,Soybean,Sugarcane,Barley,Medium,134,31,44,42423,/content/drive/MyDrive/dataset/CyAUG-Dataset/Laterite_Soil/147.jpg
Sandy,5.74,37,21,30,76,Flood,59,Cotton,Sugarcane,Rice,High,131,20,53,46944,/content/drive/MyDrive/dataset/CyAUG-Dataset/Laterite_Soil/142.jpg
Clay,6.89,22,26,47,78,Flood,61,Wheat,Groundnut,Vegetables,Medium,75,25,84,78161,/content/drive/MyDrive/dataset/CyAUG-Dataset/Laterite_Soil/162a.jpg
Silty,7.11,55,24,50,73,Flood,57,Soybean,Wheat,Sugarcane,High,154,28,69,41617,/content/drive/MyDrive/dataset/CyAUG-Dataset/Laterite_Soil/249.jpg
Silty,6.42,38,17,38,31,Sprinkler,64,Cotton,Vegetables,Maize,High,126,32,44,79609,/content/drive/MyDrive/dataset/CyAUG-Dataset/Laterite_Soil/216.jpg
Silty,6.15,28,25,34,63,Drip,82,Maize,Millet,Wheat,High,166,32,50,77451,/content/drive/MyDrive/dataset/CyAUG-Dataset/Laterite_Soil/18.jpg
Loamy,6.52,43,36,26,77,Drip,77,Sugarcane,Rice,Wheat,Medium,68,23,56,51617,/content/drive/MyDrive/dataset/CyAUG-Dataset/Laterite_Soil/176.jpg
Loamy,6.94,26,19,32,61,Sprinkler,78,Barley,Soybean,Maize,Low,153,30,79,24914,/content/drive/MyDrive/dataset/CyAUG-Dataset/Laterite_Soil/190.jpg
Loamy,6.42,35,29,25,38,Flood,63,Soybean,Cotton,Cotton,Low,100,29,84,53578,/content/drive/MyDrive/dataset/CyAUG-Dataset/Laterite_Soil/179.jpg
Loamy,7.3,41,24,28,57,Drip,63,Groundnut,Soybean,Vegetables,High,77,31,48,39814,/content/drive/MyDrive/dataset/CyAUG-Dataset/Laterite_Soil/184a.jpg
Loamy,7.18,39,26,24,37,Drip,85,Millet,Wheat,Sugarcane,High,77,22,57,66721,/content/drive/MyDrive/dataset/CyAUG-Dataset/Laterite_Soil/12.jpg
Clay,5.89,22,38,37,59,Sprinkler,73,Barley,Groundnut,Rice,High,76,20,62,28266,/content/drive/MyDrive/dataset/CyAUG-Dataset/Laterite_Soil/229.jpg
Sandy,5.59,55,33,46,58,Sprinkler,76,Rice,Wheat,Barley,High,110,25,57,53255,/content/drive/MyDrive/dataset/CyAUG-Dataset/Laterite_Soil/248.jpg
Loamy,5.85,51,31,31,62,Flood,79,Millet,Maize,Sugarcane,Medium,102,25,60,68750,/content/drive/MyDrive/dataset/CyAUG-Dataset/Laterite_Soil/165.jpg
Loamy,7.12,44,35,49,36,Flood,59,Vegetables,Wheat,Barley,Low,185,23,68,47788,/content/drive/MyDrive/dataset/CyAUG-Dataset/Laterite_Soil/157.jpg
Sandy,5.64,49,33,24,60,Flood,61,Cotton,Wheat,Wheat,Medium,100,33,77,77392,/content/drive/MyDrive/dataset/CyAUG-Dataset/Laterite_Soil/134.jpg
Loamy,5.75,20,26,42,51,Drip,75,Maize,Sugarcane,Cotton,Medium,153,33,69,23256,/content/drive/MyDrive/dataset/CyAUG-Dataset/Laterite_Soil/153.jpg
Silty,6.25,55,39,28,38,Drip,76,Millet,Barley,Sugarcane,Low,118,32,47,52323,/content/drive/MyDrive/dataset/CyAUG-Dataset/Laterite_Soil/234.jpg
Silty,6.86,26,16,34,76,Flood,58,Groundnut,Sugarcane,Maize,Medium,146,26,71,36557,/content/drive/MyDrive/dataset/CyAUG-Dataset/Laterite_Soil/19.jpg
Clay,7.02,58,16,28,40,Flood,73,Vegetables,Groundnut,Vegetables,Low,179,27,50,44776,/content/drive/MyDrive/dataset/CyAUG-Dataset/Laterite_Soil/167.jpg
Sandy,5.85,20,30,34,31,Flood,80,Cotton,Wheat,Barley,High,103,32,59,64116,/content/drive/MyDrive/dataset/CyAUG-Dataset/Laterite_Soil/238.jpg
Silty,5.87,54,16,33,60,Sprinkler,68,Millet,Soybean,Wheat,High,161,21,79,72033,/content/drive/MyDrive/dataset/CyAUG-Dataset/Laterite_Soil/140.jpg
Sandy,6.03,29,23,30,69,Flood,54,Groundnut,Groundnut,Wheat,Medium,100,25,61,73517,/content/drive/MyDrive/dataset/CyAUG-Dataset/Laterite_Soil/116.jpg
Silty,7.4,40,34,38,54,Sprinkler,61,Cotton,Soybean,Soybean,High,187,31,60,58488,/content/drive/MyDrive/dataset/CyAUG-Dataset/Laterite_Soil/173.jpg
Sandy,5.59,35,28,22,33,Drip,77,Cotton,Wheat,Sugarcane,Low,119,25,74,24045,/content/drive/MyDrive/dataset/CyAUG-Dataset/Laterite_Soil/227.jpg
Loamy,6.72,60,31,23,31,Sprinkler,82,Maize,Cotton,Vegetables,Medium,53,20,54,57779,/content/drive/MyDrive/dataset/CyAUG-Dataset/Laterite_Soil/24.jpg
Clay,7.03,21,26,22,77,Sprinkler,81,Wheat,Barley,Soybean,High,90,21,49,59148,/content/drive/MyDrive/dataset/CyAUG-Dataset/Laterite_Soil/20.jpg
Loamy,6.22,57,34,24,41,Sprinkler,81,Rice,Cotton,Soybean,High,187,32,52,56456,/content/drive/MyDrive/dataset/CyAUG-Dataset/Laterite_Soil/151.jpg
Silty,6.91,44,27,37,57,Flood,72,Sugarcane,Wheat,Millet,High,133,22,45,26977,/content/drive/MyDrive/dataset/CyAUG-Dataset/Laterite_Soil/130.jpg
Sandy,5.96,46,22,28,52,Sprinkler,89,Sugarcane,Vegetables,Maize,Medium,156,27,55,28962,/content/drive/MyDrive/dataset/CyAUG-Dataset/Laterite_Soil/25.jpg
Clay,6.91,48,36,48,79,Flood,92,Millet,Maize,Maize,High,134,23,88,75859,/content/drive/MyDrive/dataset/CyAUG-Dataset/Laterite_Soil/207.jpg
Silty,7.25,43,18,21,64,Flood,58,Millet,Rice,Cotton,Low,121,24,73,41214,/content/drive/MyDrive/dataset/CyAUG-Dataset/Laterite_Soil/155.jpg
Loamy,7.34,23,17,49,52,Drip,79,Millet,Vegetables,Soybean,Medium,153,35,58,27962,/content/drive/MyDrive/dataset/CyAUG-Dataset/Laterite_Soil/250.jpg
Sandy,6.72,40,37,31,73,Drip,57,Wheat,Barley,Rice,Medium,157,32,47,21426,/content/drive/MyDrive/dataset/CyAUG-Dataset/Laterite_Soil/225.jpg
Sandy,6.98,46,36,45,69,Flood,90,Wheat,Soybean,Soybean,Low,101,34,83,45705,/content/drive/MyDrive/dataset/CyAUG-Dataset/Laterite_Soil/143.jpg
Silty,6.52,40,35,34,42,Sprinkler,79,Wheat,Soybean,Sugarcane,Medium,164,35,78,78953,/content/drive/MyDrive/dataset/CyAUG-Dataset/Laterite_Soil/163a.jpg
Clay,6.69,40,23,24,59,Flood,50,Wheat,Vegetables,Sugarcane,Medium,69,32,77,40296,/content/drive/MyDrive/dataset/CyAUG-Dataset/Laterite_Soil/212.jpg
Clay,7.34,45,34,36,51,Sprinkler,71,Millet,Vegetables,Wheat,Low,106,34,51,53082,/content/drive/MyDrive/dataset/CyAUG-Dataset/Laterite_Soil/166.jpg
Sandy,5.72,54,39,46,34,Drip,56,Sugarcane,Maize,Cotton,High,144,27,75,44878,/content/drive/MyDrive/dataset/CyAUG-Dataset/Laterite_Soil/148.jpg
Clay,6.96,50,20,50,66,Drip,55,Soybean,Sugarcane,Rice,Medium,135,30,69,66430,/content/drive/MyDrive/dataset/CyAUG-Dataset/Laterite_Soil/125.jpg
Silty,7.15,29,30,20,33,Sprinkler,53,Sugarcane,Maize,Barley,High,182,27,40,58377,/content/drive/MyDrive/dataset/CyAUG-Dataset/Laterite_Soil/230.jpg
Clay,5.63,34,15,21,50,Sprinkler,51,Rice,Groundnut,Sugarcane,Medium,197,30,62,39020,/content/drive/MyDrive/dataset/CyAUG-Dataset/Laterite_Soil/219.jpg
Silty,6.06,20,37,22,61,Sprinkler,74,Soybean,Barley,Barley,Low,62,32,42,74382,/content/drive/MyDrive/dataset/CyAUG-Dataset/Laterite_Soil/136.jpg
Loamy,7.12,26,34,46,60,Drip,54,Barley,Vegetables,Groundnut,Medium,161,28,90,63208,/content/drive/MyDrive/dataset/CyAUG-Dataset/Laterite_Soil/224.jpg
Silty,7.46,47,25,32,79,Sprinkler,62,Barley,Millet,Maize,Low,65,26,42,68781,/content/drive/MyDrive/dataset/CyAUG-Dataset/Laterite_Soil/111.jpg
Sandy,7.23,27,19,38,42,Flood,52,Cotton,Barley,Rice,High,142,35,58,46688,/content/drive/MyDrive/dataset/CyAUG-Dataset/Laterite_Soil/226.jpg
Clay,5.91,46,40,43,38,Flood,55,Barley,Rice,Sugarcane,Medium,53,28,52,50402,/content/drive/MyDrive/dataset/CyAUG-Dataset/Laterite_Soil/226b.jpg
Loamy,5.59,43,19,29,49,Flood,66,Cotton,Vegetables,Groundnut,Medium,90,26,49,25545,/content/drive/MyDrive/dataset/CyAUG-Dataset/Laterite_Soil/183.jpg
Silty,7.03,41,19,36,61,Drip,80,Wheat,Groundnut,Millet,Low,67,27,45,49261,/content/drive/MyDrive/dataset/CyAUG-Dataset/Laterite_Soil/161.jpg
Silty,6.48,24,31,30,38,Drip,57,Rice,Barley,Maize,Low,150,34,81,44352,/content/drive/MyDrive/dataset/CyAUG-Dataset/Laterite_Soil/122.jpg
Clay,7.07,28,15,29,76,Flood,95,Wheat,Groundnut,Wheat,Low,55,20,90,36165,/content/drive/MyDrive/dataset/CyAUG-Dataset/Laterite_Soil/114a.jpg
Clay,6.09,38,24,42,60,Flood,81,Groundnut,Vegetables,Sugarcane,Medium,134,35,84,52767,/content/drive/MyDrive/dataset/CyAUG-Dataset/Laterite_Soil/160.jpg
Clay,6.72,32,30,44,39,Drip,63,Wheat,Wheat,Sugarcane,Medium,74,29,74,34771,/content/drive/MyDrive/dataset/CyAUG-Dataset/Laterite_Soil/168.jpg
Loamy,7.07,37,16,31,32,Flood,66,Soybean,Maize,Soybean,Low,197,30,41,78780,/content/drive/MyDrive/dataset/CyAUG-Dataset/Laterite_Soil/120.jpg
Clay,6.13,54,27,43,78,Sprinkler,90,Sugarcane,Cotton,Wheat,Low,137,35,84,30573,/content/drive/MyDrive/dataset/CyAUG-Dataset/Laterite_Soil/117.jpg
Sandy,6.01,36,18,31,36,Flood,59,Groundnut,Vegetables,Cotton,Low,167,26,40,57522,/content/drive/MyDrive/dataset/CyAUG-Dataset/Laterite_Soil/156.jpg
Clay,6.67,49,32,22,64,Drip,93,Soybean,Barley,Soybean,Medium,86,29,48,79821,/content/drive/MyDrive/dataset/CyAUG-Dataset/Laterite_Soil/223.jpg
Loamy,6.64,53,35,43,53,Sprinkler,72,Wheat,Barley,Rice,Low,111,27,41,34929,/content/drive/MyDrive/dataset/CyAUG-Dataset/Laterite_Soil/169.jpg
Loamy,5.87,48,32,31,72,Sprinkler,80,Soybean,Groundnut,Groundnut,High,117,29,84,41794,/content/drive/MyDrive/dataset/CyAUG-Dataset/Laterite_Soil/138.jpg
Loamy,6.03,35,38,43,35,Flood,55,Cotton,Rice,Soybean,Low,89,32,57,56047,/content/drive/MyDrive/dataset/CyAUG-Dataset/Laterite_Soil/14.jpg
Silty,5.97,38,23,43,50,Drip,81,Millet,Cotton,Wheat,High,143,23,84,68570,/content/drive/MyDrive/dataset/CyAUG-Dataset/Laterite_Soil/23.jpg
Sandy,6.16,49,18,22,80,Flood,75,Maize,Groundnut,Soybean,High,178,26,63,58012,/content/drive/MyDrive/dataset/CyAUG-Dataset/Laterite_Soil/127.jpg
Clay,7.09,25,20,29,35,Flood,64,Maize,Vegetables,Wheat,Medium,90,26,87,47261,/content/drive/MyDrive/dataset/CyAUG-Dataset/Laterite_Soil/164.jpg
Sandy,5.79,23,30,41,76,Sprinkler,57,Sugarcane,Cotton,Barley,Low,91,23,74,24571,/content/drive/MyDrive/dataset/CyAUG-Dataset/Laterite_Soil/15.jpg
Sandy,6.9,42,28,45,57,Sprinkler,65,Barley,Cotton,Maize,Low,132,22,53,25422,/content/drive/MyDrive/dataset/CyAUG-Dataset/Laterite_Soil/226a.jpg
Sandy,7.32,43,33,36,38,Flood,64,Cotton,Cotton,Barley,Low,177,35,82,33125,/content/drive/MyDrive/dataset/CyAUG-Dataset/Laterite_Soil/210.jpg
Sandy,6.6,43,25,32,44,Flood,62,Soybean,Soybean,Rice,High,183,23,46,56170,/content/drive/MyDrive/dataset/CyAUG-Dataset/Laterite_Soil/114.jpg
Clay,7.15,35,26,24,62,Drip,79,Maize,Soybean,Barley,Low,161,29,82,76721,/content/drive/MyDrive/dataset/CyAUG-Dataset/Laterite_Soil/131.jpg
Sandy,6.36,27,17,29,62,Drip,77,Vegetables,Rice,Groundnut,High,61,27,80,27298,/content/drive/MyDrive/dataset/CyAUG-Dataset/Laterite_Soil/146.jpg
Loamy,6.98,42,32,21,47,Flood,73,Rice,Sugarcane,Groundnut,Low,150,20,67,61096,/content/drive/MyDrive/dataset/CyAUG-Dataset/Laterite_Soil/6.jpg
Silty,7.35,34,19,21,80,Flood,91,Barley,Sugarcane,Sugarcane,Medium,90,22,67,54085,/content/drive/MyDrive/dataset/CyAUG-Dataset/Laterite_Soil/54.jpg
Clay,7.34,46,36,32,40,Drip,57,Groundnut,Sugarcane,Vegetables,Low,146,33,58,66724,/content/drive/MyDrive/dataset/CyAUG-Dataset/Laterite_Soil/97.jpg
Loamy,6.7,24,35,42,33,Sprinkler,66,Wheat,Maize,Cotton,High,68,27,67,75819,/content/drive/MyDrive/dataset/CyAUG-Dataset/Laterite_Soil/3b.jpg
Clay,6.72,25,34,31,34,Sprinkler,73,Maize,Millet,Soybean,Low,114,34,77,29310,/content/drive/MyDrive/dataset/CyAUG-Dataset/Laterite_Soil/42.jpg
Sandy,6.58,34,36,38,49,Sprinkler,83,Rice,Sugarcane,Rice,Low,143,22,69,64612,/content/drive/MyDrive/dataset/CyAUG-Dataset/Laterite_Soil/3.jpg
Clay,5.63,26,36,48,66,Sprinkler,83,Rice,Soybean,Wheat,High,198,29,46,26606,/content/drive/MyDrive/dataset/CyAUG-Dataset/Laterite_Soil/288a.jpg
Loamy,6.53,33,32,37,53,Sprinkler,62,Rice,Cotton,Vegetables,High,60,27,48,31943,/content/drive/MyDrive/dataset/CyAUG-Dataset/Laterite_Soil/40.jpg
Loamy,6.13,32,28,28,60,Sprinkler,53,Vegetables,Barley,Barley,Low,156,30,81,57727,/content/drive/MyDrive/dataset/CyAUG-Dataset/Laterite_Soil/288.jpg
Sandy,7.37,39,35,20,40,Drip,63,Cotton,Wheat,Sugarcane,Medium,137,32,85,56072,/content/drive/MyDrive/dataset/CyAUG-Dataset/Laterite_Soil/72.jpg
Sandy,5.8,59,16,46,45,Drip,68,Rice,Wheat,Maize,Low,129,35,61,34247,/content/drive/MyDrive/dataset/CyAUG-Dataset/Laterite_Soil/9.jpg
Sandy,5.78,34,38,25,48,Flood,60,Cotton,Sugarcane,Barley,High,157,32,76,57055,/content/drive/MyDrive/dataset/CyAUG-Dataset/Laterite_Soil/90.jpg
Loamy,6.61,41,31,43,74,Flood,53,Groundnut,Cotton,Groundnut,Medium,57,20,54,76088,/content/drive/MyDrive/dataset/CyAUG-Dataset/Laterite_Soil/60.jpg
Clay,7.11,37,36,46,68,Flood,72,Wheat,Rice,Wheat,Low,88,24,40,69243,/content/drive/MyDrive/dataset/CyAUG-Dataset/Laterite_Soil/75a.jpg
Loamy,6.33,49,30,37,62,Flood,57,Sugarcane,Groundnut,Wheat,High,82,21,54,21630,/content/drive/MyDrive/dataset/CyAUG-Dataset/Laterite_Soil/32.jpg
Clay,7.18,32,25,50,32,Sprinkler,69,Millet,Millet,Millet,High,73,20,87,44893,/content/drive/MyDrive/dataset/CyAUG-Dataset/Laterite_Soil/30.jpg
Silty,5.64,47,26,44,56,Drip,69,Rice,Wheat,Millet,Medium,126,24,89,30061,/content/drive/MyDrive/dataset/CyAUG-Dataset/Laterite_Soil/75.jpg
Clay,6.2,32,16,36,45,Sprinkler,56,Groundnut,Maize,Cotton,High,121,26,67,79611,/content/drive/MyDrive/dataset/CyAUG-Dataset/Laterite_Soil/8.jpg
Sandy,6.56,55,40,22,40,Flood,55,Sugarcane,Millet,Rice,Low,84,27,60,42411,/content/drive/MyDrive/dataset/CyAUG-Dataset/Laterite_Soil/59b.jpg
Loamy,6.09,56,21,46,51,Sprinkler,67,Wheat,Millet,Rice,High,118,24,57,46603,/content/drive/MyDrive/dataset/CyAUG-Dataset/Laterite_Soil/67.jpg
Loamy,5.88,58,24,21,60,Drip,86,Maize,Maize,Wheat,Medium,90,28,56,30234,/content/drive/MyDrive/dataset/CyAUG-Dataset/Laterite_Soil/69.jpg
Loamy,6.64,36,21,38,70,Flood,88,Rice,Maize,Sugarcane,Medium,186,33,41,62248,/content/drive/MyDrive/dataset/CyAUG-Dataset/Laterite_Soil/61a.jpg
Loamy,7.43,36,28,25,30,Flood,83,Barley,Groundnut,Barley,Medium,83,31,81,56748,/content/drive/MyDrive/dataset/CyAUG-Dataset/Laterite_Soil/38.jpg
Sandy,7.43,50,23,44,35,Sprinkler,51,Millet,Cotton,Millet,High,141,34,75,60238,/content/drive/MyDrive/dataset/CyAUG-Dataset/Laterite_Soil/35b.jpg
Sandy,6.52,21,24,50,30,Drip,75,Millet,Maize,Barley,Medium,135,21,90,32533,/content/drive/MyDrive/dataset/CyAUG-Dataset/Laterite_Soil/91.jpg
Loamy,6.93,44,19,42,52,Drip,74,Maize,Groundnut,Maize,Low,192,23,63,29345,/content/drive/MyDrive/dataset/CyAUG-Dataset/Laterite_Soil/82.jpg
Loamy,7.19,45,38,45,43,Drip,84,Rice,Wheat,Wheat,High,182,24,78,67877,/content/drive/MyDrive/dataset/CyAUG-Dataset/Laterite_Soil/78.jpg
Loamy,7.48,56,31,27,68,Drip,72,Rice,Groundnut,Cotton,Low,176,25,51,77752,/content/drive/MyDrive/dataset/CyAUG-Dataset/Laterite_Soil/98.jpg
Silty,5.85,30,18,47,67,Flood,57,Barley,Sugarcane,Cotton,Medium,70,24,80,43091,/content/drive/MyDrive/dataset/CyAUG-Dataset/Laterite_Soil/282.jpg
Silty,5.54,46,25,45,79,Sprinkler,69,Wheat,Rice,Wheat,Low,104,34,69,79420,/content/drive/MyDrive/dataset/CyAUG-Dataset/Laterite_Soil/52.jpg
Clay,5.89,53,23,26,72,Flood,65,Barley,Vegetables,Rice,Medium,108,28,90,63999,/content/drive/MyDrive/dataset/CyAUG-Dataset/Laterite_Soil/55.jpg
Loamy,5.84,30,38,38,44,Flood,78,Wheat,Rice,Sugarcane,Low,198,20,45,35096,/content/drive/MyDrive/dataset/CyAUG-Dataset/Laterite_Soil/62.jpg
Clay,6.71,22,24,27,76,Drip,77,Rice,Sugarcane,Wheat,Low,77,25,44,73136,/content/drive/MyDrive/dataset/CyAUG-Dataset/Laterite_Soil/262.jpg
Sandy,7.31,43,38,31,70,Flood,55,Millet,Soybean,Cotton,Medium,126,29,40,31903,/content/drive/MyDrive/dataset/CyAUG-Dataset/Laterite_Soil/94.jpg
Loamy,5.9,59,28,46,50,Drip,70,Groundnut,Sugarcane,Sugarcane,Medium,128,22,60,34987,/content/drive/MyDrive/dataset/CyAUG-Dataset/Laterite_Soil/285.jpg
Clay,6.18,58,26,29,78,Flood,80,Groundnut,Sugarcane,Rice,Low,192,21,52,68837,/content/drive/MyDrive/dataset/CyAUG-Dataset/Laterite_Soil/64.jpg
Loamy,7.33,29,31,21,36,Drip,75,Wheat,Rice,Millet,Low,186,27,60,63501,/content/drive/MyDrive/dataset/CyAUG-Dataset/Laterite_Soil/71.jpg
Loamy,6.16,42,34,50,31,Drip,59,Maize,Soybean,Wheat,Low,99,34,48,23779,/content/drive/MyDrive/dataset/CyAUG-Dataset/Laterite_Soil/96a.jpg
Loamy,6.15,32,28,27,60,Drip,79,Maize,Millet,Wheat,High,158,26,87,26591,/content/drive/MyDrive/dataset/CyAUG-Dataset/Laterite_Soil/35.jpg
Sandy,5.6,42,34,32,60,Sprinkler,70,Rice,Wheat,Sugarcane,Low,160,34,60,79264,/content/drive/MyDrive/dataset/CyAUG-Dataset/Laterite_Soil/48.jpg
Clay,6.73,38,16,47,39,Flood,89,Maize,Groundnut,Barley,Medium,57,31,84,28053,/content/drive/MyDrive/dataset/CyAUG-Dataset/Laterite_Soil/51.jpg
Silty,7.23,26,39,47,32,Drip,61,Sugarcane,Maize,Sugarcane,High,200,28,52,66655,/content/drive/MyDrive/dataset/CyAUG-Dataset/Laterite_Soil/5.jpg
Silty,7.07,53,40,39,50,Flood,80,Millet,Groundnut,Vegetables,High,190,34,56,43674,/content/drive/MyDrive/dataset/CyAUG-Dataset/Laterite_Soil/34.jpg
Clay,6.85,56,20,33,40,Drip,62,Rice,Groundnut,Maize,Low,169,32,66,42560,/content/drive/MyDrive/dataset/CyAUG-Dataset/Laterite_Soil/288b.jpg
Sandy,5.62,60,16,44,30,Drip,85,Millet,Millet,Cotton,Medium,104,27,77,67542,/content/drive/MyDrive/dataset/CyAUG-Dataset/Laterite_Soil/89.jpg
Silty,6.59,34,24,50,67,Flood,88,Groundnut,Millet,Sugarcane,Low,144,28,50,36597,/content/drive/MyDrive/dataset/CyAUG-Dataset/Laterite_Soil/59a.jpg
Sandy,6.39,55,23,25,51,Drip,86,Wheat,Maize,Maize,Medium,92,33,89,75815,/content/drive/MyDrive/dataset/CyAUG-Dataset/Laterite_Soil/270.jpg
Silty,7.31,60,26,21,70,Drip,80,Soybean,Millet,Wheat,Low,149,33,59,65031,/content/drive/MyDrive/dataset/CyAUG-Dataset/Laterite_Soil/65.jpg
Clay,7.12,40,25,41,42,Sprinkler,90,Soybean,Millet,Barley,Medium,88,29,72,27994,/content/drive/MyDrive/dataset/CyAUG-Dataset/Laterite_Soil/68.jpg
Silty,7.09,40,27,45,72,Sprinkler,89,Barley,Sugarcane,Groundnut,Medium,172,30,72,23876,/content/drive/MyDrive/dataset/CyAUG-Dataset/Laterite_Soil/53.jpg
Clay,5.98,49,27,34,75,Drip,80,Groundnut,Sugarcane,Vegetables,Medium,135,23,74,37661,/content/drive/MyDrive/dataset/CyAUG-Dataset/Laterite_Soil/59.jpg
Loamy,7.22,55,40,39,36,Drip,95,Soybean,Maize,Vegetables,High,95,35,83,79232,/content/drive/MyDrive/dataset/CyAUG-Dataset/Laterite_Soil/258.jpg
Clay,7.48,49,39,49,59,Sprinkler,50,Groundnut,Rice,Maize,High,60,21,82,72710,/content/drive/MyDrive/dataset/CyAUG-Dataset/Laterite_Soil/7.jpg
Sandy,7.29,30,24,32,41,Flood,76,Millet,Maize,Cotton,Medium,190,21,53,79760,/content/drive/MyDrive/dataset/CyAUG-Dataset/Laterite_Soil/79.jpg
Loamy,5.87,46,33,30,79,Sprinkler,61,Wheat,Soybean,Cotton,Low,194,24,90,39400,/content/drive/MyDrive/dataset/CyAUG-Dataset/Laterite_Soil/35a.jpg
Clay,7.18,26,37,31,41,Sprinkler,88,Cotton,Cotton,Vegetables,Medium,187,34,60,63735,/content/drive/MyDrive/dataset/CyAUG-Dataset/Laterite_Soil/99.jpg
Loamy,7.44,31,23,37,30,Drip,81,Soybean,Wheat,Rice,Medium,154,35,71,36757,/content/drive/MyDrive/dataset/CyAUG-Dataset/Laterite_Soil/66.jpg
Sandy,6.09,47,30,28,42,Drip,77,Rice,Rice,Barley,Low,146,22,78,79075,/content/drive/MyDrive/dataset/CyAUG-Dataset/Laterite_Soil/71a.jpg
Clay,6.36,30,19,28,49,Flood,83,Vegetables,Maize,Barley,Medium,87,35,75,36416,/content/drive/MyDrive/dataset/CyAUG-Dataset/Laterite_Soil/57.jpg
Sandy,5.6,56,39,49,38,Flood,83,Maize,Cotton,Soybean,Low,51,23,88,38445,/content/drive/MyDrive/dataset/CyAUG-Dataset/Laterite_Soil/279.jpg
Loamy,5.6,55,20,35,41,Flood,63,Soybean,Millet,Wheat,Medium,141,32,72,46664,/content/drive/MyDrive/dataset/CyAUG-Dataset/Laterite_Soil/4.jpg
Loamy,6.37,39,40,29,51,Sprinkler,83,Millet,Cotton,Maize,Medium,195,34,63,53305,/content/drive/MyDrive/dataset/CyAUG-Dataset/Laterite_Soil/70.jpg
Loamy,7.37,42,19,22,62,Drip,86,Millet,Millet,Maize,High,193,24,40,52755,/content/drive/MyDrive/dataset/CyAUG-Dataset/Laterite_Soil/95.jpg
Clay,5.8,46,28,35,39,Flood,54,Wheat,Millet,Wheat,Low,63,24,88,37242,/content/drive/MyDrive/dataset/CyAUG-Dataset/Laterite_Soil/3a.jpg
Silty,6.37,50,39,44,48,Drip,71,Maize,Maize,Groundnut,Low,180,27,84,61987,/content/drive/MyDrive/dataset/CyAUG-Dataset/Laterite_Soil/45.jpg
Loamy,6.97,57,17,47,55,Sprinkler,93,Soybean,Sugarcane,Vegetables,Medium,68,21,65,35218,/content/drive/MyDrive/dataset/CyAUG-Dataset/Laterite_Soil/96.jpg
Clay,7.19,28,20,44,48,Sprinkler,69,Maize,Maize,Barley,Low,144,26,45,31782,/content/drive/MyDrive/dataset/CyAUG-Dataset/Laterite_Soil/271.jpg
Sandy,6.11,58,24,45,52,Drip,56,Soybean,Vegetables,Barley,Medium,159,30,40,73420,/content/drive/MyDrive/dataset/CyAUG-Dataset/Laterite_Soil/84.jpg
Clay,6.07,26,23,29,38,Sprinkler,54,Vegetables,Sugarcane,Vegetables,Medium,148,31,77,70074,/content/drive/MyDrive/dataset/CyAUG-Dataset/Laterite_Soil/37.jpg
Sandy,7.35,36,25,38,75,Flood,64,Maize,Wheat,Barley,Low,197,20,51,21928,/content/drive/MyDrive/dataset/CyAUG-Dataset/Laterite_Soil/260.jpg
Clay,6.27,39,15,35,47,Flood,55,Vegetables,Vegetables,Barley,High,107,31,89,58928,/content/drive/MyDrive/dataset/CyAUG-Dataset/Laterite_Soil/73.jpg
Clay,6.79,37,32,23,64,Flood,94,Groundnut,Sugarcane,Vegetables,High,68,21,45,34209,/content/drive/MyDrive/dataset/CyAUG-Dataset/Laterite_Soil/28.jpg
Silty,6.66,44,30,43,73,Sprinkler,56,Wheat,Barley,Rice,Medium,119,21,83,22710,/content/drive/MyDrive/dataset/CyAUG-Dataset/Laterite_Soil/88.jpg
Clay,6.84,46,34,45,38,Drip,50,Sugarcane,Wheat,Rice,Low,90,33,77,23429,/content/drive/MyDrive/dataset/CyAUG-Dataset/Laterite_Soil/41.jpg
Silty,6.0,28,33,31,48,Drip,85,Wheat,Maize,Maize,Medium,178,24,61,25368,/content/drive/MyDrive/dataset/CyAUG-Dataset/Laterite_Soil/80.jpg
Silty,6.82,50,19,35,65,Drip,88,Soybean,Wheat,Soybean,High,134,32,41,25547,/content/drive/MyDrive/dataset/CyAUG-Dataset/Laterite_Soil/81.jpg
Sandy,6.1,58,19,42,35,Flood,72,Sugarcane,Sugarcane,Sugarcane,Medium,145,35,45,67716,/content/drive/MyDrive/dataset/CyAUG-Dataset/Laterite_Soil/31.jpg
Sandy,5.67,33,33,36,47,Flood,82,Maize,Groundnut,Groundnut,High,163,27,69,54226,/content/drive/MyDrive/dataset/CyAUG-Dataset/Laterite_Soil/29.jpg
Sandy,5.87,33,33,50,64,Sprinkler,59,Groundnut,Vegetables,Vegetables,Low,76,26,64,20411,/content/drive/MyDrive/dataset/CyAUG-Dataset/Laterite_Soil/49.jpg
Loamy,5.63,20,38,22,64,Flood,81,Wheat,Barley,Sugarcane,Medium,183,23,76,51746,/content/drive/MyDrive/dataset/CyAUG-Dataset/Laterite_Soil/76.jpg
Silty,7.3,34,24,36,48,Flood,58,Millet,Wheat,Barley,Medium,155,32,52,71096,/content/drive/MyDrive/dataset/CyAUG-Dataset/Laterite_Soil/75b.jpg
Sandy,6.7,22,28,34,30,Flood,76,Barley,Maize,Sugarcane,High,156,23,63,25436,/content/drive/MyDrive/dataset/CyAUG-Dataset/Laterite_Soil/30a.jpg
Loamy,7.29,27,15,30,59,Drip,61,Rice,Rice,Wheat,Low,79,26,60,27743,/content/drive/MyDrive/dataset/CyAUG-Dataset/Laterite_Soil/44.jpg
Loamy,6.63,46,37,22,35,Flood,69,Vegetables,Groundnut,Maize,Medium,162,21,77,50647,/content/drive/MyDrive/dataset/CyAUG-Dataset/Laterite_Soil/269.jpg
Clay,5.64,52,35,32,61,Flood,76,Groundnut,Groundnut,Cotton,Medium,112,26,57,66573,/content/drive/MyDrive/dataset/CyAUG-Dataset/Laterite_Soil/74.jpg
Silty,7.23,26,33,28,73,Flood,94,Wheat,Groundnut,Rice,Medium,110,32,61,72242,/content/drive/MyDrive/dataset/CyAUG-Dataset/Laterite_Soil/32a.jpg
Loamy,7.09,36,31,31,52,Sprinkler,93,Groundnut,Cotton,Maize,Low,60,26,80,62110,/content/drive/MyDrive/dataset/CyAUG-Dataset/Laterite_Soil/86.jpg
Silty,6.22,20,28,37,62,Flood,90,Wheat,Cotton,Vegetables,Medium,146,30,82,66140,/content/drive/MyDrive/dataset/CyAUG-Dataset/Laterite_Soil/83.jpg
Loamy,6.82,58,30,33,62,Drip,57,Soybean,Vegetables,Wheat,Medium,64,21,52,53016,/content/drive/MyDrive/dataset/CyAUG-Dataset/Laterite_Soil/92.jpg
Clay,7.03,21,31,30,69,Flood,61,Millet,Groundnut,Barley,Low,60,23,78,57039,/content/drive/MyDrive/dataset/CyAUG-Dataset/Laterite_Soil/291.jpg
Clay,6.29,56,38,46,79,Flood,70,Groundnut,Cotton,Sugarcane,High,192,33,53,50980,/content/drive/MyDrive/dataset/CyAUG-Dataset/Laterite_Soil/93.jpg
Sandy,6.63,55,20,34,57,Sprinkler,76,Soybean,Wheat,Barley,Low,198,33,77,66015,/content/drive/MyDrive/dataset/CyAUG-Dataset/Laterite_Soil/33.jpg
Loamy,5.98,48,38,21,54,Drip,87,Maize,Rice,Sugarcane,Low,81,27,78,77224,/content/drive/MyDrive/dataset/CyAUG-Dataset/Laterite_Soil/30b.jpg
Loamy,6.01,29,35,43,44,Drip,89,Cotton,Rice,Maize,High,176,26,74,36890,/content/drive/MyDrive/dataset/CyAUG-Dataset/Laterite_Soil/61.jpg
Silty,6.07,34,22,21,48,Sprinkler,75,Rice,Barley,Vegetables,High,59,31,52,60896,/content/drive/MyDrive/dataset/CyAUG-Dataset/Laterite_Soil/87.jpg
Silty,5.69,50,15,21,74,Sprinkler,85,Barley,Millet,Barley,Low,158,35,84,78145,/content/drive/MyDrive/dataset/CyAUG-Dataset/Laterite_Soil/27.jpg
Sandy,6.2,53,40,33,65,Sprinkler,62,Barley,Sugarcane,Vegetables,High,154,34,63,55474,/content/drive/MyDrive/dataset/CyAUG-Dataset/Laterite_Soil/43.jpg
Sandy,6.54,29,19,49,65,Sprinkler,86,Cotton,Barley,Barley,High,182,30,69,20048,/content/drive/MyDrive/dataset/CyAUG-Dataset/Laterite_Soil/92a.jpg
Loamy,7.32,47,20,32,58,Sprinkler,72,Cotton,Maize,Cotton,Medium,145,26,60,79568,/content/drive/MyDrive/dataset/CyAUG-Dataset/Laterite_Soil/46.jpg
Silty,7.18,31,18,45,31,Sprinkler,74,Groundnut,Cotton,Cotton,Low,128,32,90,34268,/content/drive/MyDrive/dataset/CyAUG-Dataset/Laterite_Soil/85.jpg
Clay,6.26,57,30,50,37,Flood,52,Groundnut,Vegetables,Cotton,Low,53,25,64,49150,/content/drive/MyDrive/dataset/CyAUG-Dataset/Laterite_Soil/63.jpg
Loamy,7.07,46,23,23,31,Drip,77,Vegetables,Rice,Rice,Medium,98,34,61,74778,/content/drive/MyDrive/dataset/CyAUG-Dataset/Laterite_Soil/47.jpg
Sandy,5.97,48,21,35,47,Drip,70,Rice,Barley,Wheat,High,162,27,81,23766,/content/drive/MyDrive/dataset/CyAUG-Dataset/Laterite_Soil/61b.jpg
Sandy,6.84,32,40,20,47,Sprinkler,56,Barley,Rice,Millet,High,123,24,83,37786,/content/drive/MyDrive/dataset/CyAUG-Dataset/Arid_Soil/143.jpg
Loamy,7.04,33,20,45,78,Flood,81,Groundnut,Sugarcane,Wheat,Medium,91,34,50,62312,/content/drive/MyDrive/dataset/CyAUG-Dataset/Arid_Soil/126.jpg
Silty,6.7,39,29,35,70,Drip,65,Groundnut,Soybean,Cotton,High,177,33,72,46584,/content/drive/MyDrive/dataset/CyAUG-Dataset/Arid_Soil/113.jpg
Clay,7.42,36,35,31,33,Drip,57,Cotton,Groundnut,Maize,Medium,189,29,72,33274,/content/drive/MyDrive/dataset/CyAUG-Dataset/Arid_Soil/138.jpg
Silty,6.09,59,15,42,80,Drip,73,Vegetables,Cotton,Rice,High,186,32,81,73359,/content/drive/MyDrive/dataset/CyAUG-Dataset/Arid_Soil/137.jpg
Clay,7.33,60,33,24,38,Drip,50,Soybean,Maize,Cotton,Medium,115,23,61,38316,/content/drive/MyDrive/dataset/CyAUG-Dataset/Arid_Soil/117.jpg
Sandy,7.11,28,31,22,43,Drip,73,Sugarcane,Maize,Soybean,Low,126,34,79,53924,/content/drive/MyDrive/dataset/CyAUG-Dataset/Arid_Soil/114.jpg
Loamy,5.56,47,39,49,65,Drip,56,Cotton,Groundnut,Soybean,Low,171,25,81,70706,/content/drive/MyDrive/dataset/CyAUG-Dataset/Arid_Soil/12.jpg
Clay,5.73,24,21,36,70,Drip,50,Rice,Maize,Millet,Low,80,35,70,50949,/content/drive/MyDrive/dataset/CyAUG-Dataset/Arid_Soil/139.jpg
Loamy,6.67,40,39,29,38,Drip,94,Cotton,Vegetables,Cotton,Medium,177,31,53,51163,/content/drive/MyDrive/dataset/CyAUG-Dataset/Arid_Soil/118.jpg
Loamy,6.42,37,40,40,59,Drip,63,Cotton,Cotton,Cotton,Low,194,25,41,69683,/content/drive/MyDrive/dataset/CyAUG-Dataset/Arid_Soil/122.jpg
Loamy,5.67,37,18,40,62,Sprinkler,55,Wheat,Cotton,Soybean,Medium,183,20,84,60284,/content/drive/MyDrive/dataset/CyAUG-Dataset/Arid_Soil/130.jpg
Sandy,5.66,32,25,45,49,Sprinkler,57,Maize,Maize,Soybean,Medium,153,22,85,61685,/content/drive/MyDrive/dataset/CyAUG-Dataset/Arid_Soil/104.jpg
Sandy,7.33,33,39,31,69,Flood,95,Sugarcane,Wheat,Groundnut,High,124,35,82,58750,/content/drive/MyDrive/dataset/CyAUG-Dataset/Arid_Soil/140a.jpg
Loamy,5.75,42,27,47,80,Sprinkler,59,Vegetables,Barley,Sugarcane,Low,166,27,61,27160,/content/drive/MyDrive/dataset/CyAUG-Dataset/Arid_Soil/123.jpg
Loamy,6.85,23,37,30,47,Sprinkler,51,Rice,Sugarcane,Sugarcane,Low,73,25,80,67818,/content/drive/MyDrive/dataset/CyAUG-Dataset/Arid_Soil/140.jpg
Clay,6.8,39,40,23,33,Drip,55,Wheat,Vegetables,Vegetables,Medium,121,29,64,55398,/content/drive/MyDrive/dataset/CyAUG-Dataset/Arid_Soil/135.jpg
Sandy,5.83,52,21,31,65,Flood,94,Sugarcane,Maize,Wheat,Low,199,25,53,75293,/content/drive/MyDrive/dataset/CyAUG-Dataset/Arid_Soil/142.jpg
Clay,6.31,59,31,37,63,Sprinkler,80,Maize,Millet,Groundnut,High,194,34,72,41592,/content/drive/MyDrive/dataset/CyAUG-Dataset/Arid_Soil/136.jpg
Sandy,5.67,23,15,20,47,Drip,83,Barley,Groundnut,Sugarcane,High,133,33,43,47298,/content/drive/MyDrive/dataset/CyAUG-Dataset/Arid_Soil/1.jpg
Silty,7.12,40,31,42,77,Flood,83,Millet,Vegetables,Wheat,Low,79,20,58,32346,/content/drive/MyDrive/dataset/CyAUG-Dataset/Arid_Soil/121.jpg
Sandy,6.28,48,34,48,67,Drip,65,Barley,Barley,Wheat,Medium,163,30,89,48723,/content/drive/MyDrive/dataset/CyAUG-Dataset/Arid_Soil/103.jpg
Loamy,7.31,58,15,22,39,Flood,65,Rice,Barley,Maize,High,192,29,44,39562,/content/drive/MyDrive/dataset/CyAUG-Dataset/Arid_Soil/134.jpg
Loamy,5.54,50,19,50,58,Flood,77,Sugarcane,Millet,Wheat,High,144,32,89,51393,/content/drive/MyDrive/dataset/CyAUG-Dataset/Arid_Soil/128.jpg
Clay,5.77,31,33,34,64,Flood,80,Wheat,Millet,Barley,High,98,21,41,70067,/content/drive/MyDrive/dataset/CyAUG-Dataset/Arid_Soil/108.jpg
Silty,6.77,20,40,35,33,Flood,90,Wheat,Soybean,Vegetables,High,165,34,66,68681,/content/drive/MyDrive/dataset/CyAUG-Dataset/Arid_Soil/124.jpg
Sandy,6.78,54,38,45,46,Flood,71,Barley,Cotton,Barley,Medium,134,30,81,71503,/content/drive/MyDrive/dataset/CyAUG-Dataset/Arid_Soil/127.jpg
Silty,6.68,48,27,30,41,Sprinkler,73,Millet,Vegetables,Wheat,Medium,181,27,62,59798,/content/drive/MyDrive/dataset/CyAUG-Dataset/Arid_Soil/135a.jpg
Clay,6.18,27,36,47,37,Sprinkler,86,Cotton,Wheat,Barley,High,151,24,90,66228,/content/drive/MyDrive/dataset/CyAUG-Dataset/Arid_Soil/100.jpg
Loamy,7.23,44,20,46,77,Sprinkler,70,Sugarcane,Sugarcane,Rice,Medium,160,33,62,48717,/content/drive/MyDrive/dataset/CyAUG-Dataset/Arid_Soil/13.jpg
Loamy,5.97,26,34,44,66,Sprinkler,51,Barley,Millet,Groundnut,Medium,133,26,42,61100,/content/drive/MyDrive/dataset/CyAUG-Dataset/Arid_Soil/111.jpg
Sandy,7.29,45,38,37,44,Drip,51,Vegetables,Maize,Millet,Medium,130,27,68,64785,/content/drive/MyDrive/dataset/CyAUG-Dataset/Arid_Soil/11.jpg
Silty,5.64,38,16,47,70,Flood,82,Barley,Cotton,Millet,High,195,31,64,71134,/content/drive/MyDrive/dataset/CyAUG-Dataset/Arid_Soil/129.jpg
Sandy,6.77,50,38,20,71,Flood,94,Soybean,Groundnut,Rice,Low,185,28,63,65745,/content/drive/MyDrive/dataset/CyAUG-Dataset/Arid_Soil/106.jpg
Sandy,7.15,59,35,43,51,Drip,78,Soybean,Cotton,Millet,Medium,107,32,58,59214,/content/drive/MyDrive/dataset/CyAUG-Dataset/Arid_Soil/132.jpg
Silty,7.08,25,27,27,49,Drip,78,Soybean,Maize,Barley,Low,149,32,72,71259,/content/drive/MyDrive/dataset/CyAUG-Dataset/Arid_Soil/109.jpg
Clay,5.99,55,17,25,55,Drip,62,Sugarcane,Cotton,Barley,High,83,21,41,79986,/content/drive/MyDrive/dataset/CyAUG-Dataset/Arid_Soil/112.jpg
Sandy,6.36,55,30,39,66,Sprinkler,55,Rice,Sugarcane,Vegetables,Medium,193,31,51,48703,/content/drive/MyDrive/dataset/CyAUG-Dataset/Arid_Soil/141.jpg
Clay,7.36,47,37,28,53,Sprinkler,84,Vegetables,Groundnut,Millet,Medium,181,24,52,52734,/content/drive/MyDrive/dataset/CyAUG-Dataset/Arid_Soil/125.jpg
Silty,6.03,57,22,35,59,Drip,70,Soybean,Vegetables,Barley,Medium,89,34,47,46358,/content/drive/MyDrive/dataset/CyAUG-Dataset/Arid_Soil/10.jpg
Clay,7.23,25,19,33,34,Flood,94,Cotton,Rice,Vegetables,High,98,28,84,54613,/content/drive/MyDrive/dataset/CyAUG-Dataset/Arid_Soil/104a.jpg
Sandy,6.48,36,38,29,57,Flood,52,Vegetables,Vegetables,Cotton,Medium,87,30,65,25293,/content/drive/MyDrive/dataset/CyAUG-Dataset/Arid_Soil/120.jpg
Sandy,6.77,34,34,48,76,Sprinkler,84,Soybean,Barley,Wheat,Medium,78,24,84,34699,/content/drive/MyDrive/dataset/CyAUG-Dataset/Arid_Soil/101.jpg
Sandy,7.05,41,32,38,38,Sprinkler,71,Barley,Maize,Maize,Low,146,32,69,25873,/content/drive/MyDrive/dataset/CyAUG-Dataset/Arid_Soil/107.jpg
Sandy,7.19,30,35,27,37,Flood,74,Vegetables,Vegetables,Cotton,Medium,93,23,79,39107,/content/drive/MyDrive/dataset/CyAUG-Dataset/Arid_Soil/116.jpg
Clay,6.61,32,17,29,42,Sprinkler,92,Soybean,Sugarcane,Groundnut,High,191,25,64,51175,/content/drive/MyDrive/dataset/CyAUG-Dataset/Arid_Soil/115.jpg
Loamy,5.57,30,26,30,57,Sprinkler,74,Millet,Sugarcane,Maize,Medium,152,20,43,57708,/content/drive/MyDrive/dataset/CyAUG-Dataset/Arid_Soil/144.jpg
Clay,5.67,50,27,21,35,Drip,58,Sugarcane,Maize,Maize,High,150,24,72,54820,/content/drive/MyDrive/dataset/CyAUG-Dataset/Arid_Soil/131.jpg
Silty,7.23,28,24,33,45,Drip,75,Rice,Vegetables,Rice,Medium,188,23,80,72873,/content/drive/MyDrive/dataset/CyAUG-Dataset/Arid_Soil/133.jpg
Sandy,7.11,37,26,31,36,Sprinkler,57,Cotton,Rice,Wheat,High,117,22,75,57549,/content/drive/MyDrive/dataset/CyAUG-Dataset/Arid_Soil/14.jpg
Loamy,7.39,27,17,33,37,Sprinkler,93,Soybean,Wheat,Millet,Low,126,28,58,38965,/content/drive/MyDrive/dataset/CyAUG-Dataset/Arid_Soil/119.jpg
Loamy,6.56,26,30,25,62,Flood,50,Groundnut,Cotton,Rice,Medium,78,33,52,41945,/content/drive/MyDrive/dataset/CyAUG-Dataset/Arid_Soil/169.jpg
Loamy,6.17,53,33,28,39,Sprinkler,68,Soybean,Cotton,Barley,Medium,149,31,87,48921,/content/drive/MyDrive/dataset/CyAUG-Dataset/Arid_Soil/191.jpg
Silty,7.07,26,20,36,63,Sprinkler,66,Millet,Barley,Barley,Medium,182,22,90,39079,/content/drive/MyDrive/dataset/CyAUG-Dataset/Arid_Soil/204.jpg
Silty,6.93,42,33,20,54,Sprinkler,64,Barley,Maize,Barley,High,75,32,41,60236,/content/drive/MyDrive/dataset/CyAUG-Dataset/Arid_Soil/157.jpg
Clay,5.85,44,30,35,77,Flood,87,Maize,Maize,Groundnut,High,137,33,81,38283,/content/drive/MyDrive/dataset/CyAUG-Dataset/Arid_Soil/165.jpg
Sandy,7.17,48,16,24,67,Sprinkler,88,Cotton,Groundnut,Vegetables,High,111,34,60,52107,/content/drive/MyDrive/dataset/CyAUG-Dataset/Arid_Soil/172.jpg
Sandy,7.36,52,38,22,77,Sprinkler,51,Wheat,Rice,Millet,Medium,128,26,58,63571,/content/drive/MyDrive/dataset/CyAUG-Dataset/Arid_Soil/190.jpg
Clay,6.34,35,35,20,79,Drip,64,Wheat,Groundnut,Maize,Low,78,29,74,46476,/content/drive/MyDrive/dataset/CyAUG-Dataset/Arid_Soil/243b.jpg
Silty,7.3,35,39,21,31,Sprinkler,92,Millet,Vegetables,Sugarcane,Medium,176,20,59,77475,/content/drive/MyDrive/dataset/CyAUG-Dataset/Arid_Soil/221.jpg
Clay,6.99,35,26,45,33,Sprinkler,92,Cotton,Millet,Sugarcane,High,73,22,73,61149,/content/drive/MyDrive/dataset/CyAUG-Dataset/Arid_Soil/16b.jpg
Sandy,5.99,34,17,21,47,Flood,65,Barley,Rice,Wheat,Low,184,27,49,37607,/content/drive/MyDrive/dataset/CyAUG-Dataset/Arid_Soil/21.jpg
Silty,6.33,32,29,29,65,Sprinkler,56,Wheat,Millet,Wheat,High,159,21,43,71147,/content/drive/MyDrive/dataset/CyAUG-Dataset/Arid_Soil/181.jpg
Silty,6.15,36,40,27,42,Drip,85,Barley,Millet,Rice,High,182,33,58,48068,/content/drive/MyDrive/dataset/CyAUG-Dataset/Arid_Soil/158.jpg
Clay,5.78,54,39,38,44,Sprinkler,66,Sugarcane,Sugarcane,Groundnut,High,182,32,60,66283,/content/drive/MyDrive/dataset/CyAUG-Dataset/Arid_Soil/149.jpg
Silty,7.26,60,37,31,75,Drip,56,Cotton,Groundnut,Millet,Low,52,32,82,78736,/content/drive/MyDrive/dataset/CyAUG-Dataset/Arid_Soil/168.jpg
Loamy,6.17,48,36,22,79,Drip,76,Cotton,Rice,Vegetables,Low,162,24,53,30745,/content/drive/MyDrive/dataset/CyAUG-Dataset/Arid_Soil/183c.jpg
Loamy,6.14,24,35,24,35,Flood,85,Groundnut,Soybean,Soybean,Low,64,31,59,45613,/content/drive/MyDrive/dataset/CyAUG-Dataset/Arid_Soil/160.jpg
Loamy,7.17,42,34,42,36,Drip,73,Maize,Rice,Millet,Medium,138,34,60,33712,/content/drive/MyDrive/dataset/CyAUG-Dataset/Arid_Soil/192.jpg
Clay,5.86,55,24,45,32,Flood,60,Rice,Wheat,Vegetables,Low,154,27,70,61658,/content/drive/MyDrive/dataset/CyAUG-Dataset/Arid_Soil/156.jpg
Clay,7.3,54,28,30,47,Drip,80,Maize,Groundnut,Rice,Medium,84,33,61,47993,/content/drive/MyDrive/dataset/CyAUG-Dataset/Arid_Soil/196.jpg
Loamy,6.51,32,19,42,31,Sprinkler,67,Maize,Vegetables,Wheat,High,56,32,79,46796,/content/drive/MyDrive/dataset/CyAUG-Dataset/Arid_Soil/213c.jpg
Clay,6.04,30,32,32,59,Drip,54,Wheat,Wheat,Soybean,Low,195,20,42,79082,/content/drive/MyDrive/dataset/CyAUG-Dataset/Arid_Soil/220.jpg
Loamy,6.09,42,18,43,60,Flood,77,Barley,Vegetables,Maize,Medium,112,32,43,48345,/content/drive/MyDrive/dataset/CyAUG-Dataset/Arid_Soil/208.jpg
Clay,7.08,29,37,46,34,Flood,95,Soybean,Sugarcane,Soybean,Low,166,33,43,75002,/content/drive/MyDrive/dataset/CyAUG-Dataset/Arid_Soil/213a.jpg
Loamy,6.11,56,27,43,76,Sprinkler,75,Millet,Millet,Vegetables,Low,108,24,64,77562,/content/drive/MyDrive/dataset/CyAUG-Dataset/Arid_Soil/198a.jpg
Sandy,6.88,29,40,41,69,Flood,91,Groundnut,Groundnut,Maize,High,50,33,67,57603,/content/drive/MyDrive/dataset/CyAUG-Dataset/Arid_Soil/18.jpg
Silty,5.89,33,17,31,67,Flood,67,Vegetables,Vegetables,Maize,Medium,53,31,72,40019,/content/drive/MyDrive/dataset/CyAUG-Dataset/Arid_Soil/166.jpg
Sandy,6.09,46,27,35,62,Flood,52,Cotton,Rice,Barley,Medium,106,29,67,22053,/content/drive/MyDrive/dataset/CyAUG-Dataset/Arid_Soil/241b.jpg
Sandy,5.76,23,19,22,32,Drip,87,Maize,Barley,Maize,Low,50,27,53,33404,/content/drive/MyDrive/dataset/CyAUG-Dataset/Arid_Soil/224.jpg
Sandy,7.18,58,35,23,52,Drip,84,Sugarcane,Rice,Rice,Medium,67,35,77,31429,/content/drive/MyDrive/dataset/CyAUG-Dataset/Arid_Soil/18b.jpg
Clay,7.29,56,28,50,37,Sprinkler,81,Soybean,Maize,Groundnut,Medium,195,34,64,37775,/content/drive/MyDrive/dataset/CyAUG-Dataset/Arid_Soil/23.jpg
Clay,6.92,44,32,34,41,Sprinkler,68,Sugarcane,Millet,Rice,Medium,69,20,64,45008,/content/drive/MyDrive/dataset/CyAUG-Dataset/Arid_Soil/230.jpg
Loamy,7.36,53,40,44,44,Drip,77,Vegetables,Vegetables,Maize,Low,76,32,82,78670,/content/drive/MyDrive/dataset/CyAUG-Dataset/Arid_Soil/235.jpg
Clay,6.27,48,23,48,44,Sprinkler,57,Millet,Wheat,Rice,Low,189,23,70,34157,/content/drive/MyDrive/dataset/CyAUG-Dataset/Arid_Soil/182.jpg
Sandy,5.61,41,29,21,64,Sprinkler,83,Maize,Wheat,Cotton,Low,158,20,52,66587,/content/drive/MyDrive/dataset/CyAUG-Dataset/Arid_Soil/154.jpg
Silty,6.01,33,31,26,46,Drip,74,Sugarcane,Maize,Millet,Low,193,31,48,74801,/content/drive/MyDrive/dataset/CyAUG-Dataset/Arid_Soil/180.jpg
Clay,6.54,28,20,50,45,Flood,80,Barley,Sugarcane,Groundnut,Low,64,31,50,62002,/content/drive/MyDrive/dataset/CyAUG-Dataset/Arid_Soil/178.jpg
Loamy,6.82,31,32,33,47,Drip,92,Soybean,Cotton,Millet,High,194,29,84,69003,/content/drive/MyDrive/dataset/CyAUG-Dataset/Arid_Soil/231.jpg
Silty,5.72,36,37,49,80,Drip,84,Millet,Millet,Cotton,High,51,35,45,37451,/content/drive/MyDrive/dataset/CyAUG-Dataset/Arid_Soil/2.jpg
Loamy,7.04,32,18,21,45,Drip,57,Cotton,Sugarcane,Barley,High,63,28,83,65977,/content/drive/MyDrive/dataset/CyAUG-Dataset/Arid_Soil/197.jpg
Silty,7.34,35,25,45,57,Flood,75,Maize,Cotton,Sugarcane,High,115,23,51,73467,/content/drive/MyDrive/dataset/CyAUG-Dataset/Arid_Soil/240.jpg
Sandy,6.43,46,18,34,36,Drip,78,Sugarcane,Groundnut,Maize,Low,78,22,80,56796,/content/drive/MyDrive/dataset/CyAUG-Dataset/Arid_Soil/223.jpg
Loamy,6.0,36,34,27,71,Sprinkler,95,Rice,Millet,Wheat,Medium,121,32,61,71335,/content/drive/MyDrive/dataset/CyAUG-Dataset/Arid_Soil/230a.jpg
Loamy,5.64,54,17,21,71,Drip,58,Barley,Soybean,Groundnut,High,163,30,86,77840,/content/drive/MyDrive/dataset/CyAUG-Dataset/Arid_Soil/151.jpg
Silty,7.4,42,37,31,47,Flood,91,Barley,Groundnut,Vegetables,Medium,58,29,52,67594,/content/drive/MyDrive/dataset/CyAUG-Dataset/Arid_Soil/244.jpg
Loamy,6.65,59,27,21,70,Drip,95,Barley,Groundnut,Barley,Medium,151,27,89,75067,/content/drive/MyDrive/dataset/CyAUG-Dataset/Arid_Soil/207.jpg
Clay,7.32,25,38,24,56,Flood,63,Cotton,Cotton,Rice,High,76,30,57,71498,/content/drive/MyDrive/dataset/CyAUG-Dataset/Arid_Soil/243.jpg
Sandy,6.14,60,36,50,34,Sprinkler,75,Maize,Soybean,Rice,High,160,28,51,51582,/content/drive/MyDrive/dataset/CyAUG-Dataset/Arid_Soil/170.jpg
Loamy,7.12,29,40,40,74,Drip,86,Cotton,Maize,Vegetables,Medium,135,31,60,51788,/content/drive/MyDrive/dataset/CyAUG-Dataset/Arid_Soil/186.jpg
Loamy,5.68,52,15,40,75,Drip,53,Sugarcane,Rice,Barley,High,179,28,72,30095,/content/drive/MyDrive/dataset/CyAUG-Dataset/Arid_Soil/150.jpg
Silty,5.79,48,39,42,54,Drip,53,Rice,Wheat,Vegetables,Low,67,27,84,37122,/content/drive/MyDrive/dataset/CyAUG-Dataset/Arid_Soil/144a.jpg
Sandy,7.04,38,20,35,61,Flood,82,Soybean,Soybean,Wheat,High,188,32,74,66888,/content/drive/MyDrive/dataset/CyAUG-Dataset/Arid_Soil/232.jpg
Sandy,6.92,35,22,26,52,Drip,80,Maize,Millet,Groundnut,High,172,27,84,28981,/content/drive/MyDrive/dataset/CyAUG-Dataset/Arid_Soil/219.jpg
Sandy,6.29,21,33,34,44,Sprinkler,69,Vegetables,Millet,Groundnut,High,111,28,78,77812,/content/drive/MyDrive/dataset/CyAUG-Dataset/Arid_Soil/210.jpg
Loamy,5.7,49,37,24,74,Flood,74,Sugarcane,Rice,Soybean,Medium,99,30,64,63754,/content/drive/MyDrive/dataset/CyAUG-Dataset/Arid_Soil/183.jpg
Clay,6.38,36,21,32,35,Sprinkler,61,Sugarcane,Sugarcane,Rice,High,158,22,80,63693,/content/drive/MyDrive/dataset/CyAUG-Dataset/Arid_Soil/16a.jpg
Clay,5.86,37,18,34,40,Sprinkler,87,Maize,Barley,Vegetables,Medium,173,23,57,23703,/content/drive/MyDrive/dataset/CyAUG-Dataset/Arid_Soil/152.jpg
Silty,7.31,44,18,40,73,Drip,92,Soybean,Maize,Cotton,Low,91,32,89,35714,/content/drive/MyDrive/dataset/CyAUG-Dataset/Arid_Soil/218.jpg
Clay,5.93,59,22,30,44,Drip,88,Barley,Sugarcane,Groundnut,Low,176,22,44,28024,/content/drive/MyDrive/dataset/CyAUG-Dataset/Arid_Soil/229.jpg
Silty,7.34,48,27,42,64,Flood,80,Cotton,Maize,Wheat,Low,160,26,60,37446,/content/drive/MyDrive/dataset/CyAUG-Dataset/Arid_Soil/234.jpg
Sandy,6.97,32,40,26,77,Sprinkler,52,Rice,Groundnut,Rice,Low,118,20,87,61877,/content/drive/MyDrive/dataset/CyAUG-Dataset/Arid_Soil/241a.jpg
Silty,6.64,20,17,29,73,Sprinkler,83,Groundnut,Millet,Vegetables,Medium,77,29,50,48257,/content/drive/MyDrive/dataset/CyAUG-Dataset/Arid_Soil/209.jpg
Silty,6.81,60,33,32,44,Flood,90,Soybean,Vegetables,Soybean,Low,51,33,50,34714,/content/drive/MyDrive/dataset/CyAUG-Dataset/Arid_Soil/191a.jpg
Sandy,6.39,31,35,27,38,Flood,81,Wheat,Wheat,Sugarcane,Medium,64,22,48,56988,/content/drive/MyDrive/dataset/CyAUG-Dataset/Arid_Soil/173.jpg
Silty,6.37,57,16,38,62,Sprinkler,55,Rice,Groundnut,Vegetables,Medium,96,21,71,42980,/content/drive/MyDrive/dataset/CyAUG-Dataset/Arid_Soil/193.jpg
Loamy,5.85,31,32,21,54,Flood,62,Groundnut,Vegetables,Rice,Medium,178,32,53,58132,/content/drive/MyDrive/dataset/CyAUG-Dataset/Arid_Soil/243a.jpg
Clay,6.88,23,29,35,49,Sprinkler,74,Groundnut,Maize,Cotton,Medium,91,25,81,37202,/content/drive/MyDrive/dataset/CyAUG-Dataset/Arid_Soil/159.jpg
Sandy,6.79,29,31,41,52,Drip,54,Millet,Millet,Groundnut,Low,126,21,67,54752,/content/drive/MyDrive/dataset/CyAUG-Dataset/Arid_Soil/217.jpg
Sandy,7.08,52,33,36,37,Sprinkler,81,Sugarcane,Wheat,Wheat,Low,138,32,53,36912,/content/drive/MyDrive/dataset/CyAUG-Dataset/Arid_Soil/225.jpg
Clay,6.08,31,16,48,42,Drip,70,Sugarcane,Groundnut,Vegetables,Low,126,31,56,48690,/content/drive/MyDrive/dataset/CyAUG-Dataset/Arid_Soil/239.jpg
Sandy,6.97,35,20,43,43,Flood,79,Soybean,Barley,Vegetables,Low,58,23,82,53413,/content/drive/MyDrive/dataset/CyAUG-Dataset/Arid_Soil/207a.jpg
Sandy,7.29,27,30,45,60,Flood,90,Groundnut,Millet,Groundnut,Medium,151,30,75,31004,/content/drive/MyDrive/dataset/CyAUG-Dataset/Arid_Soil/216.jpg
Clay,6.33,36,32,50,31,Drip,80,Barley,Barley,Millet,Low,64,34,58,73112,/content/drive/MyDrive/dataset/CyAUG-Dataset/Arid_Soil/15.jpg
Sandy,6.94,51,28,23,55,Sprinkler,88,Soybean,Millet,Millet,High,107,26,43,61436,/content/drive/MyDrive/dataset/CyAUG-Dataset/Arid_Soil/177.jpg
Sandy,6.73,40,29,46,55,Flood,65,Sugarcane,Maize,Millet,Low,173,21,45,60866,/content/drive/MyDrive/dataset/CyAUG-Dataset/Arid_Soil/164.jpg
Sandy,6.72,27,27,34,34,Drip,78,Wheat,Soybean,Cotton,High,84,21,60,28360,/content/drive/MyDrive/dataset/CyAUG-Dataset/Arid_Soil/189.jpg
Clay,5.81,32,15,26,59,Drip,80,Groundnut,Wheat,Soybean,Medium,191,32,67,35512,/content/drive/MyDrive/dataset/CyAUG-Dataset/Arid_Soil/237.jpg
Sandy,6.29,36,25,41,78,Drip,73,Vegetables,Groundnut,Soybean,Low,120,29,78,31051,/content/drive/MyDrive/dataset/CyAUG-Dataset/Arid_Soil/206.jpg
Silty,5.54,33,21,42,37,Flood,69,Barley,Groundnut,Vegetables,Low,190,23,42,40602,/content/drive/MyDrive/dataset/CyAUG-Dataset/Arid_Soil/241.jpg
Clay,6.03,41,34,47,52,Drip,64,Vegetables,Wheat,Vegetables,Medium,67,33,42,57966,/content/drive/MyDrive/dataset/CyAUG-Dataset/Arid_Soil/203.jpg
Silty,6.2,42,24,24,36,Sprinkler,63,Cotton,Wheat,Vegetables,Low,122,21,61,33678,/content/drive/MyDrive/dataset/CyAUG-Dataset/Arid_Soil/242.jpg
Sandy,6.56,57,16,35,32,Drip,76,Millet,Wheat,Sugarcane,High,98,23,81,41603,/content/drive/MyDrive/dataset/CyAUG-Dataset/Arid_Soil/211.jpg
Loamy,5.9,59,27,40,64,Sprinkler,88,Sugarcane,Groundnut,Vegetables,Low,182,20,84,25553,/content/drive/MyDrive/dataset/CyAUG-Dataset/Arid_Soil/179.jpg
Clay,7.18,25,21,21,41,Drip,56,Millet,Millet,Millet,Medium,129,29,53,73194,/content/drive/MyDrive/dataset/CyAUG-Dataset/Arid_Soil/215.jpg
Clay,7.28,53,25,39,69,Sprinkler,68,Soybean,Cotton,Millet,Medium,90,28,90,25747,/content/drive/MyDrive/dataset/CyAUG-Dataset/Arid_Soil/161.jpg
Silty,6.7,37,29,28,55,Sprinkler,56,Maize,Wheat,Cotton,Medium,178,20,90,31830,/content/drive/MyDrive/dataset/CyAUG-Dataset/Arid_Soil/163.jpg
Clay,6.88,31,29,50,34,Drip,68,Millet,Cotton,Millet,Medium,67,22,56,71732,/content/drive/MyDrive/dataset/CyAUG-Dataset/Arid_Soil/155.jpg
Silty,5.64,38,40,30,32,Flood,91,Sugarcane,Soybean,Soybean,High,78,33,70,53977,/content/drive/MyDrive/dataset/CyAUG-Dataset/Arid_Soil/213.jpg
Silty,6.97,31,37,41,57,Flood,69,Barley,Barley,Cotton,Medium,61,26,46,61488,/content/drive/MyDrive/dataset/CyAUG-Dataset/Arid_Soil/195.jpg
Sandy,7.3,57,35,48,43,Drip,83,Groundnut,Maize,Wheat,Low,165,28,50,56098,/content/drive/MyDrive/dataset/CyAUG-Dataset/Arid_Soil/233.jpg
Silty,7.39,29,17,38,31,Drip,67,Soybean,Groundnut,Sugarcane,Low,163,25,40,39354,/content/drive/MyDrive/dataset/CyAUG-Dataset/Arid_Soil/188.jpg
Loamy,6.4,20,16,28,42,Drip,68,Groundnut,Cotton,Vegetables,Low,195,31,82,46498,/content/drive/MyDrive/dataset/CyAUG-Dataset/Arid_Soil/17.jpg
Loamy,7.29,45,35,40,31,Sprinkler,94,Cotton,Millet,Sugarcane,High,128,20,87,69898,/content/drive/MyDrive/dataset/CyAUG-Dataset/Arid_Soil/183b.jpg
Sandy,5.72,52,25,41,80,Sprinkler,73,Sugarcane,Barley,Rice,High,128,28,62,46439,/content/drive/MyDrive/dataset/CyAUG-Dataset/Arid_Soil/22.jpg
Clay,5.56,49,24,49,36,Sprinkler,55,Barley,Cotton,Groundnut,Medium,129,35,80,59180,/content/drive/MyDrive/dataset/CyAUG-Dataset/Arid_Soil/213b.jpg
Loamy,6.01,36,28,36,68,Drip,71,Cotton,Cotton,Groundnut,Medium,195,31,84,64741,/content/drive/MyDrive/dataset/CyAUG-Dataset/Arid_Soil/24.jpg
Silty,6.89,41,15,35,78,Sprinkler,72,Barley,Maize,Groundnut,Low,181,24,54,23895,/content/drive/MyDrive/dataset/CyAUG-Dataset/Arid_Soil/184.jpg
Silty,6.19,27,37,29,66,Drip,68,Wheat,Wheat,Maize,Medium,66,24,82,21611,/content/drive/MyDrive/dataset/CyAUG-Dataset/Arid_Soil/198.jpg
Silty,6.72,46,36,46,76,Drip,87,Soybean,Sugarcane,Maize,Low,169,26,74,48007,/content/drive/MyDrive/dataset/CyAUG-Dataset/Arid_Soil/20.jpg
Silty,6.11,47,21,48,42,Sprinkler,75,Groundnut,Vegetables,Wheat,High,116,35,59,55750,/content/drive/MyDrive/dataset/CyAUG-Dataset/Arid_Soil/174.jpg
Sandy,6.06,27,25,20,45,Sprinkler,85,Barley,Wheat,Cotton,Low,106,22,75,46648,/content/drive/MyDrive/dataset/CyAUG-Dataset/Arid_Soil/214.jpg
Loamy,6.93,33,28,22,69,Sprinkler,55,Wheat,Vegetables,Vegetables,High,145,28,70,56062,/content/drive/MyDrive/dataset/CyAUG-Dataset/Arid_Soil/175.jpg
Silty,6.49,33,18,32,67,Drip,75,Wheat,Vegetables,Groundnut,Medium,200,22,64,29925,/content/drive/MyDrive/dataset/CyAUG-Dataset/Arid_Soil/185.jpg
Sandy,5.54,21,34,35,43,Flood,52,Groundnut,Soybean,Millet,Low,102,33,83,78745,/content/drive/MyDrive/dataset/CyAUG-Dataset/Arid_Soil/16.jpg
Clay,5.78,24,15,39,41,Drip,88,Vegetables,Wheat,Vegetables,Low,58,31,48,59630,/content/drive/MyDrive/dataset/CyAUG-Dataset/Arid_Soil/227.jpg
Silty,5.6,51,18,38,31,Flood,54,Wheat,Maize,Maize,High,133,22,55,40577,/content/drive/MyDrive/dataset/CyAUG-Dataset/Arid_Soil/162.jpg
Loamy,6.04,22,39,39,78,Sprinkler,91,Wheat,Cotton,Maize,Low,191,35,79,27040,/content/drive/MyDrive/dataset/CyAUG-Dataset/Arid_Soil/18a.jpg
Silty,6.54,27,23,43,41,Flood,51,Sugarcane,Groundnut,Millet,Medium,172,28,47,25705,/content/drive/MyDrive/dataset/CyAUG-Dataset/Arid_Soil/146.jpg
Clay,6.23,52,29,50,75,Sprinkler,51,Sugarcane,Wheat,Soybean,High,160,26,67,65730,/content/drive/MyDrive/dataset/CyAUG-Dataset/Arid_Soil/171.jpg
Clay,7.2,28,15,50,36,Sprinkler,55,Rice,Rice,Millet,Low,105,32,84,48441,/content/drive/MyDrive/dataset/CyAUG-Dataset/Arid_Soil/194.jpg
Sandy,5.96,50,34,26,33,Flood,51,Rice,Sugarcane,Cotton,High,74,33,45,73947,/content/drive/MyDrive/dataset/CyAUG-Dataset/Arid_Soil/245.jpg
Loamy,7.12,43,29,38,36,Drip,66,Soybean,Wheat,Rice,High,93,34,53,24004,/content/drive/MyDrive/dataset/CyAUG-Dataset/Arid_Soil/236.jpg
Silty,6.91,40,32,23,69,Flood,91,Sugarcane,Maize,Sugarcane,Medium,85,29,48,38499,/content/drive/MyDrive/dataset/CyAUG-Dataset/Arid_Soil/205.jpg
Loamy,6.33,39,35,47,46,Sprinkler,77,Rice,Wheat,Soybean,Low,93,34,88,55964,/content/drive/MyDrive/dataset/CyAUG-Dataset/Arid_Soil/153.jpg
Loamy,6.8,46,36,36,43,Flood,87,Vegetables,Vegetables,Soybean,Medium,158,21,89,78285,/content/drive/MyDrive/dataset/CyAUG-Dataset/Arid_Soil/19.jpg
Loamy,5.72,60,40,28,64,Flood,62,Soybean,Soybean,Rice,High,56,26,57,79111,/content/drive/MyDrive/dataset/CyAUG-Dataset/Arid_Soil/147.jpg
Clay,6.26,30,15,21,47,Sprinkler,51,Rice,Soybean,Maize,Low,82,23,59,43699,/content/drive/MyDrive/dataset/CyAUG-Dataset/Arid_Soil/145.jpg
Clay,6.09,56,26,26,79,Drip,72,Groundnut,Cotton,Vegetables,High,84,29,45,20456,/content/drive/MyDrive/dataset/CyAUG-Dataset/Arid_Soil/183a.jpg
Silty,5.83,59,29,42,65,Flood,61,Maize,Barley,Millet,Low,133,27,57,46798,/content/drive/MyDrive/dataset/CyAUG-Dataset/Arid_Soil/148.jpg
Sandy,6.08,31,39,36,32,Sprinkler,86,Barley,Sugarcane,Millet,High,75,21,86,26805,/content/drive/MyDrive/dataset/CyAUG-Dataset/Arid_Soil/176.jpg
Loamy,6.25,55,27,33,36,Flood,70,Wheat,Groundnut,Vegetables,Low,73,26,61,30560,/content/drive/MyDrive/dataset/CyAUG-Dataset/Arid_Soil/228.jpg
Loamy,6.65,32,38,38,39,Sprinkler,74,Groundnut,Vegetables,Cotton,Medium,136,22,47,51297,/content/drive/MyDrive/dataset/CyAUG-Dataset/Arid_Soil/212.jpg
Sandy,5.57,37,36,27,48,Drip,77,Maize,Vegetables,Sugarcane,High,122,26,52,70665,/content/drive/MyDrive/dataset/CyAUG-Dataset/Arid_Soil/201.jpg
Loamy,6.51,26,15,45,73,Flood,57,Cotton,Cotton,Cotton,Medium,55,20,45,43129,/content/drive/MyDrive/dataset/CyAUG-Dataset/Arid_Soil/167.jpg
Silty,7.24,40,34,34,46,Sprinkler,78,Millet,Vegetables,Millet,Low,50,29,80,47967,/content/drive/MyDrive/dataset/CyAUG-Dataset/Arid_Soil/244a.jpg
Silty,7.47,21,32,42,41,Flood,85,Wheat,Groundnut,Millet,High,142,32,54,56241,/content/drive/MyDrive/dataset/CyAUG-Dataset/Arid_Soil/163a.jpg
Silty,7.28,36,39,42,78,Sprinkler,91,Wheat,Wheat,Wheat,Low,125,31,51,45276,/content/drive/MyDrive/dataset/CyAUG-Dataset/Arid_Soil/199.jpg
Clay,6.19,58,36,38,45,Flood,55,Wheat,Sugarcane,Vegetables,Medium,132,32,55,36069,/content/drive/MyDrive/dataset/CyAUG-Dataset/Arid_Soil/226.jpg
Sandy,5.84,30,28,23,41,Sprinkler,69,Barley,Millet,Rice,High,147,24,63,40404,/content/drive/MyDrive/dataset/CyAUG-Dataset/Arid_Soil/187.jpg
Clay,6.09,59,23,36,76,Flood,93,Cotton,Vegetables,Vegetables,Low,87,27,70,73426,/content/drive/MyDrive/dataset/CyAUG-Dataset/Arid_Soil/238.jpg
Clay,6.34,44,27,41,73,Sprinkler,94,Barley,Wheat,Groundnut,Low,176,33,69,20729,/content/drive/MyDrive/dataset/CyAUG-Dataset/Arid_Soil/84.jpg
Sandy,5.59,50,30,37,35,Drip,58,Rice,Vegetables,Soybean,Low,134,35,75,51002,/content/drive/MyDrive/dataset/CyAUG-Dataset/Arid_Soil/47.jpg
Clay,6.07,25,34,28,48,Sprinkler,67,Barley,Cotton,Sugarcane,Low,185,32,46,55863,/content/drive/MyDrive/dataset/CyAUG-Dataset/Arid_Soil/35.jpg
Silty,5.68,43,19,32,55,Drip,87,Rice,Barley,Rice,Medium,178,28,44,63520,/content/drive/MyDrive/dataset/CyAUG-Dataset/Arid_Soil/59.jpg
Clay,7.36,59,18,21,46,Drip,90,Millet,Barley,Rice,High,110,34,62,49925,/content/drive/MyDrive/dataset/CyAUG-Dataset/Arid_Soil/4.jpg
Silty,6.0,59,33,38,72,Flood,51,Rice,Cotton,Groundnut,Medium,120,23,60,72819,/content/drive/MyDrive/dataset/CyAUG-Dataset/Arid_Soil/58.jpg
Silty,6.04,52,22,26,39,Flood,71,Barley,Groundnut,Cotton,Medium,166,25,85,67810,/content/drive/MyDrive/dataset/CyAUG-Dataset/Arid_Soil/95.jpg
Clay,6.85,57,36,38,64,Drip,61,Barley,Sugarcane,Vegetables,High,170,33,43,63818,/content/drive/MyDrive/dataset/CyAUG-Dataset/Arid_Soil/6a.jpg
Clay,7.01,29,29,43,66,Drip,56,Vegetables,Cotton,Soybean,High,127,25,52,30957,/content/drive/MyDrive/dataset/CyAUG-Dataset/Arid_Soil/42.jpg
Sandy,5.95,48,38,39,79,Sprinkler,54,Soybean,Soybean,Barley,Low,186,24,45,28631,/content/drive/MyDrive/dataset/CyAUG-Dataset/Arid_Soil/254.jpg
Sandy,6.31,20,21,48,69,Drip,60,Vegetables,Maize,Wheat,Medium,82,32,54,43409,/content/drive/MyDrive/dataset/CyAUG-Dataset/Arid_Soil/31.jpg
Silty,6.73,59,29,25,45,Flood,91,Groundnut,Barley,Groundnut,Low,99,26,44,68205,/content/drive/MyDrive/dataset/CyAUG-Dataset/Arid_Soil/36a.jpg
Loamy,6.65,33,23,47,67,Flood,74,Millet,Vegetables,Groundnut,Medium,79,27,43,78191,/content/drive/MyDrive/dataset/CyAUG-Dataset/Arid_Soil/34.jpg
Silty,5.69,43,23,21,61,Flood,61,Groundnut,Barley,Cotton,High,146,33,81,77599,/content/drive/MyDrive/dataset/CyAUG-Dataset/Arid_Soil/248.jpg
Loamy,6.97,21,28,27,75,Sprinkler,50,Rice,Sugarcane,Cotton,Low,92,29,66,28398,/content/drive/MyDrive/dataset/CyAUG-Dataset/Arid_Soil/29c.jpg
Sandy,5.98,21,19,46,42,Drip,52,Maize,Vegetables,Sugarcane,High,138,32,42,33052,/content/drive/MyDrive/dataset/CyAUG-Dataset/Arid_Soil/82.jpg
Silty,7.47,31,17,28,40,Sprinkler,66,Vegetables,Barley,Cotton,Medium,131,23,88,43524,/content/drive/MyDrive/dataset/CyAUG-Dataset/Arid_Soil/247.jpg
Sandy,5.59,37,25,44,43,Sprinkler,58,Rice,Vegetables,Cotton,High,98,29,88,25006,/content/drive/MyDrive/dataset/CyAUG-Dataset/Arid_Soil/39.jpg
Clay,7.25,57,35,39,53,Sprinkler,89,Wheat,Rice,Maize,High,110,24,59,76868,/content/drive/MyDrive/dataset/CyAUG-Dataset/Arid_Soil/75.jpg
Sandy,6.22,41,21,20,52,Drip,63,Rice,Soybean,Rice,Low,51,25,58,55745,/content/drive/MyDrive/dataset/CyAUG-Dataset/Arid_Soil/57a.jpg
Silty,6.86,44,27,34,33,Sprinkler,69,Millet,Millet,Wheat,High,86,32,89,77651,/content/drive/MyDrive/dataset/CyAUG-Dataset/Arid_Soil/79.jpg
Sandy,5.68,59,38,49,70,Flood,50,Cotton,Barley,Maize,High,159,33,82,73268,/content/drive/MyDrive/dataset/CyAUG-Dataset/Arid_Soil/69.jpg
Sandy,6.82,31,25,23,43,Drip,90,Rice,Millet,Vegetables,High,160,21,60,41169,/content/drive/MyDrive/dataset/CyAUG-Dataset/Arid_Soil/251.jpg
Sandy,6.08,52,16,41,34,Drip,87,Soybean,Rice,Maize,High,80,35,82,70121,/content/drive/MyDrive/dataset/CyAUG-Dataset/Arid_Soil/45.jpg
Silty,6.72,25,19,49,47,Flood,71,Cotton,Barley,Maize,High,64,21,56,33861,/content/drive/MyDrive/dataset/CyAUG-Dataset/Arid_Soil/81.jpg
Loamy,6.56,38,28,20,65,Sprinkler,51,Maize,Groundnut,Maize,Low,170,32,64,36680,/content/drive/MyDrive/dataset/CyAUG-Dataset/Arid_Soil/74.jpg
Sandy,5.62,56,34,29,63,Flood,70,Millet,Sugarcane,Groundnut,High,101,32,87,27665,/content/drive/MyDrive/dataset/CyAUG-Dataset/Arid_Soil/252a.jpg
Clay,6.55,56,25,39,73,Sprinkler,85,Maize,Sugarcane,Millet,High,161,20,66,44736,/content/drive/MyDrive/dataset/CyAUG-Dataset/Arid_Soil/61.jpg
Sandy,5.98,52,20,48,55,Drip,71,Barley,Wheat,Soybean,High,135,32,40,51068,/content/drive/MyDrive/dataset/CyAUG-Dataset/Arid_Soil/36.jpg
Sandy,5.82,41,18,21,70,Drip,59,Vegetables,Barley,Wheat,Low,163,31,66,63834,/content/drive/MyDrive/dataset/CyAUG-Dataset/Arid_Soil/6.jpg
Silty,6.45,22,37,43,70,Drip,61,Barley,Millet,Maize,Low,159,29,52,73849,/content/drive/MyDrive/dataset/CyAUG-Dataset/Arid_Soil/48.jpg
Sandy,6.1,24,31,24,72,Drip,59,Soybean,Wheat,Maize,Medium,106,34,50,77054,/content/drive/MyDrive/dataset/CyAUG-Dataset/Arid_Soil/29.jpg
Loamy,6.61,21,29,28,63,Drip,53,Rice,Vegetables,Barley,Medium,181,23,61,51220,/content/drive/MyDrive/dataset/CyAUG-Dataset/Arid_Soil/37.jpg
Clay,5.67,23,28,26,72,Drip,57,Groundnut,Soybean,Maize,Low,77,25,80,45865,/content/drive/MyDrive/dataset/CyAUG-Dataset/Arid_Soil/97b.jpg
Sandy,6.1,50,39,37,61,Sprinkler,68,Cotton,Millet,Maize,High,153,24,79,28939,/content/drive/MyDrive/dataset/CyAUG-Dataset/Arid_Soil/33.jpg
Loamy,5.72,28,31,47,40,Flood,57,Barley,Rice,Maize,Medium,111,28,42,52145,/content/drive/MyDrive/dataset/CyAUG-Dataset/Arid_Soil/98.jpg
Silty,6.57,44,18,22,34,Flood,77,Millet,Wheat,Vegetables,Medium,57,32,72,41294,/content/drive/MyDrive/dataset/CyAUG-Dataset/Arid_Soil/56.jpg
Clay,6.33,36,28,26,37,Sprinkler,76,Vegetables,Barley,Wheat,Low,71,34,82,21266,/content/drive/MyDrive/dataset/CyAUG-Dataset/Arid_Soil/77.jpg
Silty,5.99,50,24,35,33,Sprinkler,54,Groundnut,Rice,Wheat,Low,53,30,90,26366,/content/drive/MyDrive/dataset/CyAUG-Dataset/Arid_Soil/93.jpg
Silty,7.31,42,35,50,44,Drip,76,Millet,Cotton,Cotton,High,160,28,48,70018,/content/drive/MyDrive/dataset/CyAUG-Dataset/Arid_Soil/62.jpg
Sandy,7.01,42,39,38,36,Sprinkler,57,Sugarcane,Barley,Sugarcane,High,199,21,42,48239,/content/drive/MyDrive/dataset/CyAUG-Dataset/Arid_Soil/52.jpg
Sandy,6.14,53,18,20,70,Flood,57,Wheat,Barley,Groundnut,High,95,28,84,22816,/content/drive/MyDrive/dataset/CyAUG-Dataset/Arid_Soil/41.jpg
Loamy,7.41,22,26,49,76,Drip,63,Soybean,Millet,Millet,Low,57,23,57,26020,/content/drive/MyDrive/dataset/CyAUG-Dataset/Arid_Soil/26.jpg
Silty,7.21,30,39,36,76,Flood,75,Cotton,Millet,Maize,High,170,23,80,37332,/content/drive/MyDrive/dataset/CyAUG-Dataset/Arid_Soil/64.jpg
Loamy,5.63,28,32,27,43,Sprinkler,62,Barley,Maize,Groundnut,Medium,57,20,74,22401,/content/drive/MyDrive/dataset/CyAUG-Dataset/Arid_Soil/8.jpg
Loamy,6.65,41,24,41,57,Flood,71,Millet,Barley,Rice,Medium,83,23,64,56045,/content/drive/MyDrive/dataset/CyAUG-Dataset/Arid_Soil/65.jpg
Silty,7.32,21,20,20,74,Flood,53,Millet,Rice,Wheat,Medium,149,35,81,24121,/content/drive/MyDrive/dataset/CyAUG-Dataset/Arid_Soil/68.jpg
Sandy,6.47,49,34,20,76,Drip,61,Wheat,Groundnut,Millet,Medium,57,34,75,39314,/content/drive/MyDrive/dataset/CyAUG-Dataset/Arid_Soil/50.jpg
Sandy,6.82,54,26,20,38,Drip,58,Vegetables,Vegetables,Wheat,High,146,20,47,30737,/content/drive/MyDrive/dataset/CyAUG-Dataset/Arid_Soil/54.jpg
Loamy,7.44,58,36,47,66,Drip,73,Rice,Barley,Rice,Low,109,28,83,41330,/content/drive/MyDrive/dataset/CyAUG-Dataset/Arid_Soil/53.jpg
Loamy,6.68,41,31,43,44,Sprinkler,70,Maize,Cotton,Soybean,High,171,21,43,39168,/content/drive/MyDrive/dataset/CyAUG-Dataset/Arid_Soil/66.jpg
Sandy,7.47,56,25,33,69,Sprinkler,65,Wheat,Wheat,Rice,High,116,26,66,30143,/content/drive/MyDrive/dataset/CyAUG-Dataset/Arid_Soil/246.jpg
Loamy,5.76,35,18,25,74,Drip,61,Groundnut,Soybean,Sugarcane,Low,135,24,80,21787,/content/drive/MyDrive/dataset/CyAUG-Dataset/Arid_Soil/32.jpg
Loamy,6.83,26,23,24,40,Flood,58,Rice,Wheat,Millet,Low,59,23,43,43784,/content/drive/MyDrive/dataset/CyAUG-Dataset/Arid_Soil/86.jpg
Loamy,6.0,43,38,49,61,Drip,61,Groundnut,Barley,Wheat,Medium,122,21,65,73198,/content/drive/MyDrive/dataset/CyAUG-Dataset/Arid_Soil/46.jpg
Sandy,5.78,28,22,21,38,Sprinkler,63,Wheat,Millet,Rice,Medium,152,31,68,32609,/content/drive/MyDrive/dataset/CyAUG-Dataset/Arid_Soil/9.jpg
Clay,6.97,54,29,20,34,Sprinkler,78,Groundnut,Sugarcane,Rice,Medium,73,33,61,77726,/content/drive/MyDrive/dataset/CyAUG-Dataset/Arid_Soil/93a.jpg
Loamy,7.39,57,35,39,51,Drip,53,Soybean,Millet,Wheat,High,94,23,70,38029,/content/drive/MyDrive/dataset/CyAUG-Dataset/Arid_Soil/40.jpg
Sandy,6.88,48,37,45,60,Flood,59,Rice,Barley,Sugarcane,Low,93,27,66,27971,/content/drive/MyDrive/dataset/CyAUG-Dataset/Arid_Soil/73.jpg
Sandy,7.07,48,16,36,73,Drip,69,Cotton,Vegetables,Soybean,High,106,23,75,59428,/content/drive/MyDrive/dataset/CyAUG-Dataset/Arid_Soil/99.jpg
Clay,7.08,59,27,43,46,Drip,88,Sugarcane,Millet,Barley,Medium,187,33,65,68303,/content/drive/MyDrive/dataset/CyAUG-Dataset/Arid_Soil/71.jpg
Silty,7.25,38,37,34,72,Sprinkler,95,Vegetables,Groundnut,Sugarcane,Low,125,25,61,71498,/content/drive/MyDrive/dataset/CyAUG-Dataset/Arid_Soil/38.jpg
Sandy,7.24,53,35,38,43,Sprinkler,73,Rice,Wheat,Wheat,High,60,24,86,68565,/content/drive/MyDrive/dataset/CyAUG-Dataset/Arid_Soil/92.jpg
Clay,5.83,20,39,30,71,Flood,70,Cotton,Cotton,Wheat,Low,161,29,90,70630,/content/drive/MyDrive/dataset/CyAUG-Dataset/Arid_Soil/67.jpg
Loamy,5.93,25,39,38,77,Drip,76,Wheat,Cotton,Rice,High,160,31,87,63056,/content/drive/MyDrive/dataset/CyAUG-Dataset/Arid_Soil/87.jpg
Loamy,7.22,53,15,35,45,Drip,87,Sugarcane,Sugarcane,Cotton,Low,61,35,70,36576,/content/drive/MyDrive/dataset/CyAUG-Dataset/Arid_Soil/60.jpg
Silty,6.21,58,22,28,35,Drip,60,Wheat,Sugarcane,Groundnut,High,50,28,58,65772,/content/drive/MyDrive/dataset/CyAUG-Dataset/Arid_Soil/57.jpg
Loamy,5.71,44,38,25,47,Sprinkler,92,Rice,Sugarcane,Barley,Low,164,26,77,58427,/content/drive/MyDrive/dataset/CyAUG-Dataset/Arid_Soil/252.jpg
Silty,5.64,30,39,38,75,Flood,51,Wheat,Millet,Rice,Medium,122,31,62,69022,/content/drive/MyDrive/dataset/CyAUG-Dataset/Arid_Soil/63.jpg
Clay,5.98,58,36,46,47,Drip,56,Soybean,Soybean,Wheat,Low,63,21,56,78407,/content/drive/MyDrive/dataset/CyAUG-Dataset/Arid_Soil/90.jpg
Clay,6.7,29,27,22,34,Sprinkler,84,Maize,Millet,Maize,High,114,32,82,28623,/content/drive/MyDrive/dataset/CyAUG-Dataset/Arid_Soil/49.jpg
Silty,7.25,20,30,22,38,Drip,92,Sugarcane,Rice,Soybean,Low,59,21,80,34670,/content/drive/MyDrive/dataset/CyAUG-Dataset/Arid_Soil/91.jpg
Silty,6.77,27,17,23,79,Sprinkler,88,Wheat,Rice,Wheat,Low,196,35,59,33935,/content/drive/MyDrive/dataset/CyAUG-Dataset/Arid_Soil/51.jpg
Clay,6.86,29,22,36,30,Drip,66,Cotton,Barley,Groundnut,High,60,25,50,29510,/content/drive/MyDrive/dataset/CyAUG-Dataset/Arid_Soil/250.jpg
Sandy,6.63,40,34,22,74,Sprinkler,94,Barley,Soybean,Cotton,Medium,99,35,44,22396,/content/drive/MyDrive/dataset/CyAUG-Dataset/Arid_Soil/97.jpg
Clay,6.9,23,24,50,68,Drip,76,Vegetables,Maize,Sugarcane,High,73,20,72,21269,/content/drive/MyDrive/dataset/CyAUG-Dataset/Arid_Soil/7.jpg
Clay,6.79,36,39,46,46,Flood,85,Cotton,Sugarcane,Maize,Low,167,25,69,22904,/content/drive/MyDrive/dataset/CyAUG-Dataset/Arid_Soil/78.jpg
Loamy,7.3,30,32,29,71,Flood,79,Soybean,Cotton,Wheat,Medium,107,34,84,25729,/content/drive/MyDrive/dataset/CyAUG-Dataset/Arid_Soil/27.jpg
Silty,6.29,57,18,46,36,Drip,67,Wheat,Wheat,Maize,High,54,29,76,41523,/content/drive/MyDrive/dataset/CyAUG-Dataset/Arid_Soil/72.jpg
Silty,5.79,50,23,47,76,Flood,70,Rice,Groundnut,Vegetables,High,129,23,50,61141,/content/drive/MyDrive/dataset/CyAUG-Dataset/Arid_Soil/3.jpg
Loamy,6.16,38,31,37,47,Flood,74,Cotton,Millet,Maize,Medium,185,22,53,76901,/content/drive/MyDrive/dataset/CyAUG-Dataset/Arid_Soil/44.jpg
Silty,5.68,44,40,23,59,Sprinkler,77,Millet,Groundnut,Groundnut,Low,162,34,57,37818,/content/drive/MyDrive/dataset/CyAUG-Dataset/Arid_Soil/30.jpg
Silty,5.98,52,21,39,41,Sprinkler,87,Sugarcane,Millet,Sugarcane,High,110,27,47,56628,/content/drive/MyDrive/dataset/CyAUG-Dataset/Arid_Soil/70.jpg
Clay,6.44,42,40,23,70,Flood,68,Barley,Wheat,Barley,Low,80,29,70,45448,/content/drive/MyDrive/dataset/CyAUG-Dataset/Arid_Soil/41a.jpg
Loamy,6.4,55,26,47,67,Drip,73,Vegetables,Wheat,Wheat,Medium,114,23,62,61465,/content/drive/MyDrive/dataset/CyAUG-Dataset/Arid_Soil/29b.jpg
Silty,6.87,55,37,32,59,Drip,79,Groundnut,Vegetables,Wheat,High,164,30,55,70933,/content/drive/MyDrive/dataset/CyAUG-Dataset/Arid_Soil/80.jpg
Sandy,7.25,60,19,32,46,Flood,66,Cotton,Groundnut,Wheat,Low,85,20,84,65151,/content/drive/MyDrive/dataset/CyAUG-Dataset/Arid_Soil/97a.jpg
Loamy,6.31,56,24,26,36,Flood,95,Cotton,Groundnut,Cotton,Medium,159,21,87,50637,/content/drive/MyDrive/dataset/CyAUG-Dataset/Arid_Soil/68a.jpg
Silty,6.96,21,15,48,77,Flood,69,Soybean,Rice,Sugarcane,High,108,21,51,71356,/content/drive/MyDrive/dataset/CyAUG-Dataset/Arid_Soil/5.jpg
Sandy,6.44,42,29,22,71,Drip,85,Wheat,Millet,Vegetables,High,95,25,67,40807,/content/drive/MyDrive/dataset/CyAUG-Dataset/Arid_Soil/58a.jpg
Loamy,6.71,50,30,48,53,Sprinkler,59,Rice,Groundnut,Groundnut,Low,83,27,78,75175,/content/drive/MyDrive/dataset/CyAUG-Dataset/Arid_Soil/251a.jpg
Sandy,7.14,37,19,24,53,Sprinkler,78,Groundnut,Barley,Millet,High,77,26,48,22818,/content/drive/MyDrive/dataset/CyAUG-Dataset/Arid_Soil/94.jpg
Sandy,7.41,36,28,34,76,Sprinkler,91,Groundnut,Groundnut,Millet,High,175,33,54,58554,/content/drive/MyDrive/dataset/CyAUG-Dataset/Arid_Soil/43.jpg
Loamy,5.88,44,22,44,47,Drip,88,Wheat,Vegetables,Barley,Low,114,22,54,22692,/content/drive/MyDrive/dataset/CyAUG-Dataset/Arid_Soil/96.jpg
Loamy,5.93,52,40,34,41,Flood,58,Rice,Soybean,Sugarcane,Low,197,30,89,25013,/content/drive/MyDrive/dataset/CyAUG-Dataset/Arid_Soil/253.jpg
Loamy,7.29,34,38,32,54,Drip,74,Soybean,Vegetables,Vegetables,Low,108,23,90,56642,/content/drive/MyDrive/dataset/CyAUG-Dataset/Arid_Soil/85.jpg
Clay,5.91,31,18,39,51,Drip,66,Soybean,Vegetables,Wheat,High,104,20,45,45474,/content/drive/MyDrive/dataset/CyAUG-Dataset/Arid_Soil/28.jpg
Sandy,5.72,59,35,44,50,Drip,79,Rice,Maize,Groundnut,High,178,33,70,41460,/content/drive/MyDrive/dataset/CyAUG-Dataset/Arid_Soil/76.jpg
Sandy,6.26,22,28,46,32,Flood,80,Groundnut,Wheat,Groundnut,High,116,23,85,31638,/content/drive/MyDrive/dataset/CyAUG-Dataset/Arid_Soil/249.jpg
Clay,7.37,37,26,26,66,Sprinkler,50,Groundnut,Cotton,Soybean,Low,64,22,87,69221,/content/drive/MyDrive/dataset/CyAUG-Dataset/Arid_Soil/25.jpg
Silty,6.17,31,21,25,39,Sprinkler,77,Sugarcane,Groundnut,Rice,High,100,34,41,78056,/content/drive/MyDrive/dataset/CyAUG-Dataset/Arid_Soil/29a.jpg
Silty,6.71,35,36,22,35,Flood,64,Soybean,Millet,Maize,High,171,23,45,53798,/content/drive/MyDrive/dataset/CyAUG-Dataset/Arid_Soil/55.jpg
Loamy,6.47,25,33,34,59,Drip,79,Vegetables,Groundnut,Soybean,Medium,61,30,83,20741,/content/drive/MyDrive/dataset/CyAUG-Dataset/Arid_Soil/83.jpg
Loamy,6.03,35,26,50,61,Drip,70,Rice,Sugarcane,Wheat,Low,188,33,58,20679,/content/drive/MyDrive/dataset/CyAUG-Dataset/Black_Soil/152.jpg
Loamy,5.71,42,21,23,36,Drip,89,Maize,Cotton,Cotton,Low,151,29,50,73577,/content/drive/MyDrive/dataset/CyAUG-Dataset/Black_Soil/218a.jpg
Loamy,6.08,46,24,48,66,Flood,69,Groundnut,Wheat,Soybean,High,85,24,85,68218,/content/drive/MyDrive/dataset/CyAUG-Dataset/Black_Soil/216.jpg
Loamy,6.4,27,40,45,53,Drip,76,Vegetables,Sugarcane,Wheat,High,145,21,72,45461,/content/drive/MyDrive/dataset/CyAUG-Dataset/Black_Soil/24.jpg
Clay,5.81,52,34,42,31,Sprinkler,55,Cotton,Wheat,Soybean,High,66,26,56,41587,/content/drive/MyDrive/dataset/CyAUG-Dataset/Black_Soil/36.jpg
Silty,7.02,40,20,40,58,Flood,79,Millet,Soybean,Groundnut,High,107,33,53,71416,/content/drive/MyDrive/dataset/CyAUG-Dataset/Black_Soil/183b.jpg
Loamy,6.94,44,18,40,74,Drip,57,Barley,Sugarcane,Maize,Medium,164,24,51,42354,/content/drive/MyDrive/dataset/CyAUG-Dataset/Black_Soil/134.jpg
Sandy,6.56,36,28,20,42,Drip,75,Maize,Barley,Barley,High,98,27,67,45880,/content/drive/MyDrive/dataset/CyAUG-Dataset/Black_Soil/154.jpg
Sandy,5.52,54,28,50,35,Flood,58,Cotton,Groundnut,Cotton,Medium,111,25,47,57677,/content/drive/MyDrive/dataset/CyAUG-Dataset/Black_Soil/183a.jpg
Silty,7.06,51,25,44,77,Sprinkler,58,Cotton,Vegetables,Sugarcane,Low,141,20,59,65224,/content/drive/MyDrive/dataset/CyAUG-Dataset/Black_Soil/2.jpg
Silty,6.63,26,21,49,65,Sprinkler,79,Groundnut,Rice,Sugarcane,Low,69,21,88,33123,/content/drive/MyDrive/dataset/CyAUG-Dataset/Black_Soil/174.jpg
Clay,7.29,20,36,35,59,Flood,91,Barley,Millet,Sugarcane,Medium,132,26,89,42678,/content/drive/MyDrive/dataset/CyAUG-Dataset/Black_Soil/159a.jpg
Sandy,6.47,42,15,44,53,Flood,64,Cotton,Cotton,Rice,High,199,29,60,76687,/content/drive/MyDrive/dataset/CyAUG-Dataset/Black_Soil/165.jpg
Loamy,6.92,31,16,24,31,Sprinkler,83,Barley,Sugarcane,Millet,Medium,192,26,83,74002,/content/drive/MyDrive/dataset/CyAUG-Dataset/Black_Soil/172.jpg
Loamy,6.61,30,20,48,36,Flood,78,Maize,Soybean,Groundnut,High,81,23,80,21517,/content/drive/MyDrive/dataset/CyAUG-Dataset/Black_Soil/30.jpg
Loamy,6.66,46,22,46,40,Sprinkler,89,Maize,Cotton,Cotton,Medium,107,31,53,69749,/content/drive/MyDrive/dataset/CyAUG-Dataset/Black_Soil/153.jpg
Clay,7.11,27,29,47,43,Drip,68,Groundnut,Groundnut,Cotton,Low,123,21,69,45944,/content/drive/MyDrive/dataset/CyAUG-Dataset/Black_Soil/1a.jpg
Silty,6.54,60,31,49,80,Drip,81,Maize,Rice,Barley,Medium,87,22,81,70767,/content/drive/MyDrive/dataset/CyAUG-Dataset/Black_Soil/189.jpg
Silty,5.78,41,22,31,49,Drip,75,Rice,Rice,Soybean,Medium,59,30,41,56324,/content/drive/MyDrive/dataset/CyAUG-Dataset/Black_Soil/175.jpg
Silty,6.46,42,35,25,36,Sprinkler,59,Soybean,Sugarcane,Wheat,Low,75,24,62,79613,/content/drive/MyDrive/dataset/CyAUG-Dataset/Black_Soil/b (831).jpeg
Loamy,6.8,42,39,45,63,Flood,60,Groundnut,Wheat,Soybean,High,131,33,69,54395,/content/drive/MyDrive/dataset/CyAUG-Dataset/Black_Soil/b (913).jpeg
Sandy,6.47,57,32,38,74,Sprinkler,57,Rice,Rice,Maize,Medium,103,24,85,34878,/content/drive/MyDrive/dataset/CyAUG-Dataset/Black_Soil/92.jpg
Loamy,6.48,54,27,26,59,Drip,59,Cotton,Groundnut,Soybean,Medium,60,30,64,74565,/content/drive/MyDrive/dataset/CyAUG-Dataset/Black_Soil/5.jpg
Loamy,7.44,36,28,32,46,Sprinkler,79,Rice,Groundnut,Groundnut,Low,196,27,88,49900,/content/drive/MyDrive/dataset/CyAUG-Dataset/Black_Soil/b (1153).jpeg
Clay,6.66,44,34,32,72,Drip,61,Sugarcane,Wheat,Vegetables,High,112,34,79,64945,/content/drive/MyDrive/dataset/CyAUG-Dataset/Black_Soil/b (1222).jpeg
Clay,6.1,38,17,23,70,Sprinkler,59,Cotton,Cotton,Groundnut,Medium,65,22,69,63507,/content/drive/MyDrive/dataset/CyAUG-Dataset/Black_Soil/b (1108).jpeg
Sandy,6.4,37,28,35,65,Sprinkler,91,Sugarcane,Maize,Groundnut,Medium,140,34,60,36399,/content/drive/MyDrive/dataset/CyAUG-Dataset/Black_Soil/b (1574).jpeg
Sandy,7.05,41,29,45,68,Flood,57,Barley,Wheat,Maize,Medium,102,30,62,49805,/content/drive/MyDrive/dataset/CyAUG-Dataset/Black_Soil/b (1289).jpeg
Loamy,6.78,34,28,48,51,Sprinkler,61,Rice,Soybean,Sugarcane,Medium,181,29,73,73499,/content/drive/MyDrive/dataset/CyAUG-Dataset/Black_Soil/b (1495).jpeg
Clay,6.53,38,30,37,64,Flood,86,Vegetables,Rice,Vegetables,Low,75,31,81,20272,/content/drive/MyDrive/dataset/CyAUG-Dataset/Black_Soil/b (1202).jpeg
Silty,7.08,26,29,40,53,Flood,68,Cotton,Barley,Barley,Low,197,35,57,50245,/content/drive/MyDrive/dataset/CyAUG-Dataset/Black_Soil/b (912).jpeg
Clay,7.35,41,21,33,45,Flood,50,Soybean,Sugarcane,Wheat,Medium,140,32,80,35447,/content/drive/MyDrive/dataset/CyAUG-Dataset/Black_Soil/b (1269).jpeg
Sandy,7.13,30,40,24,32,Drip,92,Millet,Groundnut,Soybean,High,79,34,85,38038,/content/drive/MyDrive/dataset/CyAUG-Dataset/Black_Soil/b (988).jpeg
Sandy,7.47,38,20,43,63,Sprinkler,77,Maize,Millet,Vegetables,High,117,23,46,63153,/content/drive/MyDrive/dataset/CyAUG-Dataset/Black_Soil/b (1367).jpeg
Silty,7.0,30,40,24,72,Drip,91,Maize,Sugarcane,Sugarcane,Medium,83,30,83,21199,/content/drive/MyDrive/dataset/CyAUG-Dataset/Black_Soil/b (1612).jpeg
Loamy,6.87,32,15,43,69,Drip,76,Rice,Millet,Groundnut,Medium,126,24,60,70982,/content/drive/MyDrive/dataset/CyAUG-Dataset/Black_Soil/b (1422).jpeg
Silty,7.4,50,29,30,41,Sprinkler,54,Sugarcane,Millet,Vegetables,High,166,20,53,29282,/content/drive/MyDrive/dataset/CyAUG-Dataset/Black_Soil/69.jpg
Loamy,6.53,45,40,29,45,Drip,66,Wheat,Barley,Vegetables,Low,161,24,87,73488,/content/drive/MyDrive/dataset/CyAUG-Dataset/Black_Soil/b (888).jpeg
Loamy,7.18,54,22,21,80,Sprinkler,65,Soybean,Vegetables,Millet,High,56,31,45,65907,/content/drive/MyDrive/dataset/CyAUG-Dataset/Black_Soil/b (1236).jpeg
Loamy,6.58,56,25,45,69,Flood,92,Sugarcane,Sugarcane,Groundnut,Low,130,35,70,28255,/content/drive/MyDrive/dataset/CyAUG-Dataset/Black_Soil/b (889).jpeg
Loamy,5.6,52,21,37,36,Sprinkler,95,Vegetables,Rice,Rice,High,52,25,68,26927,/content/drive/MyDrive/dataset/CyAUG-Dataset/Black_Soil/b (1259).jpeg
Loamy,6.82,39,19,48,34,Sprinkler,86,Wheat,Sugarcane,Sugarcane,Low,102,34,58,79404,/content/drive/MyDrive/dataset/CyAUG-Dataset/Black_Soil/b (1361).jpeg
Loamy,6.1,45,28,27,67,Drip,59,Vegetables,Groundnut,Millet,Medium,94,23,45,27169,/content/drive/MyDrive/dataset/CyAUG-Dataset/Black_Soil/b (776).jpeg
Sandy,6.84,48,24,39,41,Sprinkler,68,Vegetables,Millet,Wheat,Low,190,21,67,71406,/content/drive/MyDrive/dataset/CyAUG-Dataset/Black_Soil/b (1263).jpeg
Sandy,7.37,30,31,33,30,Flood,66,Vegetables,Rice,Wheat,High,147,29,90,38859,/content/drive/MyDrive/dataset/CyAUG-Dataset/Black_Soil/b (1189).jpeg
Loamy,7.34,42,30,50,41,Sprinkler,55,Wheat,Soybean,Sugarcane,Low,133,29,74,73865,/content/drive/MyDrive/dataset/CyAUG-Dataset/Black_Soil/b (946).jpeg
Silty,6.83,54,17,20,54,Drip,74,Sugarcane,Barley,Rice,High,117,23,42,54200,/content/drive/MyDrive/dataset/CyAUG-Dataset/Black_Soil/b (828).jpeg
Loamy,5.66,58,15,44,77,Sprinkler,94,Sugarcane,Cotton,Sugarcane,Low,86,28,53,31728,/content/drive/MyDrive/dataset/CyAUG-Dataset/Black_Soil/b (1124).jpeg
Sandy,5.64,52,32,42,69,Sprinkler,58,Wheat,Cotton,Millet,High,176,29,59,69025,/content/drive/MyDrive/dataset/CyAUG-Dataset/Black_Soil/b (1242).jpeg
Clay,6.18,35,37,50,33,Drip,79,Soybean,Millet,Rice,High,151,34,75,77204,/content/drive/MyDrive/dataset/CyAUG-Dataset/Black_Soil/b (1205).jpeg
Clay,7.16,50,26,29,40,Flood,61,Sugarcane,Groundnut,Barley,High,169,24,71,67353,/content/drive/MyDrive/dataset/CyAUG-Dataset/Black_Soil/b (919).jpeg
Sandy,6.5,32,17,27,53,Sprinkler,84,Wheat,Maize,Barley,Medium,196,23,80,26605,/content/drive/MyDrive/dataset/CyAUG-Dataset/Black_Soil/b (1481).jpeg
Sandy,5.94,59,40,40,62,Flood,72,Millet,Vegetables,Soybean,Medium,79,24,89,61598,/content/drive/MyDrive/dataset/CyAUG-Dataset/Black_Soil/b (1392).jpeg
Silty,6.78,34,27,30,71,Drip,76,Maize,Vegetables,Millet,Medium,75,21,72,42511,/content/drive/MyDrive/dataset/CyAUG-Dataset/Black_Soil/b (1461).jpeg
Loamy,6.58,59,40,50,56,Flood,90,Rice,Wheat,Rice,Low,69,23,67,79212,/content/drive/MyDrive/dataset/CyAUG-Dataset/Black_Soil/b (1201).jpeg
Silty,7.49,51,24,26,62,Sprinkler,93,Vegetables,Maize,Vegetables,Medium,67,25,88,49298,/content/drive/MyDrive/dataset/CyAUG-Dataset/Black_Soil/b (1563).jpeg
Sandy,7.45,25,26,35,37,Sprinkler,52,Groundnut,Millet,Millet,Low,196,28,77,38990,/content/drive/MyDrive/dataset/CyAUG-Dataset/Black_Soil/b (1567).jpeg
Silty,5.64,54,16,36,64,Flood,64,Barley,Cotton,Rice,High,148,27,86,40651,/content/drive/MyDrive/dataset/CyAUG-Dataset/Black_Soil/b (890).jpeg
Sandy,6.21,35,25,26,75,Flood,68,Vegetables,Sugarcane,Rice,Medium,103,21,49,61464,/content/drive/MyDrive/dataset/CyAUG-Dataset/Black_Soil/b (1210).jpeg
Clay,5.68,47,38,32,42,Sprinkler,92,Cotton,Barley,Groundnut,Medium,130,28,50,53222,/content/drive/MyDrive/dataset/CyAUG-Dataset/Black_Soil/b (1409).jpeg
Loamy,5.51,27,26,47,68,Drip,88,Soybean,Wheat,Wheat,High,105,20,84,23174,/content/drive/MyDrive/dataset/CyAUG-Dataset/Black_Soil/50a.jpg
Clay,7.26,49,30,38,31,Sprinkler,72,Sugarcane,Soybean,Rice,Low,160,27,72,67303,/content/drive/MyDrive/dataset/CyAUG-Dataset/Black_Soil/b (1520).jpeg
Silty,6.74,45,21,37,41,Sprinkler,62,Maize,Wheat,Barley,High,121,20,70,40872,/content/drive/MyDrive/dataset/CyAUG-Dataset/Black_Soil/b (1436).jpeg
Loamy,6.18,40,26,50,31,Sprinkler,88,Wheat,Vegetables,Groundnut,Low,160,28,45,49058,/content/drive/MyDrive/dataset/CyAUG-Dataset/Black_Soil/b (1408).jpeg
Clay,7.01,44,28,39,63,Drip,79,Groundnut,Maize,Cotton,High,122,29,40,57377,/content/drive/MyDrive/dataset/CyAUG-Dataset/Black_Soil/b (777).jpeg
Silty,6.65,58,35,29,53,Flood,95,Cotton,Soybean,Maize,Medium,168,31,72,21148,/content/drive/MyDrive/dataset/CyAUG-Dataset/Black_Soil/b (1492).jpeg
Sandy,6.97,53,26,46,36,Flood,77,Barley,Cotton,Maize,Low,105,35,60,64182,/content/drive/MyDrive/dataset/CyAUG-Dataset/Black_Soil/b (793).jpeg
Clay,6.06,51,35,35,45,Sprinkler,77,Barley,Barley,Groundnut,Low,75,24,79,64513,/content/drive/MyDrive/dataset/CyAUG-Dataset/Black_Soil/b (1109).jpeg
Clay,6.78,51,38,41,46,Drip,67,Barley,Sugarcane,Barley,Medium,136,24,53,70137,/content/drive/MyDrive/dataset/CyAUG-Dataset/Black_Soil/b (956).jpeg
Loamy,7.09,59,39,20,59,Sprinkler,72,Wheat,Soybean,Groundnut,Medium,183,21,84,77041,/content/drive/MyDrive/dataset/CyAUG-Dataset/Black_Soil/b (1290).jpeg
Loamy,6.44,22,15,47,62,Drip,67,Sugarcane,Vegetables,Millet,High,130,35,44,44939,/content/drive/MyDrive/dataset/CyAUG-Dataset/Black_Soil/b (819).jpeg
Sandy,6.48,37,25,36,72,Flood,71,Soybean,Cotton,Barley,Low,79,20,75,36134,/content/drive/MyDrive/dataset/CyAUG-Dataset/Black_Soil/b (1449).jpeg
Loamy,5.58,30,16,45,36,Sprinkler,81,Sugarcane,Sugarcane,Sugarcane,High,134,26,84,40388,/content/drive/MyDrive/dataset/CyAUG-Dataset/Black_Soil/b (1370).jpeg
Clay,5.61,37,22,49,53,Flood,62,Rice,Sugarcane,Rice,Medium,185,32,58,22598,/content/drive/MyDrive/dataset/CyAUG-Dataset/Black_Soil/57.jpg
Loamy,7.24,32,38,22,38,Flood,62,Cotton,Sugarcane,Rice,Medium,145,26,52,42311,/content/drive/MyDrive/dataset/CyAUG-Dataset/Black_Soil/b (1149).jpeg
Silty,6.17,22,31,35,58,Drip,53,Sugarcane,Sugarcane,Cotton,High,166,20,68,48336,/content/drive/MyDrive/dataset/CyAUG-Dataset/Black_Soil/b (809).jpeg
Loamy,7.49,40,21,22,30,Sprinkler,81,Maize,Cotton,Millet,Low,61,35,52,74848,/content/drive/MyDrive/dataset/CyAUG-Dataset/Black_Soil/b (1455).jpeg
Loamy,6.81,21,33,22,67,Flood,65,Barley,Wheat,Rice,High,69,28,45,79949,/content/drive/MyDrive/dataset/CyAUG-Dataset/Black_Soil/b (1623).jpeg
Silty,7.21,23,21,46,49,Drip,66,Barley,Sugarcane,Wheat,Low,69,30,41,34899,/content/drive/MyDrive/dataset/CyAUG-Dataset/Black_Soil/b (1048).jpeg
Loamy,5.85,33,18,35,52,Sprinkler,66,Soybean,Wheat,Sugarcane,Medium,175,34,53,75181,/content/drive/MyDrive/dataset/CyAUG-Dataset/Black_Soil/b (1104).jpeg
Clay,5.78,33,40,49,48,Sprinkler,78,Rice,Maize,Cotton,Low,162,32,41,70588,/content/drive/MyDrive/dataset/CyAUG-Dataset/Black_Soil/b (1507).jpeg
Clay,6.81,52,27,49,49,Sprinkler,94,Barley,Maize,Barley,Medium,80,32,66,27313,/content/drive/MyDrive/dataset/CyAUG-Dataset/Black_Soil/b (1368).jpeg
Loamy,6.32,20,23,34,47,Drip,64,Maize,Cotton,Rice,Low,130,29,54,39614,/content/drive/MyDrive/dataset/CyAUG-Dataset/Black_Soil/b (1088).jpeg
Clay,6.87,50,40,42,68,Drip,69,Wheat,Maize,Barley,Low,91,25,74,78135,/content/drive/MyDrive/dataset/CyAUG-Dataset/Black_Soil/b (1452).jpeg
Loamy,6.76,22,37,39,48,Sprinkler,77,Groundnut,Vegetables,Sugarcane,Low,152,25,55,68167,/content/drive/MyDrive/dataset/CyAUG-Dataset/Black_Soil/b (1391).jpeg
Loamy,6.85,52,26,26,50,Drip,74,Soybean,Wheat,Soybean,High,170,30,51,48645,/content/drive/MyDrive/dataset/CyAUG-Dataset/Black_Soil/b (1441).jpeg
Sandy,5.62,49,36,39,34,Sprinkler,94,Groundnut,Soybean,Vegetables,Medium,122,29,65,44387,/content/drive/MyDrive/dataset/CyAUG-Dataset/Black_Soil/b (1170).jpeg
Clay,6.85,23,22,40,36,Drip,78,Wheat,Cotton,Soybean,High,102,22,71,53460,/content/drive/MyDrive/dataset/CyAUG-Dataset/Black_Soil/b (1127).jpeg
Loamy,6.74,55,39,30,59,Drip,73,Wheat,Cotton,Soybean,Medium,127,25,61,71465,/content/drive/MyDrive/dataset/CyAUG-Dataset/Black_Soil/b (1245).jpeg
Sandy,6.04,26,22,50,80,Drip,77,Maize,Rice,Barley,Low,83,31,80,47873,/content/drive/MyDrive/dataset/CyAUG-Dataset/Black_Soil/b (1381).jpeg
Loamy,7.36,52,21,22,50,Sprinkler,86,Sugarcane,Millet,Soybean,High,115,22,69,34426,/content/drive/MyDrive/dataset/CyAUG-Dataset/Black_Soil/b (1538).jpeg
Clay,6.62,42,36,22,35,Sprinkler,90,Cotton,Sugarcane,Wheat,Medium,63,35,76,46715,/content/drive/MyDrive/dataset/CyAUG-Dataset/Black_Soil/b (1634).jpeg
Silty,6.71,57,17,41,34,Sprinkler,51,Barley,Maize,Sugarcane,Low,198,25,67,76713,/content/drive/MyDrive/dataset/CyAUG-Dataset/Black_Soil/b (1470).jpeg
Silty,7.47,35,20,24,48,Sprinkler,81,Rice,Rice,Wheat,High,150,23,61,37185,/content/drive/MyDrive/dataset/CyAUG-Dataset/Black_Soil/b (1625).jpeg
Loamy,7.32,36,33,20,38,Drip,69,Vegetables,Wheat,Soybean,Medium,129,23,42,57429,/content/drive/MyDrive/dataset/CyAUG-Dataset/Black_Soil/b (1351).jpeg
Clay,6.33,53,31,35,30,Drip,75,Vegetables,Barley,Vegetables,High,112,32,55,40931,/content/drive/MyDrive/dataset/CyAUG-Dataset/Black_Soil/b (886).jpeg
Loamy,6.93,41,16,20,59,Drip,74,Vegetables,Cotton,Sugarcane,Medium,68,27,59,51385,/content/drive/MyDrive/dataset/CyAUG-Dataset/Black_Soil/b (1515).jpeg
Clay,6.03,31,34,30,57,Drip,71,Vegetables,Maize,Millet,Medium,129,35,60,22763,/content/drive/MyDrive/dataset/CyAUG-Dataset/Black_Soil/b (983).jpeg
Clay,6.86,50,21,22,51,Flood,62,Millet,Millet,Maize,Medium,189,26,45,77464,/content/drive/MyDrive/dataset/CyAUG-Dataset/Black_Soil/b (1020).jpeg
Silty,6.18,53,32,33,58,Sprinkler,56,Wheat,Groundnut,Rice,High,162,24,46,39880,/content/drive/MyDrive/dataset/CyAUG-Dataset/Black_Soil/b (1340).jpeg
Clay,5.73,40,39,23,39,Sprinkler,86,Wheat,Vegetables,Groundnut,Medium,84,24,50,25481,/content/drive/MyDrive/dataset/CyAUG-Dataset/Black_Soil/b (1564).jpeg
Sandy,6.06,32,21,45,66,Sprinkler,66,Barley,Groundnut,Groundnut,High,155,25,40,59950,/content/drive/MyDrive/dataset/CyAUG-Dataset/Black_Soil/b (1474).jpeg
Silty,6.06,50,15,39,34,Sprinkler,74,Cotton,Barley,Barley,Low,154,29,40,68205,/content/drive/MyDrive/dataset/CyAUG-Dataset/Black_Soil/b (1067).jpeg
Silty,7.29,37,26,22,60,Flood,93,Maize,Vegetables,Millet,High,174,31,40,67895,/content/drive/MyDrive/dataset/CyAUG-Dataset/Black_Soil/b (1243).jpeg
Loamy,6.47,25,18,25,42,Sprinkler,86,Cotton,Barley,Rice,Low,82,32,85,60844,/content/drive/MyDrive/dataset/CyAUG-Dataset/Black_Soil/b (1387).jpeg
Loamy,5.53,21,39,45,31,Flood,64,Millet,Maize,Groundnut,Low,95,21,50,26652,/content/drive/MyDrive/dataset/CyAUG-Dataset/Black_Soil/b (1054).jpeg
Loamy,6.05,39,21,49,42,Drip,59,Soybean,Sugarcane,Rice,Medium,94,31,79,46014,/content/drive/MyDrive/dataset/CyAUG-Dataset/Black_Soil/b (982).jpeg
Sandy,6.14,58,28,21,49,Flood,67,Rice,Rice,Cotton,Low,95,29,86,47310,/content/drive/MyDrive/dataset/CyAUG-Dataset/Black_Soil/b (1145).jpeg
Silty,6.76,37,27,31,66,Sprinkler,94,Groundnut,Soybean,Rice,High,200,34,58,69217,/content/drive/MyDrive/dataset/CyAUG-Dataset/Black_Soil/b (1225).jpeg
Clay,6.4,42,25,43,73,Sprinkler,92,Vegetables,Soybean,Sugarcane,Medium,152,23,70,57920,/content/drive/MyDrive/dataset/CyAUG-Dataset/Black_Soil/b (767).jpeg
Loamy,7.15,57,31,39,68,Drip,74,Barley,Maize,Millet,High,118,30,76,62374,/content/drive/MyDrive/dataset/CyAUG-Dataset/Black_Soil/b (900).jpeg
Silty,5.5,46,32,47,78,Drip,89,Wheat,Vegetables,Maize,Medium,53,33,62,55917,/content/drive/MyDrive/dataset/CyAUG-Dataset/Black_Soil/b (1605).jpeg
Clay,6.5,44,15,42,47,Sprinkler,71,Sugarcane,Rice,Vegetables,Medium,102,24,44,35018,/content/drive/MyDrive/dataset/CyAUG-Dataset/Black_Soil/b (1660).jpeg
Silty,6.23,50,30,32,38,Drip,54,Groundnut,Millet,Barley,Low,178,30,90,43560,/content/drive/MyDrive/dataset/CyAUG-Dataset/Black_Soil/b (1026).jpeg
Clay,7.19,23,38,43,79,Flood,50,Groundnut,Groundnut,Groundnut,Low,66,30,59,31104,/content/drive/MyDrive/dataset/CyAUG-Dataset/Black_Soil/b (1451).jpeg
Silty,6.96,47,34,35,43,Drip,70,Cotton,Maize,Maize,High,193,23,54,71942,/content/drive/MyDrive/dataset/CyAUG-Dataset/Black_Soil/b (1499).jpeg
Silty,5.62,51,21,21,44,Flood,62,Millet,Maize,Maize,Medium,72,29,46,53776,/content/drive/MyDrive/dataset/CyAUG-Dataset/Black_Soil/b (1653).jpeg
Sandy,7.18,29,25,50,59,Sprinkler,87,Rice,Soybean,Wheat,High,56,35,85,50400,/content/drive/MyDrive/dataset/CyAUG-Dataset/Black_Soil/b (837).jpeg
Sandy,7.48,37,32,23,68,Sprinkler,65,Maize,Wheat,Groundnut,High,94,26,89,37305,/content/drive/MyDrive/dataset/CyAUG-Dataset/Black_Soil/b (930).jpeg
Silty,6.9,31,26,25,52,Drip,55,Wheat,Wheat,Millet,Low,104,20,53,60631,/content/drive/MyDrive/dataset/CyAUG-Dataset/Black_Soil/b (1334).jpeg
Sandy,7.43,44,38,39,38,Drip,79,Soybean,Cotton,Cotton,Low,158,28,70,62146,/content/drive/MyDrive/dataset/CyAUG-Dataset/Black_Soil/b (1268).jpeg
Sandy,7.35,24,33,35,41,Drip,88,Millet,Groundnut,Millet,Medium,155,20,46,78693,/content/drive/MyDrive/dataset/CyAUG-Dataset/Black_Soil/b (947).jpeg
Clay,6.86,46,15,32,48,Sprinkler,74,Barley,Maize,Soybean,High,64,26,41,67165,/content/drive/MyDrive/dataset/CyAUG-Dataset/Black_Soil/b (904).jpeg
Silty,5.6,20,17,36,57,Sprinkler,64,Millet,Wheat,Soybean,High,130,34,90,26081,/content/drive/MyDrive/dataset/CyAUG-Dataset/Black_Soil/b (1350).jpeg
Silty,7.25,51,20,47,35,Sprinkler,89,Groundnut,Soybean,Groundnut,Medium,190,21,81,62560,/content/drive/MyDrive/dataset/CyAUG-Dataset/Black_Soil/b (1012).jpeg
Silty,5.83,20,17,38,69,Flood,91,Groundnut,Millet,Soybean,Medium,71,29,75,42293,/content/drive/MyDrive/dataset/CyAUG-Dataset/Black_Soil/b (782).jpeg
Clay,5.58,20,30,21,65,Flood,92,Vegetables,Maize,Vegetables,Low,172,32,86,78987,/content/drive/MyDrive/dataset/CyAUG-Dataset/Black_Soil/b (864).jpeg
Loamy,5.58,59,39,23,70,Sprinkler,94,Vegetables,Groundnut,Barley,Medium,165,34,85,45560,/content/drive/MyDrive/dataset/CyAUG-Dataset/Black_Soil/b (797).jpeg
Clay,6.15,40,40,32,80,Drip,95,Wheat,Soybean,Sugarcane,Medium,98,24,41,66099,/content/drive/MyDrive/dataset/CyAUG-Dataset/Black_Soil/b (1097).jpeg
Clay,6.89,51,17,24,70,Drip,75,Soybean,Groundnut,Rice,High,50,29,57,64104,/content/drive/MyDrive/dataset/CyAUG-Dataset/Black_Soil/b (1155).jpeg
Clay,5.54,54,36,42,61,Flood,60,Groundnut,Soybean,Soybean,High,71,30,41,37048,/content/drive/MyDrive/dataset/CyAUG-Dataset/Black_Soil/b (1403).jpeg
Clay,7.28,34,32,39,53,Flood,54,Sugarcane,Barley,Maize,Low,91,29,79,72258,/content/drive/MyDrive/dataset/CyAUG-Dataset/Black_Soil/b (1082).jpeg
Clay,6.94,48,34,39,35,Drip,82,Soybean,Vegetables,Soybean,Medium,156,34,72,56463,/content/drive/MyDrive/dataset/CyAUG-Dataset/Black_Soil/b (789).jpeg
Silty,5.55,36,37,26,65,Drip,78,Groundnut,Groundnut,Groundnut,High,146,28,41,22929,/content/drive/MyDrive/dataset/CyAUG-Dataset/Black_Soil/56.jpg
Silty,6.04,20,28,46,45,Flood,74,Groundnut,Soybean,Vegetables,Medium,116,32,70,38127,/content/drive/MyDrive/dataset/CyAUG-Dataset/Black_Soil/b (801).jpeg
Sandy,6.4,43,21,44,72,Drip,68,Maize,Wheat,Maize,Low,144,31,50,37218,/content/drive/MyDrive/dataset/CyAUG-Dataset/Black_Soil/b (1337).jpeg
Silty,7.26,37,34,28,79,Flood,80,Soybean,Millet,Millet,Medium,163,30,52,34267,/content/drive/MyDrive/dataset/CyAUG-Dataset/Black_Soil/b (1091).jpeg
Clay,6.7,43,26,45,31,Drip,66,Soybean,Millet,Barley,Low,91,24,42,51231,/content/drive/MyDrive/dataset/CyAUG-Dataset/Black_Soil/b (1279).jpeg
Silty,7.25,38,29,23,34,Drip,50,Maize,Rice,Cotton,Low,85,29,77,20980,/content/drive/MyDrive/dataset/CyAUG-Dataset/Black_Soil/b (1303).jpeg
Loamy,5.72,52,31,33,32,Flood,80,Maize,Soybean,Millet,Medium,58,23,60,20024,/content/drive/MyDrive/dataset/CyAUG-Dataset/Black_Soil/b (1382).jpeg
Silty,6.6,33,18,25,44,Flood,56,Wheat,Barley,Rice,Low,157,29,40,37362,/content/drive/MyDrive/dataset/CyAUG-Dataset/Black_Soil/b (1544).jpeg
Loamy,5.51,25,36,38,31,Sprinkler,82,Vegetables,Cotton,Vegetables,Medium,101,20,82,43195,/content/drive/MyDrive/dataset/CyAUG-Dataset/Black_Soil/b (934).jpeg
Sandy,7.1,26,23,24,53,Sprinkler,59,Millet,Cotton,Barley,Low,123,29,68,72497,/content/drive/MyDrive/dataset/CyAUG-Dataset/Black_Soil/b (757).jpeg
Clay,5.97,50,24,34,78,Flood,82,Maize,Vegetables,Maize,Medium,192,26,79,31098,/content/drive/MyDrive/dataset/CyAUG-Dataset/Black_Soil/b (1378).jpeg
Silty,7.22,33,18,48,63,Sprinkler,77,Wheat,Vegetables,Soybean,Medium,104,32,48,48263,/content/drive/MyDrive/dataset/CyAUG-Dataset/Black_Soil/b (774).jpeg
Loamy,6.89,23,38,29,51,Sprinkler,52,Cotton,Millet,Soybean,High,86,22,71,59714,/content/drive/MyDrive/dataset/CyAUG-Dataset/Black_Soil/b (1609).jpeg
Clay,6.21,29,21,35,64,Sprinkler,73,Rice,Cotton,Millet,Medium,50,32,58,60985,/content/drive/MyDrive/dataset/CyAUG-Dataset/Black_Soil/b (952).jpeg
Sandy,7.32,29,15,34,33,Drip,73,Barley,Sugarcane,Maize,Low,185,27,69,53379,/content/drive/MyDrive/dataset/CyAUG-Dataset/Black_Soil/b (896).jpeg
Clay,7.32,50,31,25,42,Flood,76,Sugarcane,Soybean,Millet,Medium,109,20,71,58205,/content/drive/MyDrive/dataset/CyAUG-Dataset/Black_Soil/b (1015).jpeg
Loamy,5.72,23,30,45,63,Drip,68,Wheat,Groundnut,Cotton,High,126,35,85,71849,/content/drive/MyDrive/dataset/CyAUG-Dataset/Black_Soil/b (862).jpeg
Clay,6.97,33,19,48,40,Drip,93,Vegetables,Wheat,Millet,High,111,21,73,28788,/content/drive/MyDrive/dataset/CyAUG-Dataset/Black_Soil/b (1309).jpeg
Clay,6.29,42,23,21,67,Drip,59,Rice,Millet,Vegetables,Medium,189,21,69,73734,/content/drive/MyDrive/dataset/CyAUG-Dataset/Black_Soil/b (948).jpeg
Loamy,6.12,47,38,20,69,Flood,73,Barley,Rice,Cotton,Low,166,29,63,61379,/content/drive/MyDrive/dataset/CyAUG-Dataset/Black_Soil/b (1559).jpeg
Loamy,5.78,49,18,46,80,Flood,70,Soybean,Sugarcane,Barley,High,61,28,71,44695,/content/drive/MyDrive/dataset/CyAUG-Dataset/Black_Soil/b (936).jpeg
Loamy,6.79,53,25,41,63,Sprinkler,64,Millet,Rice,Barley,Medium,68,32,84,59860,/content/drive/MyDrive/dataset/CyAUG-Dataset/Black_Soil/b (1471).jpeg
Sandy,5.7,57,16,22,38,Flood,77,Sugarcane,Wheat,Cotton,High,183,22,60,37731,/content/drive/MyDrive/dataset/CyAUG-Dataset/Black_Soil/b (832).jpeg
Sandy,5.87,26,23,50,58,Sprinkler,82,Cotton,Cotton,Barley,High,195,20,79,69321,/content/drive/MyDrive/dataset/CyAUG-Dataset/Black_Soil/b (805).jpeg
Sandy,6.71,55,21,41,54,Drip,58,Sugarcane,Vegetables,Millet,High,150,25,87,51485,/content/drive/MyDrive/dataset/CyAUG-Dataset/Black_Soil/b (1522).jpeg
Sandy,6.56,42,38,48,67,Flood,59,Maize,Barley,Vegetables,Low,67,34,77,50724,/content/drive/MyDrive/dataset/CyAUG-Dataset/Black_Soil/b (1341).jpeg
Clay,7.49,31,15,34,80,Sprinkler,68,Cotton,Soybean,Cotton,Low,149,35,79,29646,/content/drive/MyDrive/dataset/CyAUG-Dataset/Black_Soil/b (1404).jpeg
Sandy,6.4,48,37,38,31,Flood,69,Soybean,Millet,Groundnut,High,86,23,53,36310,/content/drive/MyDrive/dataset/CyAUG-Dataset/Black_Soil/b (1283).jpeg
Clay,6.7,28,35,46,63,Flood,53,Soybean,Groundnut,Vegetables,Low,192,27,50,24718,/content/drive/MyDrive/dataset/CyAUG-Dataset/Black_Soil/b (800).jpeg
Silty,5.66,57,32,50,72,Flood,55,Barley,Maize,Cotton,Medium,69,23,85,69346,/content/drive/MyDrive/dataset/CyAUG-Dataset/Black_Soil/b (1460).jpeg
Loamy,6.35,45,30,28,57,Drip,88,Cotton,Soybean,Barley,Low,83,28,62,46608,/content/drive/MyDrive/dataset/CyAUG-Dataset/Black_Soil/b (1483).jpeg
Silty,5.59,44,28,42,67,Drip,63,Maize,Millet,Groundnut,Low,128,27,70,40334,/content/drive/MyDrive/dataset/CyAUG-Dataset/Black_Soil/b (778).jpeg
Loamy,6.08,41,22,23,70,Sprinkler,95,Maize,Groundnut,Rice,Medium,105,29,70,78036,/content/drive/MyDrive/dataset/CyAUG-Dataset/Black_Soil/b (752).jpeg
Silty,7.17,36,21,26,51,Sprinkler,76,Sugarcane,Maize,Rice,Low,102,30,49,76010,/content/drive/MyDrive/dataset/CyAUG-Dataset/Black_Soil/b (1552).jpeg
Silty,7.34,41,35,49,61,Flood,57,Rice,Cotton,Vegetables,Low,120,20,42,77526,/content/drive/MyDrive/dataset/CyAUG-Dataset/Black_Soil/b (1313).jpeg
Sandy,6.44,31,36,39,36,Drip,89,Soybean,Maize,Millet,High,85,31,89,56659,/content/drive/MyDrive/dataset/CyAUG-Dataset/Black_Soil/b (908).jpeg
Loamy,6.8,43,26,44,30,Drip,61,Groundnut,Rice,Wheat,Low,96,26,77,52261,/content/drive/MyDrive/dataset/CyAUG-Dataset/Black_Soil/b (937).jpeg
Silty,6.68,43,38,28,64,Sprinkler,88,Soybean,Millet,Groundnut,Medium,87,23,60,35017,/content/drive/MyDrive/dataset/CyAUG-Dataset/Black_Soil/b (917).jpeg
Clay,5.75,35,36,49,37,Flood,53,Maize,Groundnut,Wheat,High,187,28,72,37772,/content/drive/MyDrive/dataset/CyAUG-Dataset/Black_Soil/b (1086).jpeg
Sandy,7.26,49,36,47,68,Flood,69,Cotton,Maize,Millet,Medium,109,31,42,48012,/content/drive/MyDrive/dataset/CyAUG-Dataset/Black_Soil/b (1007).jpeg
Silty,7.03,23,36,36,74,Drip,76,Groundnut,Barley,Rice,Low,195,24,88,55123,/content/drive/MyDrive/dataset/CyAUG-Dataset/Black_Soil/b (847).jpeg
Sandy,5.83,22,35,35,48,Flood,74,Groundnut,Sugarcane,Wheat,High,135,24,48,67465,/content/drive/MyDrive/dataset/CyAUG-Dataset/Black_Soil/b (1206).jpeg
Clay,7.24,39,40,25,78,Drip,78,Soybean,Vegetables,Sugarcane,Low,82,34,57,29021,/content/drive/MyDrive/dataset/CyAUG-Dataset/Black_Soil/b (1635).jpeg
Sandy,6.82,21,17,37,73,Sprinkler,59,Maize,Groundnut,Rice,Low,176,32,88,29507,/content/drive/MyDrive/dataset/CyAUG-Dataset/Black_Soil/b (1479).jpeg
Silty,6.46,33,39,40,68,Sprinkler,55,Cotton,Wheat,Barley,High,69,27,87,41726,/content/drive/MyDrive/dataset/CyAUG-Dataset/Black_Soil/95.jpg
Clay,7.43,48,26,28,49,Flood,55,Cotton,Groundnut,Rice,Low,122,27,74,54926,/content/drive/MyDrive/dataset/CyAUG-Dataset/Black_Soil/b (1071).jpeg
Loamy,6.96,31,30,47,46,Flood,66,Groundnut,Sugarcane,Maize,Low,111,23,88,45928,/content/drive/MyDrive/dataset/CyAUG-Dataset/Black_Soil/b (963).jpeg
Sandy,6.26,60,29,29,45,Drip,68,Maize,Rice,Millet,Low,111,21,64,36765,/content/drive/MyDrive/dataset/CyAUG-Dataset/Black_Soil/b (924).jpeg
Loamy,6.32,21,38,31,62,Flood,90,Millet,Soybean,Soybean,Low,129,30,85,74393,/content/drive/MyDrive/dataset/CyAUG-Dataset/Black_Soil/b (848).jpeg
Clay,7.13,38,38,39,35,Sprinkler,80,Barley,Millet,Rice,High,123,22,53,67812,/content/drive/MyDrive/dataset/CyAUG-Dataset/Black_Soil/b (1631).jpeg
Clay,7.0,40,23,37,31,Flood,91,Sugarcane,Rice,Rice,Medium,69,32,90,28738,/content/drive/MyDrive/dataset/CyAUG-Dataset/Black_Soil/b (1312).jpeg
Sandy,7.02,32,30,30,66,Flood,80,Cotton,Maize,Wheat,Low,168,25,85,63054,/content/drive/MyDrive/dataset/CyAUG-Dataset/Black_Soil/b (1648).jpeg
Loamy,5.64,55,16,36,47,Sprinkler,59,Sugarcane,Maize,Vegetables,Low,54,30,78,67138,/content/drive/MyDrive/dataset/CyAUG-Dataset/Black_Soil/b (1254).jpeg
Loamy,5.52,54,40,27,45,Drip,56,Sugarcane,Rice,Sugarcane,Low,134,28,55,78118,/content/drive/MyDrive/dataset/CyAUG-Dataset/Black_Soil/b (1003).jpeg
Loamy,6.49,26,39,23,47,Flood,69,Sugarcane,Cotton,Groundnut,High,124,25,42,67631,/content/drive/MyDrive/dataset/CyAUG-Dataset/Black_Soil/b (1058).jpeg
Loamy,6.73,59,36,48,63,Sprinkler,74,Maize,Rice,Rice,Low,101,25,42,23906,/content/drive/MyDrive/dataset/CyAUG-Dataset/Black_Soil/b (1101).jpeg
Clay,7.25,44,40,24,76,Sprinkler,74,Maize,Rice,Maize,Low,192,33,54,69463,/content/drive/MyDrive/dataset/CyAUG-Dataset/Black_Soil/b (803).jpeg
Silty,6.68,46,32,45,33,Flood,93,Barley,Rice,Cotton,Low,53,32,63,57748,/content/drive/MyDrive/dataset/CyAUG-Dataset/Black_Soil/b (977).jpeg
Silty,5.93,39,39,46,42,Sprinkler,90,Vegetables,Millet,Soybean,Medium,64,32,77,20362,/content/drive/MyDrive/dataset/CyAUG-Dataset/Black_Soil/b (910).jpeg
Sandy,5.67,20,20,37,72,Flood,74,Wheat,Sugarcane,Groundnut,Medium,149,34,80,37261,/content/drive/MyDrive/dataset/CyAUG-Dataset/Black_Soil/b (1123).jpeg
Clay,7.32,48,25,36,33,Flood,75,Millet,Wheat,Cotton,Low,158,30,68,56879,/content/drive/MyDrive/dataset/CyAUG-Dataset/Black_Soil/b (926).jpeg
Silty,6.52,38,35,25,35,Sprinkler,66,Cotton,Groundnut,Maize,Medium,79,31,74,56695,/content/drive/MyDrive/dataset/CyAUG-Dataset/Black_Soil/b (1090).jpeg
Sandy,6.69,21,16,47,56,Flood,93,Vegetables,Vegetables,Soybean,Low,61,27,49,75199,/content/drive/MyDrive/dataset/CyAUG-Dataset/Black_Soil/b (1521).jpeg
Loamy,5.73,49,22,30,39,Sprinkler,57,Soybean,Sugarcane,Maize,High,115,30,74,56934,/content/drive/MyDrive/dataset/CyAUG-Dataset/Black_Soil/b (770).jpeg
Sandy,6.7,57,39,27,48,Flood,64,Millet,Rice,Rice,Medium,108,30,63,36752,/content/drive/MyDrive/dataset/CyAUG-Dataset/Black_Soil/b (893).jpeg
Clay,6.68,60,21,41,39,Drip,93,Rice,Wheat,Vegetables,Medium,128,31,82,28792,/content/drive/MyDrive/dataset/CyAUG-Dataset/Black_Soil/b (1527).jpeg
Loamy,6.12,51,27,33,43,Flood,73,Sugarcane,Soybean,Maize,High,52,30,85,62427,/content/drive/MyDrive/dataset/CyAUG-Dataset/Black_Soil/b (810).jpeg
Loamy,6.5,42,22,48,71,Flood,90,Soybean,Wheat,Soybean,Low,82,21,82,62623,/content/drive/MyDrive/dataset/CyAUG-Dataset/Black_Soil/b (1478).jpeg
Silty,6.1,48,30,45,72,Sprinkler,60,Soybean,Cotton,Groundnut,Medium,128,33,41,67750,/content/drive/MyDrive/dataset/CyAUG-Dataset/Black_Soil/b (1234).jpeg
Clay,5.61,56,23,35,30,Flood,64,Maize,Millet,Cotton,High,99,34,88,60792,/content/drive/MyDrive/dataset/CyAUG-Dataset/Black_Soil/b (1534).jpeg
Silty,7.45,41,19,29,75,Drip,55,Millet,Millet,Cotton,Medium,188,32,84,33839,/content/drive/MyDrive/dataset/CyAUG-Dataset/Black_Soil/b (971).jpeg
Loamy,6.9,50,22,38,42,Flood,63,Groundnut,Barley,Wheat,High,183,30,53,26981,/content/drive/MyDrive/dataset/CyAUG-Dataset/Black_Soil/b (1594).jpeg
Clay,7.46,24,19,25,31,Drip,51,Cotton,Sugarcane,Sugarcane,Medium,62,33,76,23957,/content/drive/MyDrive/dataset/CyAUG-Dataset/Black_Soil/b (1536).jpeg
Loamy,7.04,20,16,46,44,Drip,87,Vegetables,Maize,Soybean,Medium,177,31,86,51904,/content/drive/MyDrive/dataset/CyAUG-Dataset/Black_Soil/b (1077).jpeg
Loamy,6.15,59,22,44,51,Sprinkler,66,Millet,Soybean,Cotton,Low,132,27,86,37468,/content/drive/MyDrive/dataset/CyAUG-Dataset/Black_Soil/b (1018).jpeg
Loamy,5.68,21,37,23,30,Drip,75,Barley,Groundnut,Wheat,High,199,34,63,70056,/content/drive/MyDrive/dataset/CyAUG-Dataset/Black_Soil/b (1448).jpeg
Loamy,6.25,35,24,38,57,Flood,52,Millet,Groundnut,Maize,High,158,35,52,79192,/content/drive/MyDrive/dataset/CyAUG-Dataset/Black_Soil/53a.jpg
Sandy,6.93,54,20,42,61,Flood,81,Rice,Groundnut,Soybean,High,190,30,70,35273,/content/drive/MyDrive/dataset/CyAUG-Dataset/Black_Soil/b (1040).jpeg
Loamy,6.91,51,24,28,38,Flood,67,Sugarcane,Vegetables,Sugarcane,High,97,27,53,43549,/content/drive/MyDrive/dataset/CyAUG-Dataset/Black_Soil/b (1565).jpeg
Clay,6.53,48,35,29,46,Sprinkler,59,Soybean,Vegetables,Vegetables,Low,118,31,65,58648,/content/drive/MyDrive/dataset/CyAUG-Dataset/Black_Soil/b (1505).jpeg
Silty,6.59,27,36,27,40,Drip,72,Soybean,Wheat,Rice,Medium,188,24,43,55165,/content/drive/MyDrive/dataset/CyAUG-Dataset/Black_Soil/b (1645).jpeg
Clay,6.79,26,32,30,78,Drip,95,Cotton,Soybean,Rice,Low,82,27,41,35818,/content/drive/MyDrive/dataset/CyAUG-Dataset/Black_Soil/b (1607).jpeg
Loamy,6.01,26,30,34,80,Drip,89,Rice,Cotton,Cotton,Low,121,32,84,54189,/content/drive/MyDrive/dataset/CyAUG-Dataset/Black_Soil/b (840).jpeg
Loamy,5.87,59,35,36,73,Drip,63,Rice,Rice,Barley,Medium,87,22,57,25542,/content/drive/MyDrive/dataset/CyAUG-Dataset/Black_Soil/b (939).jpeg
Loamy,7.13,53,28,25,80,Sprinkler,72,Soybean,Maize,Cotton,High,78,34,44,26371,/content/drive/MyDrive/dataset/CyAUG-Dataset/Black_Soil/b (1172).jpeg
Clay,7.43,52,29,37,75,Flood,92,Cotton,Soybean,Maize,Medium,181,23,62,39016,/content/drive/MyDrive/dataset/CyAUG-Dataset/Black_Soil/b (1319).jpeg
Loamy,6.66,25,32,33,61,Sprinkler,55,Maize,Groundnut,Maize,High,84,25,51,79909,/content/drive/MyDrive/dataset/CyAUG-Dataset/Black_Soil/52.jpg
Sandy,6.03,28,17,29,66,Flood,89,Maize,Cotton,Sugarcane,Medium,106,31,90,29609,/content/drive/MyDrive/dataset/CyAUG-Dataset/Black_Soil/b (1388).jpeg
Silty,6.64,60,39,29,74,Drip,90,Barley,Groundnut,Maize,Medium,184,22,58,31167,/content/drive/MyDrive/dataset/CyAUG-Dataset/Black_Soil/b (1550).jpeg
Silty,7.26,29,17,48,69,Drip,68,Barley,Cotton,Barley,High,121,33,76,51428,/content/drive/MyDrive/dataset/CyAUG-Dataset/Black_Soil/b (830).jpeg
Loamy,5.69,20,38,37,78,Drip,90,Cotton,Barley,Cotton,Low,71,20,81,22223,/content/drive/MyDrive/dataset/CyAUG-Dataset/Black_Soil/b (835).jpeg
Loamy,6.66,41,29,38,37,Drip,91,Wheat,Millet,Rice,Low,115,30,74,68869,/content/drive/MyDrive/dataset/CyAUG-Dataset/Black_Soil/b (1133).jpeg
Clay,6.4,57,29,22,79,Sprinkler,57,Soybean,Maize,Millet,Low,63,27,59,22170,/content/drive/MyDrive/dataset/CyAUG-Dataset/Black_Soil/b (1399).jpeg
Silty,6.09,44,23,37,40,Flood,91,Groundnut,Barley,Sugarcane,Medium,115,31,48,48912,/content/drive/MyDrive/dataset/CyAUG-Dataset/Black_Soil/b (1009).jpeg
Clay,6.06,41,33,46,50,Drip,86,Wheat,Groundnut,Sugarcane,High,190,30,60,74907,/content/drive/MyDrive/dataset/CyAUG-Dataset/Black_Soil/b (957).jpeg
Clay,6.65,25,31,37,57,Flood,77,Sugarcane,Millet,Vegetables,Low,154,27,87,64498,/content/drive/MyDrive/dataset/CyAUG-Dataset/Black_Soil/b (1549).jpeg
Clay,7.49,49,35,34,43,Flood,67,Barley,Millet,Vegetables,Low,66,32,57,75683,/content/drive/MyDrive/dataset/CyAUG-Dataset/Black_Soil/b (1360).jpeg
Loamy,6.51,40,19,49,55,Sprinkler,76,Cotton,Maize,Millet,High,124,26,76,53928,/content/drive/MyDrive/dataset/CyAUG-Dataset/Black_Soil/b (1207).jpeg
Loamy,5.95,37,31,39,46,Drip,61,Barley,Cotton,Barley,Medium,103,21,63,34231,/content/drive/MyDrive/dataset/CyAUG-Dataset/Black_Soil/b (1176).jpeg
Sandy,6.61,21,20,43,76,Flood,62,Wheat,Cotton,Barley,Low,131,22,85,58925,/content/drive/MyDrive/dataset/CyAUG-Dataset/Black_Soil/b (1558).jpeg
Sandy,6.36,53,35,35,35,Sprinkler,64,Cotton,Rice,Vegetables,Medium,168,22,80,40584,/content/drive/MyDrive/dataset/CyAUG-Dataset/Black_Soil/83.jpg
Loamy,6.24,38,15,23,72,Drip,59,Sugarcane,Barley,Millet,Low,99,32,52,41793,/content/drive/MyDrive/dataset/CyAUG-Dataset/Black_Soil/b (1305).jpeg
Sandy,6.7,37,37,26,65,Drip,66,Cotton,Cotton,Maize,High,146,25,61,58420,/content/drive/MyDrive/dataset/CyAUG-Dataset/Black_Soil/b (1369).jpeg
Loamy,5.68,50,33,44,39,Sprinkler,74,Barley,Vegetables,Barley,Low,95,33,72,78238,/content/drive/MyDrive/dataset/CyAUG-Dataset/Black_Soil/b (804).jpeg
Loamy,7.43,36,27,40,56,Drip,61,Maize,Millet,Groundnut,High,119,20,60,42569,/content/drive/MyDrive/dataset/CyAUG-Dataset/Black_Soil/b (1596).jpeg
Loamy,7.14,28,33,26,36,Drip,79,Barley,Soybean,Sugarcane,Low,142,29,71,54517,/content/drive/MyDrive/dataset/CyAUG-Dataset/Black_Soil/b (943).jpeg
Silty,6.41,56,20,30,72,Drip,92,Wheat,Vegetables,Wheat,Low,100,21,58,31291,/content/drive/MyDrive/dataset/CyAUG-Dataset/Black_Soil/b (1131).jpeg
Silty,6.6,27,26,22,39,Flood,58,Barley,Sugarcane,Millet,Medium,148,35,56,51350,/content/drive/MyDrive/dataset/CyAUG-Dataset/Black_Soil/b (1473).jpeg
Loamy,7.18,28,28,41,69,Sprinkler,74,Sugarcane,Wheat,Millet,Medium,175,22,75,37197,/content/drive/MyDrive/dataset/CyAUG-Dataset/Black_Soil/b (1425).jpeg
Silty,6.24,24,32,20,32,Sprinkler,67,Groundnut,Cotton,Groundnut,Medium,111,29,81,51218,/content/drive/MyDrive/dataset/CyAUG-Dataset/Black_Soil/b (1551).jpeg
Silty,5.61,31,37,33,61,Flood,81,Millet,Barley,Barley,High,163,28,83,36029,/content/drive/MyDrive/dataset/CyAUG-Dataset/Black_Soil/b (986).jpeg
Loamy,7.21,46,22,34,50,Sprinkler,67,Sugarcane,Wheat,Wheat,Medium,190,25,86,40337,/content/drive/MyDrive/dataset/CyAUG-Dataset/Black_Soil/b (1147).jpeg
Silty,6.17,60,32,40,40,Sprinkler,55,Soybean,Maize,Soybean,Medium,116,32,49,75488,/content/drive/MyDrive/dataset/CyAUG-Dataset/Black_Soil/b (1318).jpeg
Loamy,6.23,50,24,28,40,Drip,67,Groundnut,Millet,Sugarcane,High,182,30,49,52647,/content/drive/MyDrive/dataset/CyAUG-Dataset/Black_Soil/b (1435).jpeg
Clay,5.59,55,29,49,45,Sprinkler,63,Soybean,Sugarcane,Cotton,High,136,34,48,68870,/content/drive/MyDrive/dataset/CyAUG-Dataset/Black_Soil/b (940).jpeg
Silty,6.24,34,18,20,67,Drip,89,Cotton,Soybean,Rice,Medium,58,26,87,56331,/content/drive/MyDrive/dataset/CyAUG-Dataset/Black_Soil/94.jpg
Sandy,7.31,29,30,42,40,Flood,56,Cotton,Wheat,Millet,Low,96,35,88,46271,/content/drive/MyDrive/dataset/CyAUG-Dataset/Black_Soil/b (1129).jpeg
Silty,5.99,26,37,21,59,Sprinkler,88,Soybean,Soybean,Soybean,Medium,162,27,51,69050,/content/drive/MyDrive/dataset/CyAUG-Dataset/Black_Soil/b (1525).jpeg
Loamy,6.81,21,18,47,79,Flood,93,Maize,Vegetables,Rice,High,62,34,81,37437,/content/drive/MyDrive/dataset/CyAUG-Dataset/Black_Soil/b (1190).jpeg
Clay,6.41,28,24,34,65,Sprinkler,73,Rice,Soybean,Groundnut,Low,175,30,48,35159,/content/drive/MyDrive/dataset/CyAUG-Dataset/Black_Soil/b (856).jpeg
Sandy,6.44,60,21,34,45,Flood,82,Cotton,Groundnut,Maize,Medium,122,29,89,69835,/content/drive/MyDrive/dataset/CyAUG-Dataset/Black_Soil/b (1629).jpeg
Loamy,6.69,56,22,27,77,Drip,88,Sugarcane,Soybean,Vegetables,Low,94,26,56,37460,/content/drive/MyDrive/dataset/CyAUG-Dataset/Black_Soil/b (1519).jpeg
Loamy,7.41,41,31,33,48,Drip,78,Millet,Groundnut,Soybean,Low,71,33,53,29401,/content/drive/MyDrive/dataset/CyAUG-Dataset/Black_Soil/b (1306).jpeg
Sandy,5.77,59,36,31,49,Sprinkler,50,Sugarcane,Soybean,Wheat,High,103,22,84,75626,/content/drive/MyDrive/dataset/CyAUG-Dataset/Black_Soil/73.jpg
Sandy,6.52,23,22,47,43,Flood,92,Maize,Vegetables,Vegetables,High,66,31,47,56419,/content/drive/MyDrive/dataset/CyAUG-Dataset/Black_Soil/b (1073).jpeg
Sandy,5.97,30,32,35,64,Sprinkler,57,Barley,Groundnut,Wheat,Medium,84,20,42,43385,/content/drive/MyDrive/dataset/CyAUG-Dataset/Black_Soil/b (796).jpeg
Sandy,6.52,37,36,33,67,Flood,81,Vegetables,Barley,Barley,Low,118,26,79,62179,/content/drive/MyDrive/dataset/CyAUG-Dataset/Black_Soil/b (932).jpeg
Sandy,7.44,26,38,22,42,Flood,54,Soybean,Vegetables,Cotton,High,196,30,55,74929,/content/drive/MyDrive/dataset/CyAUG-Dataset/Black_Soil/72.jpg
Loamy,7.49,43,20,25,31,Flood,55,Soybean,Wheat,Sugarcane,Low,58,31,65,26766,/content/drive/MyDrive/dataset/CyAUG-Dataset/Black_Soil/b (1486).jpeg
Clay,6.19,60,29,41,56,Drip,55,Vegetables,Soybean,Sugarcane,High,180,32,90,72416,/content/drive/MyDrive/dataset/CyAUG-Dataset/Black_Soil/b (1282).jpeg
Clay,5.81,36,17,33,75,Sprinkler,72,Cotton,Barley,Vegetables,Low,136,31,43,38144,/content/drive/MyDrive/dataset/CyAUG-Dataset/Black_Soil/b (1056).jpeg
Sandy,6.97,24,25,48,64,Drip,81,Cotton,Millet,Rice,High,192,35,65,30673,/content/drive/MyDrive/dataset/CyAUG-Dataset/Black_Soil/93.jpg
Loamy,7.14,33,16,21,51,Sprinkler,60,Soybean,Wheat,Sugarcane,Medium,104,21,50,60537,/content/drive/MyDrive/dataset/CyAUG-Dataset/Black_Soil/b (1626).jpeg
Clay,6.65,50,16,39,77,Sprinkler,68,Rice,Maize,Groundnut,Medium,93,29,57,43947,/content/drive/MyDrive/dataset/CyAUG-Dataset/Black_Soil/b (1493).jpeg
Loamy,7.1,31,31,40,39,Drip,71,Vegetables,Sugarcane,Cotton,High,169,28,55,58789,/content/drive/MyDrive/dataset/CyAUG-Dataset/Black_Soil/b (772).jpeg
Loamy,6.57,22,23,40,59,Flood,55,Rice,Wheat,Wheat,Low,155,25,44,20169,/content/drive/MyDrive/dataset/CyAUG-Dataset/Black_Soil/b (1186).jpeg
Clay,6.93,59,33,43,44,Flood,54,Barley,Sugarcane,Maize,High,182,20,59,50395,/content/drive/MyDrive/dataset/CyAUG-Dataset/Black_Soil/b (1347).jpeg
Loamy,6.86,22,22,44,35,Flood,92,Soybean,Soybean,Maize,Medium,102,23,74,54587,/content/drive/MyDrive/dataset/CyAUG-Dataset/Black_Soil/97.jpg
Loamy,6.65,32,37,43,59,Drip,50,Rice,Millet,Wheat,Low,195,27,79,27658,/content/drive/MyDrive/dataset/CyAUG-Dataset/Black_Soil/b (1636).jpeg
Sandy,6.73,58,32,28,64,Flood,87,Sugarcane,Rice,Vegetables,High,66,22,79,30411,/content/drive/MyDrive/dataset/CyAUG-Dataset/Black_Soil/b (892).jpeg
Sandy,6.94,27,27,33,46,Sprinkler,92,Soybean,Barley,Wheat,Low,128,27,72,60703,/content/drive/MyDrive/dataset/CyAUG-Dataset/Black_Soil/88.jpg
Sandy,7.17,26,20,33,54,Drip,89,Millet,Rice,Cotton,High,146,21,75,22004,/content/drive/MyDrive/dataset/CyAUG-Dataset/Black_Soil/b (1398).jpeg
Clay,7.32,30,38,41,42,Sprinkler,70,Rice,Barley,Sugarcane,Low,154,31,48,62966,/content/drive/MyDrive/dataset/CyAUG-Dataset/Black_Soil/b (1271).jpeg
Sandy,5.87,58,19,44,73,Sprinkler,52,Wheat,Rice,Cotton,Low,59,33,73,28115,/content/drive/MyDrive/dataset/CyAUG-Dataset/Black_Soil/b (827).jpeg
Sandy,7.23,31,17,31,65,Drip,65,Soybean,Rice,Cotton,Medium,164,34,70,44405,/content/drive/MyDrive/dataset/CyAUG-Dataset/Black_Soil/b (1051).jpeg
Loamy,5.65,39,40,48,57,Sprinkler,65,Soybean,Cotton,Wheat,Low,124,26,70,73058,/content/drive/MyDrive/dataset/CyAUG-Dataset/Black_Soil/b (1518).jpeg
Loamy,7.39,43,29,27,74,Flood,78,Rice,Millet,Vegetables,High,58,31,58,28446,/content/drive/MyDrive/dataset/CyAUG-Dataset/Black_Soil/b (779).jpeg
Clay,7.15,55,16,23,47,Sprinkler,55,Millet,Cotton,Barley,Low,139,33,61,61629,/content/drive/MyDrive/dataset/CyAUG-Dataset/Black_Soil/b (1357).jpeg
Sandy,5.68,48,34,22,32,Drip,77,Soybean,Millet,Groundnut,Medium,88,21,68,44005,/content/drive/MyDrive/dataset/CyAUG-Dataset/Black_Soil/b (1502).jpeg
Loamy,5.97,31,26,46,78,Flood,50,Soybean,Sugarcane,Wheat,High,96,34,89,25144,/content/drive/MyDrive/dataset/CyAUG-Dataset/Black_Soil/b (1194).jpeg
Sandy,6.19,47,19,40,43,Sprinkler,94,Rice,Cotton,Groundnut,Low,91,30,51,68057,/content/drive/MyDrive/dataset/CyAUG-Dataset/Black_Soil/b (1412).jpeg
Sandy,7.5,46,31,23,32,Drip,50,Millet,Wheat,Wheat,Low,52,27,69,46793,/content/drive/MyDrive/dataset/CyAUG-Dataset/Black_Soil/b (1085).jpeg
Clay,7.31,32,27,27,52,Sprinkler,58,Maize,Maize,Vegetables,Medium,70,31,48,62658,/content/drive/MyDrive/dataset/CyAUG-Dataset/Black_Soil/b (826).jpeg
Silty,7.34,58,25,26,63,Drip,61,Cotton,Rice,Cotton,Low,178,34,45,77937,/content/drive/MyDrive/dataset/CyAUG-Dataset/Black_Soil/b (1458).jpeg
Silty,6.35,43,38,35,61,Flood,71,Millet,Wheat,Cotton,High,143,35,40,75501,/content/drive/MyDrive/dataset/CyAUG-Dataset/Black_Soil/b (979).jpeg
Loamy,6.98,28,19,50,58,Flood,94,Cotton,Sugarcane,Sugarcane,High,64,27,40,25331,/content/drive/MyDrive/dataset/CyAUG-Dataset/Black_Soil/b (1092).jpeg
Clay,6.47,41,30,37,56,Sprinkler,79,Millet,Groundnut,Vegetables,Low,138,33,89,50202,/content/drive/MyDrive/dataset/CyAUG-Dataset/Black_Soil/b (899).jpeg
Clay,6.66,41,28,49,67,Flood,80,Maize,Millet,Groundnut,Low,163,20,60,43481,/content/drive/MyDrive/dataset/CyAUG-Dataset/Black_Soil/b (1226).jpeg
Sandy,7.2,45,25,25,43,Flood,53,Cotton,Groundnut,Rice,Medium,140,34,79,55495,/content/drive/MyDrive/dataset/CyAUG-Dataset/Black_Soil/b (907).jpeg
Silty,7.41,55,33,26,58,Drip,73,Maize,Sugarcane,Soybean,Medium,51,31,68,78026,/content/drive/MyDrive/dataset/CyAUG-Dataset/Black_Soil/b (814).jpeg
Silty,5.88,33,22,46,57,Flood,95,Vegetables,Sugarcane,Barley,Low,89,28,79,27923,/content/drive/MyDrive/dataset/CyAUG-Dataset/Black_Soil/b (1517).jpeg
Sandy,6.07,58,30,25,34,Drip,55,Sugarcane,Maize,Vegetables,Low,133,20,42,30041,/content/drive/MyDrive/dataset/CyAUG-Dataset/Black_Soil/b (1597).jpeg
Sandy,5.54,27,20,40,48,Drip,63,Vegetables,Maize,Barley,Medium,89,25,78,23094,/content/drive/MyDrive/dataset/CyAUG-Dataset/Black_Soil/b (1344).jpeg
Sandy,7.19,32,35,34,36,Drip,87,Millet,Rice,Maize,Low,51,26,42,25926,/content/drive/MyDrive/dataset/CyAUG-Dataset/Black_Soil/b (1047).jpeg
Loamy,5.96,41,31,26,80,Drip,77,Groundnut,Sugarcane,Barley,Medium,157,23,51,36731,/content/drive/MyDrive/dataset/CyAUG-Dataset/Black_Soil/b (987).jpeg
Clay,6.87,59,20,28,76,Drip,80,Vegetables,Soybean,Millet,Medium,65,28,54,43511,/content/drive/MyDrive/dataset/CyAUG-Dataset/Black_Soil/b (1453).jpeg
Clay,5.66,58,19,29,43,Drip,51,Wheat,Millet,Vegetables,High,82,28,81,29456,/content/drive/MyDrive/dataset/CyAUG-Dataset/Black_Soil/b (1476).jpeg
Sandy,5.77,31,26,42,59,Flood,59,Vegetables,Cotton,Cotton,Medium,71,24,74,42815,/content/drive/MyDrive/dataset/CyAUG-Dataset/Black_Soil/b (762).jpeg
Sandy,7.33,57,17,33,31,Drip,93,Vegetables,Wheat,Rice,High,131,35,81,77695,/content/drive/MyDrive/dataset/CyAUG-Dataset/Black_Soil/b (894).jpeg
Silty,6.11,22,30,23,51,Sprinkler,57,Wheat,Groundnut,Soybean,Medium,135,21,78,32024,/content/drive/MyDrive/dataset/CyAUG-Dataset/Black_Soil/b (860).jpeg
Clay,5.71,28,37,31,65,Flood,84,Sugarcane,Cotton,Cotton,High,156,30,73,62681,/content/drive/MyDrive/dataset/CyAUG-Dataset/Black_Soil/b (920).jpeg
Silty,6.6,23,29,40,37,Drip,60,Vegetables,Vegetables,Millet,High,137,28,52,43640,/content/drive/MyDrive/dataset/CyAUG-Dataset/Black_Soil/b (1064).jpeg
Clay,6.62,52,21,40,46,Drip,75,Sugarcane,Groundnut,Groundnut,Low,161,31,68,69718,/content/drive/MyDrive/dataset/CyAUG-Dataset/Black_Soil/b (1540).jpeg
Silty,6.43,57,33,32,32,Flood,74,Wheat,Millet,Soybean,High,157,28,65,31930,/content/drive/MyDrive/dataset/CyAUG-Dataset/Black_Soil/b (1260).jpeg
Loamy,5.97,51,31,31,47,Flood,54,Rice,Millet,Wheat,High,67,27,74,65991,/content/drive/MyDrive/dataset/CyAUG-Dataset/Black_Soil/b (808).jpeg
Loamy,7.02,23,38,21,35,Flood,73,Maize,Wheat,Maize,Low,150,30,67,21200,/content/drive/MyDrive/dataset/CyAUG-Dataset/Black_Soil/b (802).jpeg
Clay,6.64,21,29,28,72,Flood,88,Maize,Sugarcane,Sugarcane,High,147,35,83,45514,/content/drive/MyDrive/dataset/CyAUG-Dataset/Black_Soil/b (1277).jpeg
Clay,7.41,40,35,39,77,Drip,51,Wheat,Groundnut,Barley,High,107,33,48,77870,/content/drive/MyDrive/dataset/CyAUG-Dataset/Black_Soil/b (1504).jpeg
Sandy,7.37,51,25,37,53,Drip,79,Rice,Vegetables,Wheat,High,63,32,84,48798,/content/drive/MyDrive/dataset/CyAUG-Dataset/Black_Soil/b (992).jpeg
Loamy,6.01,55,15,43,57,Sprinkler,64,Sugarcane,Wheat,Maize,Medium,96,28,74,49580,/content/drive/MyDrive/dataset/CyAUG-Dataset/Black_Soil/b (787).jpeg
Silty,7.49,58,39,20,61,Sprinkler,88,Rice,Sugarcane,Rice,Medium,172,28,74,22034,/content/drive/MyDrive/dataset/CyAUG-Dataset/Black_Soil/b (1033).jpeg
Clay,7.01,33,38,20,34,Flood,74,Maize,Barley,Barley,Low,74,22,41,50942,/content/drive/MyDrive/dataset/CyAUG-Dataset/Black_Soil/53.jpg
Sandy,5.54,36,38,43,32,Flood,52,Vegetables,Groundnut,Barley,Medium,126,30,51,46169,/content/drive/MyDrive/dataset/CyAUG-Dataset/Black_Soil/b (1588).jpeg
Loamy,5.65,41,26,44,49,Drip,59,Barley,Vegetables,Wheat,Medium,110,24,66,47842,/content/drive/MyDrive/dataset/CyAUG-Dataset/Black_Soil/b (1251).jpeg
Silty,6.92,49,34,36,38,Drip,89,Sugarcane,Wheat,Soybean,High,123,29,48,25584,/content/drive/MyDrive/dataset/CyAUG-Dataset/Black_Soil/b (1022).jpeg
Silty,7.48,52,35,24,49,Flood,78,Maize,Maize,Rice,High,175,23,44,77029,/content/drive/MyDrive/dataset/CyAUG-Dataset/Black_Soil/b (1281).jpeg
Sandy,6.7,45,19,30,61,Sprinkler,95,Soybean,Soybean,Barley,Low,104,24,82,33540,/content/drive/MyDrive/dataset/CyAUG-Dataset/Black_Soil/b (1491).jpeg
Clay,6.01,21,25,26,64,Drip,93,Millet,Sugarcane,Groundnut,Medium,92,34,48,57030,/content/drive/MyDrive/dataset/CyAUG-Dataset/Black_Soil/b (1006).jpeg
Clay,6.3,42,35,36,74,Flood,76,Rice,Sugarcane,Barley,High,95,20,56,22003,/content/drive/MyDrive/dataset/CyAUG-Dataset/Black_Soil/b (1315).jpeg
Sandy,5.6,34,32,50,32,Sprinkler,91,Vegetables,Millet,Groundnut,High,97,32,40,30430,/content/drive/MyDrive/dataset/CyAUG-Dataset/Black_Soil/b (1335).jpeg
Sandy,7.23,49,22,29,61,Flood,83,Vegetables,Sugarcane,Millet,Medium,192,29,76,59469,/content/drive/MyDrive/dataset/CyAUG-Dataset/Black_Soil/b (1384).jpeg
Loamy,6.32,35,16,34,58,Flood,56,Maize,Cotton,Barley,High,108,32,71,69445,/content/drive/MyDrive/dataset/CyAUG-Dataset/Black_Soil/b (981).jpeg
Sandy,5.68,53,20,50,72,Drip,69,Groundnut,Soybean,Barley,Medium,186,22,63,70779,/content/drive/MyDrive/dataset/CyAUG-Dataset/Black_Soil/b (1327).jpeg
Silty,5.81,27,23,50,77,Drip,67,Barley,Sugarcane,Sugarcane,High,174,27,47,70232,/content/drive/MyDrive/dataset/CyAUG-Dataset/Black_Soil/b (1598).jpeg
Sandy,5.53,39,31,31,36,Sprinkler,95,Cotton,Maize,Rice,High,61,20,44,73023,/content/drive/MyDrive/dataset/CyAUG-Dataset/Black_Soil/b (876).jpeg
Sandy,6.02,59,29,46,45,Flood,50,Soybean,Millet,Sugarcane,Low,86,35,68,62486,/content/drive/MyDrive/dataset/CyAUG-Dataset/Black_Soil/b (1524).jpeg
Clay,6.48,26,16,28,40,Sprinkler,64,Wheat,Cotton,Vegetables,High,109,35,84,72140,/content/drive/MyDrive/dataset/CyAUG-Dataset/Black_Soil/b (1401).jpeg
Loamy,6.49,50,16,23,77,Flood,76,Barley,Wheat,Vegetables,High,73,22,69,61366,/content/drive/MyDrive/dataset/CyAUG-Dataset/Black_Soil/b (1052).jpeg
Loamy,6.75,37,40,25,69,Drip,58,Barley,Vegetables,Soybean,Low,115,21,46,61782,/content/drive/MyDrive/dataset/CyAUG-Dataset/Black_Soil/b (1117).jpeg
Silty,7.41,32,27,22,72,Drip,61,Maize,Barley,Sugarcane,Low,170,27,59,66574,/content/drive/MyDrive/dataset/CyAUG-Dataset/Black_Soil/b (1146).jpeg
Sandy,6.82,21,15,21,53,Flood,81,Wheat,Sugarcane,Rice,Low,198,22,87,23680,/content/drive/MyDrive/dataset/CyAUG-Dataset/Black_Soil/b (1405).jpeg
Sandy,6.26,26,34,21,44,Flood,59,Maize,Rice,Groundnut,Medium,141,29,79,50619,/content/drive/MyDrive/dataset/CyAUG-Dataset/Black_Soil/b (1024).jpeg
Clay,6.15,25,31,31,53,Flood,53,Sugarcane,Cotton,Rice,Low,198,33,80,24407,/content/drive/MyDrive/dataset/CyAUG-Dataset/Black_Soil/b (1261).jpeg
Loamy,6.63,25,18,37,30,Flood,54,Rice,Rice,Rice,Medium,102,23,46,51805,/content/drive/MyDrive/dataset/CyAUG-Dataset/Black_Soil/b (1353).jpeg
Sandy,6.24,56,22,50,33,Drip,82,Cotton,Vegetables,Soybean,High,157,30,81,40562,/content/drive/MyDrive/dataset/CyAUG-Dataset/Black_Soil/b (1229).jpeg
Sandy,6.28,21,40,21,42,Sprinkler,52,Sugarcane,Millet,Wheat,Low,190,34,81,55641,/content/drive/MyDrive/dataset/CyAUG-Dataset/Black_Soil/b (1214).jpeg
Loamy,7.3,47,38,46,62,Drip,76,Cotton,Sugarcane,Maize,Medium,82,21,88,67739,/content/drive/MyDrive/dataset/CyAUG-Dataset/Black_Soil/b (931).jpeg
Sandy,5.8,34,38,20,49,Sprinkler,65,Soybean,Sugarcane,Vegetables,High,58,26,63,26766,/content/drive/MyDrive/dataset/CyAUG-Dataset/Black_Soil/b (1160).jpeg
Sandy,5.69,36,30,22,39,Sprinkler,69,Maize,Rice,Groundnut,Low,96,26,61,59214,/content/drive/MyDrive/dataset/CyAUG-Dataset/Black_Soil/61.jpg
Loamy,6.63,22,24,50,73,Drip,85,Maize,Barley,Cotton,Low,154,20,52,20568,/content/drive/MyDrive/dataset/CyAUG-Dataset/Black_Soil/b (1575).jpeg
Loamy,6.15,31,35,50,67,Sprinkler,88,Maize,Groundnut,Millet,Medium,131,27,52,46474,/content/drive/MyDrive/dataset/CyAUG-Dataset/Black_Soil/b (1136).jpeg
Silty,5.7,57,35,45,31,Sprinkler,58,Soybean,Millet,Barley,Medium,93,31,56,75654,/content/drive/MyDrive/dataset/CyAUG-Dataset/Black_Soil/b (1407).jpeg
Silty,7.39,56,28,42,62,Drip,54,Maize,Sugarcane,Rice,High,152,35,83,64699,/content/drive/MyDrive/dataset/CyAUG-Dataset/Black_Soil/b (784).jpeg
Clay,6.59,48,19,34,59,Drip,60,Vegetables,Sugarcane,Millet,Low,66,27,45,37805,/content/drive/MyDrive/dataset/CyAUG-Dataset/Black_Soil/b (1223).jpeg
Clay,5.56,55,37,21,78,Flood,62,Groundnut,Groundnut,Wheat,High,76,30,49,76271,/content/drive/MyDrive/dataset/CyAUG-Dataset/Black_Soil/b (1078).jpeg
Loamy,7.3,42,19,35,68,Sprinkler,66,Maize,Vegetables,Soybean,High,131,34,81,51400,/content/drive/MyDrive/dataset/CyAUG-Dataset/Black_Soil/b (1294).jpeg
Silty,6.69,24,17,43,64,Sprinkler,72,Sugarcane,Cotton,Soybean,High,138,22,48,52324,/content/drive/MyDrive/dataset/CyAUG-Dataset/Black_Soil/b (1390).jpeg
Clay,6.49,39,28,36,39,Sprinkler,78,Cotton,Sugarcane,Maize,Medium,52,28,89,74011,/content/drive/MyDrive/dataset/CyAUG-Dataset/Black_Soil/74.jpg
Silty,6.65,50,37,31,58,Sprinkler,63,Wheat,Soybean,Maize,Medium,62,29,47,21553,/content/drive/MyDrive/dataset/CyAUG-Dataset/Black_Soil/b (1032).jpeg
Loamy,6.55,21,27,36,70,Sprinkler,70,Wheat,Cotton,Groundnut,Medium,118,31,89,23354,/content/drive/MyDrive/dataset/CyAUG-Dataset/Black_Soil/b (1641).jpeg
Silty,6.81,47,30,33,48,Flood,68,Rice,Groundnut,Millet,Low,183,32,65,77548,/content/drive/MyDrive/dataset/CyAUG-Dataset/Black_Soil/b (867).jpeg
Clay,6.4,27,31,39,60,Flood,56,Maize,Cotton,Rice,Medium,149,21,52,21279,/content/drive/MyDrive/dataset/CyAUG-Dataset/Black_Soil/b (1121).jpeg
Sandy,6.27,37,24,37,35,Drip,55,Millet,Groundnut,Rice,High,69,23,43,71326,/content/drive/MyDrive/dataset/CyAUG-Dataset/Black_Soil/b (1325).jpeg
Sandy,7.35,20,35,38,31,Sprinkler,72,Barley,Cotton,Barley,High,158,30,61,24107,/content/drive/MyDrive/dataset/CyAUG-Dataset/Black_Soil/b (1293).jpeg
Loamy,6.68,29,16,42,52,Sprinkler,78,Barley,Soybean,Millet,Medium,169,30,76,71293,/content/drive/MyDrive/dataset/CyAUG-Dataset/Black_Soil/b (871).jpeg
Clay,6.93,43,16,26,71,Sprinkler,88,Maize,Groundnut,Groundnut,Medium,75,20,81,27396,/content/drive/MyDrive/dataset/CyAUG-Dataset/Black_Soil/b (1642).jpeg
Clay,5.75,43,19,35,47,Drip,88,Sugarcane,Groundnut,Cotton,Medium,177,28,55,20449,/content/drive/MyDrive/dataset/CyAUG-Dataset/Black_Soil/71.jpg
Loamy,7.48,57,36,50,56,Drip,88,Soybean,Wheat,Vegetables,High,120,31,60,20672,/content/drive/MyDrive/dataset/CyAUG-Dataset/Black_Soil/b (1112).jpeg
Silty,5.52,35,34,37,78,Sprinkler,90,Wheat,Cotton,Cotton,Medium,164,28,69,51601,/content/drive/MyDrive/dataset/CyAUG-Dataset/Black_Soil/b (1427).jpeg
Clay,7.17,39,23,28,73,Drip,77,Millet,Cotton,Wheat,High,81,26,68,31427,/content/drive/MyDrive/dataset/CyAUG-Dataset/Black_Soil/b (1019).jpeg
Silty,5.7,44,33,43,57,Flood,88,Barley,Rice,Millet,Medium,152,30,89,34874,/content/drive/MyDrive/dataset/CyAUG-Dataset/Black_Soil/b (999).jpeg
Clay,7.04,45,27,32,74,Drip,53,Soybean,Cotton,Soybean,Low,194,21,40,32567,/content/drive/MyDrive/dataset/CyAUG-Dataset/Black_Soil/b (1035).jpeg
Sandy,5.9,44,24,40,74,Sprinkler,71,Cotton,Cotton,Vegetables,Low,133,23,55,63506,/content/drive/MyDrive/dataset/CyAUG-Dataset/Black_Soil/b (1386).jpeg
Silty,6.37,33,28,31,59,Sprinkler,57,Maize,Vegetables,Maize,High,61,25,45,62521,/content/drive/MyDrive/dataset/CyAUG-Dataset/Black_Soil/b (1457).jpeg
Clay,6.26,39,21,25,51,Sprinkler,93,Sugarcane,Maize,Soybean,High,78,27,60,64486,/content/drive/MyDrive/dataset/CyAUG-Dataset/Black_Soil/b (1126).jpeg
Silty,5.73,45,40,20,64,Sprinkler,58,Wheat,Millet,Barley,Low,109,25,45,66055,/content/drive/MyDrive/dataset/CyAUG-Dataset/Black_Soil/b (853).jpeg
Silty,6.21,38,34,30,52,Drip,69,Sugarcane,Sugarcane,Vegetables,High,89,33,54,21428,/content/drive/MyDrive/dataset/CyAUG-Dataset/Black_Soil/b (1316).jpeg
Sandy,6.86,39,40,47,62,Sprinkler,75,Vegetables,Vegetables,Vegetables,Medium,108,20,60,60684,/content/drive/MyDrive/dataset/CyAUG-Dataset/Black_Soil/b (1348).jpeg
Clay,6.71,37,40,28,41,Flood,90,Barley,Soybean,Vegetables,Medium,74,21,73,32224,/content/drive/MyDrive/dataset/CyAUG-Dataset/Black_Soil/b (1050).jpeg
Clay,5.81,57,21,43,69,Sprinkler,87,Cotton,Rice,Rice,Medium,121,21,83,20815,/content/drive/MyDrive/dataset/CyAUG-Dataset/Black_Soil/b (1069).jpeg
Silty,5.8,51,26,35,55,Drip,80,Vegetables,Millet,Millet,Low,146,28,89,57146,/content/drive/MyDrive/dataset/CyAUG-Dataset/Black_Soil/b (1393).jpeg
Silty,6.19,26,24,24,72,Flood,92,Millet,Sugarcane,Rice,High,81,35,81,32214,/content/drive/MyDrive/dataset/CyAUG-Dataset/Black_Soil/b (1004).jpeg
Loamy,6.78,34,16,22,36,Sprinkler,83,Maize,Millet,Wheat,Medium,156,27,78,47262,/content/drive/MyDrive/dataset/CyAUG-Dataset/Black_Soil/51.jpg
Silty,7.2,27,31,22,43,Sprinkler,68,Rice,Vegetables,Soybean,Low,108,25,90,48303,/content/drive/MyDrive/dataset/CyAUG-Dataset/Black_Soil/b (1562).jpeg
Clay,5.92,60,22,20,30,Flood,92,Barley,Maize,Groundnut,High,92,31,70,53249,/content/drive/MyDrive/dataset/CyAUG-Dataset/Black_Soil/b (850).jpeg
Loamy,7.25,44,26,42,43,Sprinkler,52,Groundnut,Sugarcane,Soybean,Low,81,21,65,55615,/content/drive/MyDrive/dataset/CyAUG-Dataset/Black_Soil/b (1276).jpeg
Loamy,6.17,48,15,34,63,Flood,64,Wheat,Groundnut,Millet,High,83,32,82,20166,/content/drive/MyDrive/dataset/CyAUG-Dataset/Black_Soil/b (1105).jpeg
Sandy,7.1,34,23,30,79,Drip,78,Groundnut,Maize,Vegetables,High,93,35,68,55452,/content/drive/MyDrive/dataset/CyAUG-Dataset/Black_Soil/b (1352).jpeg
Clay,5.94,24,17,24,39,Sprinkler,73,Maize,Barley,Groundnut,Medium,148,34,70,35997,/content/drive/MyDrive/dataset/CyAUG-Dataset/Black_Soil/b (1389).jpeg
Sandy,6.28,41,17,36,44,Sprinkler,84,Millet,Rice,Maize,Low,67,33,82,77520,/content/drive/MyDrive/dataset/CyAUG-Dataset/Black_Soil/b (1103).jpeg
Sandy,5.86,55,24,39,53,Drip,53,Wheat,Barley,Barley,Low,184,28,58,67087,/content/drive/MyDrive/dataset/CyAUG-Dataset/Black_Soil/b (1615).jpeg
Clay,7.36,54,19,43,76,Sprinkler,60,Groundnut,Vegetables,Cotton,High,64,26,46,55452,/content/drive/MyDrive/dataset/CyAUG-Dataset/Black_Soil/b (1528).jpeg
Silty,7.14,45,31,34,72,Flood,88,Vegetables,Vegetables,Groundnut,High,162,32,48,61079,/content/drive/MyDrive/dataset/CyAUG-Dataset/Black_Soil/b (1633).jpeg
Clay,7.06,58,35,46,47,Flood,59,Rice,Barley,Cotton,High,130,29,52,71926,/content/drive/MyDrive/dataset/CyAUG-Dataset/Black_Soil/b (1253).jpeg
Clay,5.87,44,39,27,38,Sprinkler,88,Groundnut,Vegetables,Groundnut,Low,123,31,51,72355,/content/drive/MyDrive/dataset/CyAUG-Dataset/Black_Soil/b (786).jpeg
Silty,6.34,43,19,27,54,Sprinkler,71,Cotton,Vegetables,Millet,Low,92,29,67,43218,/content/drive/MyDrive/dataset/CyAUG-Dataset/Black_Soil/b (879).jpeg
Sandy,6.73,34,28,37,56,Drip,89,Wheat,Vegetables,Sugarcane,Low,66,27,66,75108,/content/drive/MyDrive/dataset/CyAUG-Dataset/Black_Soil/b (877).jpeg
Clay,5.99,24,32,27,79,Flood,60,Rice,Rice,Rice,Low,196,28,60,47285,/content/drive/MyDrive/dataset/CyAUG-Dataset/Black_Soil/b (1168).jpeg
Loamy,5.71,54,37,32,79,Sprinkler,58,Sugarcane,Barley,Groundnut,High,182,24,61,72005,/content/drive/MyDrive/dataset/CyAUG-Dataset/Black_Soil/b (1274).jpeg
Sandy,7.44,22,20,30,67,Drip,55,Rice,Maize,Cotton,Medium,110,26,65,49598,/content/drive/MyDrive/dataset/CyAUG-Dataset/Black_Soil/b (1475).jpeg
Loamy,5.61,44,22,22,58,Flood,89,Soybean,Barley,Sugarcane,Low,106,26,51,49155,/content/drive/MyDrive/dataset/CyAUG-Dataset/Black_Soil/b (1273).jpeg
Clay,7.22,35,40,48,52,Flood,82,Soybean,Groundnut,Wheat,Medium,104,27,53,68594,/content/drive/MyDrive/dataset/CyAUG-Dataset/Black_Soil/b (969).jpeg
Sandy,6.3,22,20,33,64,Sprinkler,65,Maize,Sugarcane,Groundnut,High,101,27,84,52810,/content/drive/MyDrive/dataset/CyAUG-Dataset/Black_Soil/b (1055).jpeg
Clay,7.4,21,16,21,59,Flood,61,Sugarcane,Cotton,Cotton,High,119,31,49,71428,/content/drive/MyDrive/dataset/CyAUG-Dataset/Black_Soil/b (1418).jpeg
Sandy,6.58,38,18,48,79,Sprinkler,91,Maize,Vegetables,Soybean,Medium,74,29,42,21479,/content/drive/MyDrive/dataset/CyAUG-Dataset/Black_Soil/b (1083).jpeg
Loamy,7.05,28,29,45,64,Flood,77,Sugarcane,Wheat,Groundnut,Medium,104,30,85,36953,/content/drive/MyDrive/dataset/CyAUG-Dataset/Black_Soil/b (1397).jpeg
Sandy,6.27,59,31,49,62,Sprinkler,68,Maize,Sugarcane,Maize,Low,88,35,85,28135,/content/drive/MyDrive/dataset/CyAUG-Dataset/Black_Soil/b (1250).jpeg
Sandy,5.97,33,28,36,78,Drip,85,Barley,Wheat,Sugarcane,Low,154,33,52,40277,/content/drive/MyDrive/dataset/CyAUG-Dataset/Black_Soil/b (1592).jpeg
Sandy,5.88,30,29,24,33,Sprinkler,72,Millet,Groundnut,Wheat,Low,191,34,65,39374,/content/drive/MyDrive/dataset/CyAUG-Dataset/Black_Soil/b (1417).jpeg
Loamy,7.17,52,22,40,66,Drip,55,Groundnut,Millet,Rice,High,98,34,56,48588,/content/drive/MyDrive/dataset/CyAUG-Dataset/Black_Soil/b (873).jpeg
Sandy,6.78,30,24,40,78,Flood,79,Millet,Vegetables,Millet,Medium,63,28,45,54977,/content/drive/MyDrive/dataset/CyAUG-Dataset/Black_Soil/b (785).jpeg
Loamy,6.55,35,18,40,72,Sprinkler,75,Barley,Barley,Vegetables,Medium,125,21,57,75996,/content/drive/MyDrive/dataset/CyAUG-Dataset/Black_Soil/b (883).jpeg
Clay,7.01,20,24,41,35,Flood,88,Maize,Cotton,Wheat,High,148,33,57,74465,/content/drive/MyDrive/dataset/CyAUG-Dataset/Black_Soil/b (1339).jpeg
Loamy,6.05,20,17,25,44,Flood,63,Millet,Sugarcane,Groundnut,Medium,134,32,73,58514,/content/drive/MyDrive/dataset/CyAUG-Dataset/Black_Soil/89.jpg
Sandy,6.77,31,26,38,66,Sprinkler,71,Soybean,Millet,Millet,High,179,34,76,64422,/content/drive/MyDrive/dataset/CyAUG-Dataset/Black_Soil/b (1163).jpeg
Sandy,6.34,49,22,26,69,Drip,67,Rice,Cotton,Millet,Low,192,25,88,41552,/content/drive/MyDrive/dataset/CyAUG-Dataset/Black_Soil/53b.jpg
Clay,5.94,26,29,37,47,Flood,68,Wheat,Maize,Rice,High,63,27,56,46039,/content/drive/MyDrive/dataset/CyAUG-Dataset/Black_Soil/b (1513).jpeg
Loamy,6.98,34,35,29,53,Drip,61,Rice,Vegetables,Wheat,High,54,20,41,64006,/content/drive/MyDrive/dataset/CyAUG-Dataset/Black_Soil/b (1663).jpeg
Clay,6.94,59,17,22,41,Flood,84,Sugarcane,Millet,Sugarcane,High,143,23,52,28937,/content/drive/MyDrive/dataset/CyAUG-Dataset/Black_Soil/b (1066).jpeg
Silty,6.28,39,26,41,36,Flood,95,Vegetables,Rice,Groundnut,Low,78,23,44,56197,/content/drive/MyDrive/dataset/CyAUG-Dataset/Black_Soil/b (1114).jpeg
Sandy,6.6,60,21,23,53,Drip,77,Groundnut,Sugarcane,Sugarcane,Medium,194,21,57,73489,/content/drive/MyDrive/dataset/CyAUG-Dataset/Black_Soil/b (1062).jpeg
Loamy,5.52,43,24,28,50,Sprinkler,90,Soybean,Rice,Groundnut,Medium,144,21,64,21986,/content/drive/MyDrive/dataset/CyAUG-Dataset/Black_Soil/b (885).jpeg
Silty,5.63,27,33,33,52,Sprinkler,61,Maize,Rice,Barley,Low,111,20,68,27518,/content/drive/MyDrive/dataset/CyAUG-Dataset/Black_Soil/b (1338).jpeg
Clay,6.35,46,35,27,80,Drip,91,Rice,Barley,Maize,High,140,23,82,27441,/content/drive/MyDrive/dataset/CyAUG-Dataset/Black_Soil/b (1371).jpeg
Clay,5.79,60,16,28,38,Flood,51,Soybean,Barley,Millet,Low,50,33,72,65427,/content/drive/MyDrive/dataset/CyAUG-Dataset/Black_Soil/b (1463).jpeg
Sandy,5.73,36,31,48,71,Sprinkler,76,Soybean,Wheat,Soybean,High,86,20,62,72625,/content/drive/MyDrive/dataset/CyAUG-Dataset/Black_Soil/b (1227).jpeg
Loamy,5.94,50,16,43,31,Sprinkler,64,Maize,Wheat,Groundnut,Low,168,30,74,55015,/content/drive/MyDrive/dataset/CyAUG-Dataset/Black_Soil/b (1002).jpeg
Sandy,6.75,28,15,47,49,Sprinkler,94,Wheat,Barley,Maize,Medium,112,21,69,26253,/content/drive/MyDrive/dataset/CyAUG-Dataset/Black_Soil/b (1402).jpeg
Sandy,5.79,29,21,27,49,Drip,91,Cotton,Barley,Barley,Medium,100,35,68,34085,/content/drive/MyDrive/dataset/CyAUG-Dataset/Black_Soil/b (1548).jpeg
Loamy,7.2,39,24,32,54,Sprinkler,67,Soybean,Cotton,Millet,Medium,61,24,46,45506,/content/drive/MyDrive/dataset/CyAUG-Dataset/Black_Soil/b (915).jpeg
Loamy,6.31,29,33,50,51,Sprinkler,62,Barley,Maize,Cotton,High,152,29,59,21444,/content/drive/MyDrive/dataset/CyAUG-Dataset/Black_Soil/b (1248).jpeg
Silty,6.06,44,34,29,46,Sprinkler,74,Millet,Millet,Rice,Medium,160,30,75,59562,/content/drive/MyDrive/dataset/CyAUG-Dataset/Black_Soil/b (1627).jpeg
Silty,7.03,33,33,26,51,Flood,79,Rice,Barley,Maize,Medium,170,34,56,47943,/content/drive/MyDrive/dataset/CyAUG-Dataset/Black_Soil/b (1181).jpeg
Loamy,7.31,36,30,27,59,Drip,59,Maize,Groundnut,Sugarcane,Medium,154,34,71,69731,/content/drive/MyDrive/dataset/CyAUG-Dataset/Black_Soil/b (1196).jpeg
Loamy,5.57,36,38,25,79,Sprinkler,56,Vegetables,Soybean,Millet,Medium,121,31,63,67641,/content/drive/MyDrive/dataset/CyAUG-Dataset/Black_Soil/b (1590).jpeg
Loamy,5.54,48,27,21,49,Sprinkler,81,Rice,Wheat,Soybean,Medium,136,34,64,40513,/content/drive/MyDrive/dataset/CyAUG-Dataset/Black_Soil/b (1466).jpeg
Loamy,6.39,31,28,23,50,Drip,50,Wheat,Wheat,Groundnut,Medium,59,29,77,79001,/content/drive/MyDrive/dataset/CyAUG-Dataset/Black_Soil/b (1439).jpeg
Silty,6.01,40,37,30,65,Drip,68,Soybean,Vegetables,Millet,Low,144,35,60,42788,/content/drive/MyDrive/dataset/CyAUG-Dataset/Black_Soil/b (1267).jpeg
Silty,6.45,41,32,31,63,Sprinkler,66,Millet,Rice,Sugarcane,Low,189,21,57,32753,/content/drive/MyDrive/dataset/CyAUG-Dataset/Black_Soil/b (944).jpeg
Clay,6.4,23,21,27,30,Sprinkler,52,Sugarcane,Vegetables,Millet,Medium,162,33,48,58210,/content/drive/MyDrive/dataset/CyAUG-Dataset/Black_Soil/b (1599).jpeg
Sandy,5.81,49,30,34,42,Drip,55,Vegetables,Vegetables,Rice,Low,188,33,74,64765,/content/drive/MyDrive/dataset/CyAUG-Dataset/Black_Soil/b (780).jpeg
Loamy,7.05,28,16,22,61,Drip,92,Sugarcane,Groundnut,Millet,Low,181,32,45,63866,/content/drive/MyDrive/dataset/CyAUG-Dataset/Black_Soil/b (1652).jpeg
Silty,6.56,38,21,22,52,Flood,65,Soybean,Sugarcane,Millet,Medium,188,27,60,21626,/content/drive/MyDrive/dataset/CyAUG-Dataset/Black_Soil/b (1016).jpeg
Silty,6.3,23,30,37,46,Drip,91,Rice,Vegetables,Groundnut,Low,104,31,69,21877,/content/drive/MyDrive/dataset/CyAUG-Dataset/Black_Soil/b (1374).jpeg
Sandy,6.62,54,17,41,31,Sprinkler,82,Vegetables,Vegetables,Barley,Medium,162,29,56,23325,/content/drive/MyDrive/dataset/CyAUG-Dataset/Black_Soil/b (758).jpeg
Clay,6.34,46,17,48,76,Drip,80,Wheat,Soybean,Cotton,High,160,33,73,21630,/content/drive/MyDrive/dataset/CyAUG-Dataset/Black_Soil/b (897).jpeg
Clay,6.38,51,30,39,59,Flood,57,Wheat,Wheat,Maize,Medium,138,20,63,26342,/content/drive/MyDrive/dataset/CyAUG-Dataset/Black_Soil/87.jpg
Sandy,7.26,50,30,24,36,Sprinkler,92,Sugarcane,Soybean,Cotton,Low,147,21,51,55023,/content/drive/MyDrive/dataset/CyAUG-Dataset/Black_Soil/b (1041).jpeg
Silty,6.72,42,31,23,71,Sprinkler,54,Groundnut,Sugarcane,Rice,Medium,174,28,68,62614,/content/drive/MyDrive/dataset/CyAUG-Dataset/Black_Soil/b (1278).jpeg
Loamy,5.64,59,40,49,64,Flood,75,Vegetables,Millet,Groundnut,Low,188,22,77,20239,/content/drive/MyDrive/dataset/CyAUG-Dataset/Black_Soil/b (921).jpeg
Loamy,6.58,33,26,21,45,Flood,68,Wheat,Cotton,Groundnut,Low,104,31,82,31100,/content/drive/MyDrive/dataset/CyAUG-Dataset/Black_Soil/b (1514).jpeg
Silty,5.55,46,37,48,32,Sprinkler,81,Wheat,Wheat,Barley,Low,51,33,50,39384,/content/drive/MyDrive/dataset/CyAUG-Dataset/Black_Soil/b (968).jpeg
Sandy,5.53,20,21,36,48,Sprinkler,50,Groundnut,Vegetables,Groundnut,Medium,181,35,80,63259,/content/drive/MyDrive/dataset/CyAUG-Dataset/Black_Soil/b (1543).jpeg
Silty,6.95,35,21,41,76,Flood,69,Sugarcane,Groundnut,Rice,High,192,33,68,61882,/content/drive/MyDrive/dataset/CyAUG-Dataset/Black_Soil/54.jpg
Silty,6.61,31,37,25,60,Flood,93,Rice,Millet,Wheat,Low,50,25,64,60345,/content/drive/MyDrive/dataset/CyAUG-Dataset/Black_Soil/b (794).jpeg
Sandy,6.89,50,34,22,77,Drip,81,Barley,Vegetables,Barley,High,159,33,51,48614,/content/drive/MyDrive/dataset/CyAUG-Dataset/Black_Soil/b (1025).jpeg
Loamy,6.78,25,21,33,38,Sprinkler,56,Maize,Maize,Cotton,Medium,165,35,53,45896,/content/drive/MyDrive/dataset/CyAUG-Dataset/Black_Soil/b (1395).jpeg
Sandy,5.67,48,23,41,38,Flood,94,Barley,Cotton,Rice,High,121,20,75,76199,/content/drive/MyDrive/dataset/CyAUG-Dataset/Black_Soil/b (1089).jpeg
Sandy,7.21,45,39,44,72,Flood,67,Vegetables,Vegetables,Sugarcane,High,160,20,65,64992,/content/drive/MyDrive/dataset/CyAUG-Dataset/Black_Soil/b (970).jpeg
Loamy,6.65,23,19,20,71,Sprinkler,72,Wheat,Barley,Wheat,Medium,73,20,51,34063,/content/drive/MyDrive/dataset/CyAUG-Dataset/Black_Soil/b (839).jpeg
Sandy,5.83,40,33,43,54,Sprinkler,88,Soybean,Soybean,Soybean,High,178,22,56,28242,/content/drive/MyDrive/dataset/CyAUG-Dataset/Black_Soil/b (1209).jpeg
Silty,6.85,40,17,40,61,Flood,55,Cotton,Barley,Cotton,Low,178,20,87,79648,/content/drive/MyDrive/dataset/CyAUG-Dataset/Black_Soil/b (1431).jpeg
Sandy,6.87,21,31,39,69,Sprinkler,64,Wheat,Wheat,Soybean,High,193,34,49,34830,/content/drive/MyDrive/dataset/CyAUG-Dataset/Black_Soil/b (1472).jpeg
Clay,7.28,57,21,30,60,Sprinkler,56,Barley,Groundnut,Barley,High,101,32,65,49125,/content/drive/MyDrive/dataset/CyAUG-Dataset/Black_Soil/b (959).jpeg
Loamy,5.57,39,34,50,30,Drip,58,Sugarcane,Millet,Soybean,High,68,35,47,36563,/content/drive/MyDrive/dataset/CyAUG-Dataset/Black_Soil/b (1262).jpeg
Silty,7.36,22,27,49,47,Flood,93,Groundnut,Vegetables,Soybean,Medium,195,22,71,30751,/content/drive/MyDrive/dataset/CyAUG-Dataset/Black_Soil/b (754).jpeg
Clay,5.73,45,33,24,74,Flood,73,Vegetables,Soybean,Maize,High,96,21,69,79470,/content/drive/MyDrive/dataset/CyAUG-Dataset/Black_Soil/b (1244).jpeg
Clay,7.44,22,32,32,39,Flood,61,Rice,Rice,Sugarcane,Low,73,23,71,69736,/content/drive/MyDrive/dataset/CyAUG-Dataset/Black_Soil/b (1193).jpeg
Sandy,6.88,44,29,26,40,Flood,81,Soybean,Wheat,Wheat,High,97,26,87,30614,/content/drive/MyDrive/dataset/CyAUG-Dataset/Black_Soil/b (1).jpeg
Sandy,6.29,26,35,49,46,Drip,65,Cotton,Soybean,Soybean,Low,75,26,84,47117,/content/drive/MyDrive/dataset/CyAUG-Dataset/Black_Soil/62.jpg
Clay,7.19,26,15,47,55,Drip,95,Maize,Cotton,Vegetables,Medium,146,28,54,57797,/content/drive/MyDrive/dataset/CyAUG-Dataset/Black_Soil/b (1237).jpeg
Sandy,6.24,43,32,35,47,Sprinkler,94,Soybean,Sugarcane,Groundnut,Medium,92,22,87,59611,/content/drive/MyDrive/dataset/CyAUG-Dataset/Black_Soil/81.jpg
Loamy,6.04,31,25,23,71,Sprinkler,86,Maize,Groundnut,Sugarcane,High,165,32,71,52040,/content/drive/MyDrive/dataset/CyAUG-Dataset/Black_Soil/b (954).jpeg
Silty,6.95,42,37,31,79,Flood,94,Wheat,Wheat,Groundnut,High,140,32,66,68650,/content/drive/MyDrive/dataset/CyAUG-Dataset/Black_Soil/75a.jpg
Clay,6.68,51,27,24,61,Sprinkler,80,Rice,Wheat,Wheat,Low,128,24,90,58013,/content/drive/MyDrive/dataset/CyAUG-Dataset/Black_Soil/b (1394).jpeg
Clay,5.61,34,21,45,72,Sprinkler,74,Soybean,Vegetables,Sugarcane,Low,64,32,77,27572,/content/drive/MyDrive/dataset/CyAUG-Dataset/Black_Soil/b (1620).jpeg
Clay,5.73,36,17,23,69,Drip,73,Barley,Millet,Barley,Low,105,22,46,47308,/content/drive/MyDrive/dataset/CyAUG-Dataset/Black_Soil/b (975).jpeg
Silty,6.96,38,15,48,75,Flood,51,Rice,Millet,Sugarcane,High,120,25,89,61717,/content/drive/MyDrive/dataset/CyAUG-Dataset/Black_Soil/9.jpg
Silty,6.34,35,28,41,34,Sprinkler,57,Cotton,Soybean,Sugarcane,Medium,156,21,45,41952,/content/drive/MyDrive/dataset/CyAUG-Dataset/Black_Soil/b (949).jpeg
Loamy,6.15,55,28,33,35,Flood,67,Wheat,Barley,Wheat,Low,94,29,49,76251,/content/drive/MyDrive/dataset/CyAUG-Dataset/Black_Soil/b (1581).jpeg
Sandy,6.12,35,27,26,79,Flood,80,Barley,Wheat,Soybean,High,68,27,79,77731,/content/drive/MyDrive/dataset/CyAUG-Dataset/Black_Soil/b (927).jpeg
Loamy,5.77,46,28,39,53,Flood,56,Sugarcane,Groundnut,Maize,High,198,31,76,52052,/content/drive/MyDrive/dataset/CyAUG-Dataset/Black_Soil/b (1413).jpeg
Silty,6.92,31,24,29,68,Flood,59,Maize,Sugarcane,Rice,Low,146,29,41,46642,/content/drive/MyDrive/dataset/CyAUG-Dataset/Black_Soil/b (1445).jpeg
Loamy,5.82,46,38,49,73,Flood,74,Barley,Soybean,Maize,Low,79,28,46,74719,/content/drive/MyDrive/dataset/CyAUG-Dataset/Black_Soil/b (1510).jpeg
Clay,6.67,34,27,39,69,Sprinkler,80,Rice,Maize,Wheat,Medium,53,23,46,33760,/content/drive/MyDrive/dataset/CyAUG-Dataset/Black_Soil/b (1586).jpeg
Loamy,6.17,60,15,40,71,Sprinkler,54,Sugarcane,Vegetables,Cotton,Medium,80,26,85,44673,/content/drive/MyDrive/dataset/CyAUG-Dataset/Black_Soil/b (813).jpeg
Clay,6.47,28,39,21,77,Sprinkler,74,Cotton,Cotton,Barley,High,132,29,45,77051,/content/drive/MyDrive/dataset/CyAUG-Dataset/Black_Soil/b (836).jpeg
Clay,6.77,58,34,30,43,Drip,56,Barley,Sugarcane,Sugarcane,Low,77,34,53,70958,/content/drive/MyDrive/dataset/CyAUG-Dataset/Black_Soil/b (812).jpeg
Sandy,7.02,59,19,47,63,Sprinkler,77,Millet,Maize,Barley,Medium,67,28,51,26820,/content/drive/MyDrive/dataset/CyAUG-Dataset/Black_Soil/b (1143).jpeg
Loamy,7.34,56,37,23,69,Drip,61,Maize,Groundnut,Wheat,Low,136,22,69,50708,/content/drive/MyDrive/dataset/CyAUG-Dataset/Black_Soil/b (854).jpeg
Sandy,6.99,52,19,30,77,Flood,53,Rice,Barley,Barley,Low,72,29,45,63138,/content/drive/MyDrive/dataset/CyAUG-Dataset/Black_Soil/b (1602).jpeg
Loamy,6.38,42,18,49,42,Sprinkler,73,Soybean,Vegetables,Rice,High,100,34,56,64482,/content/drive/MyDrive/dataset/CyAUG-Dataset/Black_Soil/58.jpg
Loamy,6.68,52,31,47,38,Sprinkler,60,Maize,Wheat,Soybean,Medium,56,34,53,55894,/content/drive/MyDrive/dataset/CyAUG-Dataset/Black_Soil/b (1187).jpeg
Loamy,6.02,43,20,35,35,Flood,62,Barley,Rice,Wheat,Medium,59,34,49,79497,/content/drive/MyDrive/dataset/CyAUG-Dataset/Black_Soil/b (1208).jpeg
Loamy,5.72,54,28,34,78,Drip,60,Wheat,Groundnut,Millet,Low,145,21,74,75352,/content/drive/MyDrive/dataset/CyAUG-Dataset/Black_Soil/b (1526).jpeg
Clay,7.19,59,15,25,50,Drip,62,Soybean,Sugarcane,Millet,High,134,30,42,70149,/content/drive/MyDrive/dataset/CyAUG-Dataset/Black_Soil/b (1100).jpeg
Loamy,7.39,44,32,35,77,Flood,85,Rice,Rice,Cotton,Low,50,30,46,28398,/content/drive/MyDrive/dataset/CyAUG-Dataset/Black_Soil/b (1616).jpeg
Sandy,7.01,30,29,40,69,Drip,56,Wheat,Groundnut,Barley,Medium,91,23,52,59007,/content/drive/MyDrive/dataset/CyAUG-Dataset/Black_Soil/b (1556).jpeg
Clay,6.14,33,35,27,80,Flood,57,Wheat,Millet,Vegetables,High,195,32,90,71196,/content/drive/MyDrive/dataset/CyAUG-Dataset/Black_Soil/b (845).jpeg
Silty,7.27,26,32,25,78,Sprinkler,92,Rice,Millet,Soybean,Low,153,25,72,44288,/content/drive/MyDrive/dataset/CyAUG-Dataset/Black_Soil/b (1140).jpeg
Loamy,6.79,43,35,32,77,Sprinkler,67,Soybean,Sugarcane,Wheat,Medium,145,32,66,66732,/content/drive/MyDrive/dataset/CyAUG-Dataset/Black_Soil/b (846).jpeg
Clay,6.0,37,24,28,47,Flood,95,Cotton,Wheat,Rice,High,175,26,40,79840,/content/drive/MyDrive/dataset/CyAUG-Dataset/Black_Soil/b (1593).jpeg
Loamy,6.44,22,23,32,68,Flood,75,Millet,Sugarcane,Cotton,Low,115,22,42,43209,/content/drive/MyDrive/dataset/CyAUG-Dataset/Black_Soil/b (1503).jpeg
Clay,7.15,34,17,22,48,Drip,91,Millet,Soybean,Soybean,Medium,145,28,52,63785,/content/drive/MyDrive/dataset/CyAUG-Dataset/Black_Soil/b (1511).jpeg
Sandy,6.15,22,39,46,41,Sprinkler,83,Maize,Groundnut,Soybean,Medium,63,21,69,72119,/content/drive/MyDrive/dataset/CyAUG-Dataset/Black_Soil/b (1465).jpeg
Sandy,5.71,50,34,49,35,Sprinkler,66,Cotton,Millet,Cotton,Medium,149,35,53,48473,/content/drive/MyDrive/dataset/CyAUG-Dataset/Black_Soil/b (807).jpeg
Loamy,5.97,47,22,33,56,Sprinkler,74,Millet,Sugarcane,Maize,High,77,24,42,65033,/content/drive/MyDrive/dataset/CyAUG-Dataset/Black_Soil/b (1380).jpeg
Sandy,5.75,49,24,39,75,Sprinkler,75,Barley,Millet,Groundnut,Medium,64,25,42,46913,/content/drive/MyDrive/dataset/CyAUG-Dataset/Black_Soil/59.jpg
Loamy,6.07,46,36,21,51,Flood,81,Millet,Sugarcane,Groundnut,Medium,103,26,48,54885,/content/drive/MyDrive/dataset/CyAUG-Dataset/Black_Soil/b (1554).jpeg
Loamy,5.68,37,16,37,57,Sprinkler,67,Vegetables,Groundnut,Millet,Low,197,24,65,23142,/content/drive/MyDrive/dataset/CyAUG-Dataset/Black_Soil/b (1606).jpeg
Silty,7.3,39,16,46,78,Sprinkler,84,Sugarcane,Cotton,Millet,Medium,129,26,69,37821,/content/drive/MyDrive/dataset/CyAUG-Dataset/Black_Soil/b (792).jpeg
Sandy,7.46,35,33,33,54,Drip,86,Vegetables,Soybean,Vegetables,High,198,23,44,21719,/content/drive/MyDrive/dataset/CyAUG-Dataset/Black_Soil/b (1159).jpeg
Sandy,6.23,24,34,23,40,Sprinkler,55,Barley,Barley,Wheat,High,82,34,40,79549,/content/drive/MyDrive/dataset/CyAUG-Dataset/Black_Soil/b (1426).jpeg
Clay,7.48,41,34,20,72,Sprinkler,84,Groundnut,Rice,Sugarcane,High,137,32,68,51465,/content/drive/MyDrive/dataset/CyAUG-Dataset/Black_Soil/b (1270).jpeg
Sandy,6.54,59,16,26,65,Sprinkler,66,Groundnut,Vegetables,Cotton,Medium,192,29,87,54094,/content/drive/MyDrive/dataset/CyAUG-Dataset/Black_Soil/b (1311).jpeg
Clay,7.26,25,19,40,36,Drip,86,Sugarcane,Vegetables,Maize,Medium,132,29,86,31411,/content/drive/MyDrive/dataset/CyAUG-Dataset/Black_Soil/b (1444).jpeg
Sandy,7.19,21,30,46,63,Sprinkler,86,Rice,Barley,Maize,High,195,20,42,58255,/content/drive/MyDrive/dataset/CyAUG-Dataset/Black_Soil/b (984).jpeg
Clay,6.45,47,32,24,33,Drip,59,Rice,Barley,Wheat,Medium,99,21,69,28069,/content/drive/MyDrive/dataset/CyAUG-Dataset/Black_Soil/b (1076).jpeg
Clay,6.11,53,24,47,48,Drip,56,Vegetables,Wheat,Rice,High,130,34,55,54423,/content/drive/MyDrive/dataset/CyAUG-Dataset/Black_Soil/b (1280).jpeg
Silty,5.57,35,33,31,69,Sprinkler,91,Soybean,Maize,Wheat,Medium,63,22,78,43907,/content/drive/MyDrive/dataset/CyAUG-Dataset/Black_Soil/b (753).jpeg
Sandy,6.11,25,24,48,30,Drip,76,Rice,Rice,Wheat,Medium,152,33,76,39067,/content/drive/MyDrive/dataset/CyAUG-Dataset/Black_Soil/99.jpg
Silty,7.01,55,16,22,52,Flood,57,Millet,Wheat,Maize,Medium,76,20,47,46876,/content/drive/MyDrive/dataset/CyAUG-Dataset/Black_Soil/b (1345).jpeg
Silty,5.8,50,29,26,51,Flood,93,Wheat,Barley,Maize,Medium,147,32,84,57209,/content/drive/MyDrive/dataset/CyAUG-Dataset/Black_Soil/b (1579).jpeg
Sandy,7.22,50,29,42,39,Flood,87,Maize,Cotton,Wheat,Medium,190,28,82,36753,/content/drive/MyDrive/dataset/CyAUG-Dataset/Black_Soil/b (1664).jpeg
Clay,7.17,26,23,27,36,Drip,79,Vegetables,Vegetables,Groundnut,High,138,28,66,74724,/content/drive/MyDrive/dataset/CyAUG-Dataset/Black_Soil/b (972).jpeg
Clay,5.81,47,40,37,71,Drip,75,Soybean,Barley,Barley,Low,69,25,80,51571,/content/drive/MyDrive/dataset/CyAUG-Dataset/Black_Soil/b (1400).jpeg
Loamy,6.1,56,40,26,59,Sprinkler,61,Millet,Groundnut,Millet,Low,145,34,88,60398,/content/drive/MyDrive/dataset/CyAUG-Dataset/Black_Soil/b (1617).jpeg
Sandy,6.47,31,16,36,51,Sprinkler,87,Groundnut,Rice,Soybean,High,194,34,50,63164,/content/drive/MyDrive/dataset/CyAUG-Dataset/Black_Soil/b (1646).jpeg
Loamy,5.74,32,40,39,32,Sprinkler,69,Groundnut,Vegetables,Vegetables,Medium,126,22,67,36395,/content/drive/MyDrive/dataset/CyAUG-Dataset/Black_Soil/b (1228).jpeg
Loamy,6.72,21,31,23,55,Flood,78,Maize,Maize,Wheat,High,171,29,84,34651,/content/drive/MyDrive/dataset/CyAUG-Dataset/Black_Soil/b (958).jpeg
Loamy,5.59,21,35,44,64,Drip,88,Millet,Maize,Millet,Medium,186,29,51,69049,/content/drive/MyDrive/dataset/CyAUG-Dataset/Black_Soil/b (1264).jpeg
Clay,7.03,39,21,33,54,Drip,50,Wheat,Vegetables,Wheat,High,55,33,57,41803,/content/drive/MyDrive/dataset/CyAUG-Dataset/Black_Soil/b (1437).jpeg
Sandy,6.43,29,25,47,68,Flood,88,Wheat,Rice,Rice,Low,143,31,44,75711,/content/drive/MyDrive/dataset/CyAUG-Dataset/Black_Soil/b (1557).jpeg
Silty,5.62,47,15,28,56,Sprinkler,82,Millet,Groundnut,Rice,High,109,22,57,24045,/content/drive/MyDrive/dataset/CyAUG-Dataset/Black_Soil/b (1134).jpeg
Clay,7.47,56,40,47,62,Sprinkler,94,Groundnut,Soybean,Maize,Medium,63,27,51,77329,/content/drive/MyDrive/dataset/CyAUG-Dataset/Black_Soil/b (763).jpeg
Clay,7.07,29,29,21,52,Drip,59,Rice,Vegetables,Cotton,Low,74,29,66,71534,/content/drive/MyDrive/dataset/CyAUG-Dataset/Black_Soil/b (769).jpeg
Clay,6.1,21,31,24,67,Sprinkler,58,Rice,Sugarcane,Millet,Medium,89,35,76,71991,/content/drive/MyDrive/dataset/CyAUG-Dataset/Black_Soil/b (1379).jpeg
Sandy,7.11,55,36,28,73,Flood,52,Rice,Maize,Groundnut,Low,169,33,52,57922,/content/drive/MyDrive/dataset/CyAUG-Dataset/Black_Soil/b (878).jpeg
Silty,6.76,50,35,50,78,Flood,91,Wheat,Sugarcane,Wheat,Low,87,31,64,46079,/content/drive/MyDrive/dataset/CyAUG-Dataset/Black_Soil/b (1182).jpeg
Silty,5.98,42,27,33,59,Sprinkler,91,Wheat,Soybean,Cotton,Low,154,30,70,77699,/content/drive/MyDrive/dataset/CyAUG-Dataset/Black_Soil/b (1537).jpeg
Clay,5.86,46,23,25,56,Drip,93,Maize,Groundnut,Sugarcane,Medium,117,28,70,38746,/content/drive/MyDrive/dataset/CyAUG-Dataset/Black_Soil/b (1420).jpeg
Sandy,5.76,21,38,25,76,Sprinkler,53,Soybean,Millet,Cotton,Low,108,32,66,24685,/content/drive/MyDrive/dataset/CyAUG-Dataset/Black_Soil/b (1252).jpeg
Silty,7.35,58,19,35,41,Flood,82,Sugarcane,Vegetables,Maize,Medium,173,23,48,60148,/content/drive/MyDrive/dataset/CyAUG-Dataset/Black_Soil/b (951).jpeg
Silty,6.73,39,35,50,54,Flood,76,Cotton,Soybean,Barley,High,174,35,78,28335,/content/drive/MyDrive/dataset/CyAUG-Dataset/Black_Soil/b (1539).jpeg
Silty,7.08,45,34,30,63,Drip,91,Cotton,Maize,Maize,High,165,32,77,74995,/content/drive/MyDrive/dataset/CyAUG-Dataset/Black_Soil/b (1272).jpeg
Loamy,5.89,53,39,21,45,Sprinkler,63,Millet,Sugarcane,Vegetables,Low,56,20,87,69795,/content/drive/MyDrive/dataset/CyAUG-Dataset/Black_Soil/b (1363).jpeg
Sandy,7.09,40,40,50,63,Flood,51,Wheat,Maize,Millet,Medium,156,23,74,69996,/content/drive/MyDrive/dataset/CyAUG-Dataset/Black_Soil/b (1094).jpeg
Sandy,7.09,22,21,27,51,Sprinkler,73,Barley,Groundnut,Barley,Medium,60,34,51,67460,/content/drive/MyDrive/dataset/CyAUG-Dataset/Black_Soil/b (781).jpeg
Clay,6.08,37,16,39,45,Sprinkler,94,Vegetables,Cotton,Cotton,Medium,145,34,57,37845,/content/drive/MyDrive/dataset/CyAUG-Dataset/Black_Soil/b (1300).jpeg
Loamy,6.61,44,27,40,31,Sprinkler,50,Soybean,Vegetables,Millet,Low,140,24,67,47142,/content/drive/MyDrive/dataset/CyAUG-Dataset/Black_Soil/b (1600).jpeg
Sandy,6.84,42,38,24,44,Flood,89,Wheat,Wheat,Barley,Low,111,28,63,77471,/content/drive/MyDrive/dataset/CyAUG-Dataset/Black_Soil/b (811).jpeg
Clay,6.76,38,29,43,66,Sprinkler,76,Groundnut,Barley,Maize,High,193,33,57,28018,/content/drive/MyDrive/dataset/CyAUG-Dataset/Black_Soil/b (1354).jpeg
Sandy,6.36,48,36,23,41,Drip,53,Soybean,Cotton,Rice,High,115,27,49,42759,/content/drive/MyDrive/dataset/CyAUG-Dataset/Black_Soil/b (1618).jpeg
Loamy,6.09,23,33,24,40,Sprinkler,79,Barley,Groundnut,Cotton,High,94,25,88,42217,/content/drive/MyDrive/dataset/CyAUG-Dataset/Black_Soil/b (1286).jpeg
Sandy,5.98,55,34,32,35,Drip,50,Cotton,Soybean,Maize,Medium,147,22,45,68330,/content/drive/MyDrive/dataset/CyAUG-Dataset/Black_Soil/b (1622).jpeg
Loamy,6.93,38,20,26,47,Flood,65,Rice,Cotton,Rice,High,122,27,61,60891,/content/drive/MyDrive/dataset/CyAUG-Dataset/Black_Soil/b (863).jpeg
Sandy,7.29,58,19,41,79,Drip,82,Millet,Millet,Cotton,High,73,21,57,36921,/content/drive/MyDrive/dataset/CyAUG-Dataset/Black_Soil/b (1036).jpeg
Sandy,6.85,28,16,21,37,Drip,61,Maize,Vegetables,Soybean,Medium,76,32,76,79433,/content/drive/MyDrive/dataset/CyAUG-Dataset/Black_Soil/b (1005).jpeg
Loamy,5.62,40,18,32,76,Flood,90,Maize,Wheat,Millet,High,166,32,85,69963,/content/drive/MyDrive/dataset/CyAUG-Dataset/Black_Soil/b (1446).jpeg
Loamy,6.51,39,39,24,30,Drip,95,Groundnut,Maize,Maize,High,66,28,59,47479,/content/drive/MyDrive/dataset/CyAUG-Dataset/Black_Soil/b (1080).jpeg
Silty,6.9,44,29,43,39,Drip,91,Millet,Rice,Millet,High,88,20,83,74009,/content/drive/MyDrive/dataset/CyAUG-Dataset/Black_Soil/b (749).jpeg
Loamy,6.09,59,31,37,30,Sprinkler,86,Maize,Wheat,Vegetables,Medium,166,34,88,47428,/content/drive/MyDrive/dataset/CyAUG-Dataset/Black_Soil/b (869).jpeg
Silty,5.97,57,31,48,58,Flood,90,Maize,Vegetables,Barley,High,189,20,82,50080,/content/drive/MyDrive/dataset/CyAUG-Dataset/Black_Soil/b (1376).jpeg
Sandy,6.97,29,23,31,64,Flood,56,Cotton,Millet,Cotton,Medium,106,31,53,49982,/content/drive/MyDrive/dataset/CyAUG-Dataset/Black_Soil/b (1043).jpeg
Sandy,6.07,31,31,25,36,Drip,86,Millet,Rice,Millet,Low,55,29,63,60435,/content/drive/MyDrive/dataset/CyAUG-Dataset/Black_Soil/b (825).jpeg
Loamy,6.08,46,32,42,59,Flood,58,Millet,Maize,Groundnut,Low,117,30,73,67189,/content/drive/MyDrive/dataset/CyAUG-Dataset/Black_Soil/b (1450).jpeg
Clay,7.21,23,33,31,72,Flood,69,Vegetables,Wheat,Cotton,Low,175,34,43,59762,/content/drive/MyDrive/dataset/CyAUG-Dataset/Black_Soil/b (1572).jpeg
Sandy,6.96,48,21,41,72,Drip,71,Maize,Vegetables,Sugarcane,Medium,103,30,70,76564,/content/drive/MyDrive/dataset/CyAUG-Dataset/Black_Soil/b (1198).jpeg
Loamy,6.28,46,26,24,67,Drip,92,Groundnut,Barley,Maize,High,199,25,79,22086,/content/drive/MyDrive/dataset/CyAUG-Dataset/Black_Soil/b (1287).jpeg
Clay,5.72,22,16,47,79,Drip,75,Rice,Groundnut,Barley,Low,152,28,67,51183,/content/drive/MyDrive/dataset/CyAUG-Dataset/Black_Soil/b (1482).jpeg
Clay,6.71,25,16,40,66,Flood,58,Millet,Vegetables,Groundnut,Medium,175,21,54,34073,/content/drive/MyDrive/dataset/CyAUG-Dataset/Black_Soil/b (1157).jpeg
Loamy,6.13,59,28,29,80,Sprinkler,84,Groundnut,Soybean,Millet,Low,71,23,78,37705,/content/drive/MyDrive/dataset/CyAUG-Dataset/Black_Soil/b (1308).jpeg
Loamy,7.14,55,38,22,34,Sprinkler,69,Vegetables,Maize,Millet,Medium,183,34,78,35889,/content/drive/MyDrive/dataset/CyAUG-Dataset/Black_Soil/b (1288).jpeg
Loamy,6.3,58,17,31,56,Drip,63,Rice,Rice,Soybean,High,170,27,56,66247,/content/drive/MyDrive/dataset/CyAUG-Dataset/Black_Soil/b (1257).jpeg
Loamy,7.23,30,27,39,38,Drip,54,Vegetables,Maize,Maize,High,77,25,48,74055,/content/drive/MyDrive/dataset/CyAUG-Dataset/Black_Soil/b (1221).jpeg
Clay,5.75,57,18,49,62,Flood,85,Rice,Rice,Millet,High,52,29,50,72491,/content/drive/MyDrive/dataset/CyAUG-Dataset/Black_Soil/b (1023).jpeg
Clay,5.64,37,28,35,56,Sprinkler,84,Rice,Sugarcane,Vegetables,High,111,32,54,57221,/content/drive/MyDrive/dataset/CyAUG-Dataset/Black_Soil/b (1489).jpeg
Loamy,6.58,23,31,25,57,Sprinkler,73,Soybean,Groundnut,Rice,High,74,21,85,34148,/content/drive/MyDrive/dataset/CyAUG-Dataset/Black_Soil/b (995).jpeg
Sandy,6.03,44,37,28,67,Sprinkler,89,Soybean,Soybean,Millet,High,186,28,61,23264,/content/drive/MyDrive/dataset/CyAUG-Dataset/Black_Soil/b (1535).jpeg
Silty,6.03,24,36,31,50,Flood,54,Soybean,Vegetables,Rice,Low,125,23,52,28889,/content/drive/MyDrive/dataset/CyAUG-Dataset/Black_Soil/b (1013).jpeg
Loamy,7.14,58,35,23,71,Sprinkler,64,Maize,Rice,Wheat,High,144,32,69,73289,/content/drive/MyDrive/dataset/CyAUG-Dataset/Black_Soil/b (1174).jpeg
Clay,6.3,20,28,21,37,Flood,62,Barley,Soybean,Rice,Medium,85,32,81,62197,/content/drive/MyDrive/dataset/CyAUG-Dataset/Black_Soil/b (1410).jpeg
Sandy,6.04,38,31,34,62,Drip,70,Cotton,Soybean,Rice,High,174,27,52,27415,/content/drive/MyDrive/dataset/CyAUG-Dataset/Black_Soil/b (1423).jpeg
Silty,7.32,59,37,29,49,Flood,76,Cotton,Vegetables,Millet,Medium,143,34,74,58928,/content/drive/MyDrive/dataset/CyAUG-Dataset/Black_Soil/b (1142).jpeg
Loamy,7.19,34,36,36,59,Flood,85,Vegetables,Groundnut,Maize,High,177,33,69,54086,/content/drive/MyDrive/dataset/CyAUG-Dataset/Black_Soil/b (1356).jpeg
Sandy,6.08,53,26,46,67,Flood,83,Wheat,Barley,Rice,Low,99,24,80,66361,/content/drive/MyDrive/dataset/CyAUG-Dataset/Black_Soil/b (1326).jpeg
Loamy,7.07,37,30,25,72,Drip,58,Sugarcane,Groundnut,Cotton,Medium,159,29,56,52481,/content/drive/MyDrive/dataset/CyAUG-Dataset/Black_Soil/55.jpg
Sandy,5.76,21,19,25,75,Sprinkler,67,Maize,Groundnut,Millet,Medium,68,27,87,33474,/content/drive/MyDrive/dataset/CyAUG-Dataset/Black_Soil/b (1037).jpeg
Clay,6.08,47,15,49,32,Drip,58,Vegetables,Maize,Vegetables,Low,193,21,87,28356,/content/drive/MyDrive/dataset/CyAUG-Dataset/Black_Soil/b (1240).jpeg
Loamy,6.48,39,39,26,50,Sprinkler,78,Wheat,Maize,Sugarcane,Low,62,21,81,39392,/content/drive/MyDrive/dataset/CyAUG-Dataset/Black_Soil/b (1553).jpeg
Sandy,5.95,49,25,47,32,Drip,70,Vegetables,Millet,Millet,Low,199,30,70,45399,/content/drive/MyDrive/dataset/CyAUG-Dataset/Black_Soil/b (933).jpeg
Sandy,5.91,25,15,36,34,Flood,66,Maize,Rice,Soybean,Medium,130,33,72,46849,/content/drive/MyDrive/dataset/CyAUG-Dataset/Black_Soil/b (1468).jpeg
Clay,6.55,23,39,30,40,Drip,50,Sugarcane,Sugarcane,Soybean,Low,182,21,90,37465,/content/drive/MyDrive/dataset/CyAUG-Dataset/Black_Soil/b (1375).jpeg
Silty,6.51,34,20,32,40,Drip,75,Groundnut,Wheat,Millet,Medium,78,21,56,38277,/content/drive/MyDrive/dataset/CyAUG-Dataset/Black_Soil/b (851).jpeg
Clay,6.49,49,25,33,35,Drip,80,Cotton,Soybean,Cotton,Low,55,32,90,62531,/content/drive/MyDrive/dataset/CyAUG-Dataset/Black_Soil/b (903).jpeg
Sandy,7.42,32,31,40,68,Sprinkler,55,Wheat,Barley,Sugarcane,Medium,60,28,79,38967,/content/drive/MyDrive/dataset/CyAUG-Dataset/Black_Soil/b (1560).jpeg
Sandy,5.7,35,35,41,41,Drip,87,Vegetables,Sugarcane,Rice,Low,179,33,55,51439,/content/drive/MyDrive/dataset/CyAUG-Dataset/Black_Soil/b (1355).jpeg
Silty,7.08,52,40,36,60,Flood,67,Rice,Cotton,Groundnut,Medium,165,24,69,20508,/content/drive/MyDrive/dataset/CyAUG-Dataset/Black_Soil/b (759).jpeg
Clay,7.18,35,19,41,30,Flood,75,Maize,Millet,Maize,High,70,24,51,31577,/content/drive/MyDrive/dataset/CyAUG-Dataset/Black_Soil/b (1038).jpeg
Loamy,6.95,47,19,20,52,Drip,78,Sugarcane,Rice,Barley,Medium,78,34,42,28752,/content/drive/MyDrive/dataset/CyAUG-Dataset/Black_Soil/b (1487).jpeg
Loamy,7.47,39,35,39,49,Sprinkler,56,Sugarcane,Groundnut,Millet,High,114,32,65,51558,/content/drive/MyDrive/dataset/CyAUG-Dataset/Black_Soil/b (766).jpeg
Sandy,7.44,58,16,49,78,Flood,91,Wheat,Soybean,Sugarcane,Medium,140,33,66,49481,/content/drive/MyDrive/dataset/CyAUG-Dataset/Black_Soil/b (1332).jpeg
Loamy,6.12,51,15,31,67,Sprinkler,76,Cotton,Groundnut,Wheat,High,158,30,89,36702,/content/drive/MyDrive/dataset/CyAUG-Dataset/Black_Soil/b (816).jpeg
Sandy,6.15,25,40,31,54,Drip,76,Soybean,Soybean,Groundnut,Medium,105,22,78,52484,/content/drive/MyDrive/dataset/CyAUG-Dataset/Black_Soil/b (764).jpeg
Sandy,6.67,36,15,48,30,Drip,79,Barley,Vegetables,Soybean,Low,193,31,76,34426,/content/drive/MyDrive/dataset/CyAUG-Dataset/Black_Soil/b (1601).jpeg
Clay,6.32,50,24,46,76,Drip,81,Wheat,Barley,Cotton,High,150,34,86,50785,/content/drive/MyDrive/dataset/CyAUG-Dataset/Black_Soil/b (1385).jpeg
Loamy,6.49,47,18,21,61,Drip,65,Rice,Maize,Barley,High,165,21,78,72811,/content/drive/MyDrive/dataset/CyAUG-Dataset/Black_Soil/b (1031).jpeg
Loamy,6.9,38,25,43,60,Flood,69,Maize,Groundnut,Sugarcane,Low,110,28,44,71163,/content/drive/MyDrive/dataset/CyAUG-Dataset/Black_Soil/b (1178).jpeg
Sandy,7.02,34,38,44,32,Sprinkler,78,Wheat,Rice,Maize,Medium,198,29,73,25806,/content/drive/MyDrive/dataset/CyAUG-Dataset/Black_Soil/b (1256).jpeg
Silty,6.06,34,17,31,55,Flood,65,Cotton,Maize,Vegetables,Low,55,27,67,68161,/content/drive/MyDrive/dataset/CyAUG-Dataset/Black_Soil/b (991).jpeg
Sandy,6.98,59,20,49,52,Drip,73,Wheat,Millet,Millet,Medium,146,30,70,61233,/content/drive/MyDrive/dataset/CyAUG-Dataset/Black_Soil/b (1443).jpeg
Clay,6.84,20,19,26,39,Sprinkler,72,Vegetables,Wheat,Millet,Medium,128,31,69,59769,/content/drive/MyDrive/dataset/CyAUG-Dataset/Black_Soil/64.jpg
Clay,7.0,51,32,49,48,Drip,57,Maize,Sugarcane,Rice,Medium,117,23,74,60614,/content/drive/MyDrive/dataset/CyAUG-Dataset/Black_Soil/b (909).jpeg
Silty,6.42,45,38,21,69,Drip,75,Millet,Barley,Sugarcane,High,62,30,43,66256,/content/drive/MyDrive/dataset/CyAUG-Dataset/Black_Soil/b (961).jpeg
Loamy,5.58,30,21,33,56,Drip,65,Millet,Maize,Sugarcane,Low,73,24,71,72952,/content/drive/MyDrive/dataset/CyAUG-Dataset/Black_Soil/64a.jpg
Clay,6.52,34,35,45,32,Drip,68,Millet,Groundnut,Maize,Low,145,29,50,66752,/content/drive/MyDrive/dataset/CyAUG-Dataset/Black_Soil/b (843).jpeg
Sandy,5.58,30,33,36,39,Sprinkler,86,Maize,Vegetables,Sugarcane,High,118,35,65,66156,/content/drive/MyDrive/dataset/CyAUG-Dataset/Black_Soil/b (955).jpeg
Sandy,7.11,23,40,49,74,Drip,70,Sugarcane,Soybean,Groundnut,High,85,32,72,55999,/content/drive/MyDrive/dataset/CyAUG-Dataset/Black_Soil/84.jpg
Loamy,6.84,31,19,35,35,Drip,54,Cotton,Groundnut,Cotton,High,81,35,58,71550,/content/drive/MyDrive/dataset/CyAUG-Dataset/Black_Soil/b (1106).jpeg
Loamy,6.66,47,37,29,35,Drip,91,Millet,Rice,Soybean,High,162,33,63,46354,/content/drive/MyDrive/dataset/CyAUG-Dataset/Black_Soil/b (1046).jpeg
Silty,6.55,54,30,50,56,Drip,90,Rice,Maize,Sugarcane,High,100,31,62,79614,/content/drive/MyDrive/dataset/CyAUG-Dataset/Black_Soil/b (965).jpeg
Silty,7.48,27,18,46,72,Flood,91,Maize,Sugarcane,Wheat,High,196,23,66,49088,/content/drive/MyDrive/dataset/CyAUG-Dataset/Black_Soil/b (1433).jpeg
Clay,7.36,39,40,47,48,Flood,64,Soybean,Sugarcane,Vegetables,Low,93,27,63,46257,/content/drive/MyDrive/dataset/CyAUG-Dataset/Black_Soil/b (1490).jpeg
Sandy,5.88,27,26,29,45,Sprinkler,93,Sugarcane,Cotton,Wheat,Medium,124,26,51,33969,/content/drive/MyDrive/dataset/CyAUG-Dataset/Black_Soil/b (866).jpeg
Sandy,7.43,57,27,42,60,Drip,55,Rice,Maize,Vegetables,High,71,23,60,35338,/content/drive/MyDrive/dataset/CyAUG-Dataset/Black_Soil/b (750).jpeg
Clay,5.97,54,20,36,78,Flood,77,Sugarcane,Millet,Soybean,Medium,109,28,69,34564,/content/drive/MyDrive/dataset/CyAUG-Dataset/Black_Soil/b (790).jpeg
Silty,7.05,39,39,38,34,Sprinkler,82,Cotton,Sugarcane,Vegetables,Low,131,34,82,73267,/content/drive/MyDrive/dataset/CyAUG-Dataset/Black_Soil/b (1541).jpeg
Clay,5.86,27,15,26,60,Sprinkler,95,Soybean,Sugarcane,Vegetables,Medium,67,22,82,78506,/content/drive/MyDrive/dataset/CyAUG-Dataset/Black_Soil/b (795).jpeg
Sandy,7.07,45,28,41,75,Flood,58,Wheat,Cotton,Cotton,Medium,130,31,58,24967,/content/drive/MyDrive/dataset/CyAUG-Dataset/Black_Soil/63.jpg
Loamy,5.87,34,16,49,60,Flood,78,Sugarcane,Sugarcane,Vegetables,High,118,24,75,61774,/content/drive/MyDrive/dataset/CyAUG-Dataset/Black_Soil/b (1330).jpeg
Silty,7.2,54,37,44,71,Flood,53,Vegetables,Barley,Wheat,High,200,31,79,38391,/content/drive/MyDrive/dataset/CyAUG-Dataset/Black_Soil/b (997).jpeg
Sandy,5.58,33,15,23,73,Drip,55,Sugarcane,Rice,Rice,Low,115,28,75,44886,/content/drive/MyDrive/dataset/CyAUG-Dataset/Black_Soil/b (1166).jpeg
Silty,6.92,32,22,35,32,Flood,93,Cotton,Vegetables,Maize,Low,159,20,46,50159,/content/drive/MyDrive/dataset/CyAUG-Dataset/Black_Soil/b (872).jpeg
Silty,6.07,21,37,29,70,Flood,80,Groundnut,Cotton,Rice,Low,86,22,44,65820,/content/drive/MyDrive/dataset/CyAUG-Dataset/Black_Soil/b (1195).jpeg
Clay,7.29,38,35,29,43,Sprinkler,91,Cotton,Wheat,Cotton,Low,137,28,65,62360,/content/drive/MyDrive/dataset/CyAUG-Dataset/Black_Soil/b (859).jpeg
Loamy,5.61,33,22,44,32,Drip,59,Millet,Cotton,Vegetables,Low,116,20,52,54997,/content/drive/MyDrive/dataset/CyAUG-Dataset/Black_Soil/b (1331).jpeg
Silty,6.4,29,17,20,62,Sprinkler,58,Sugarcane,Rice,Soybean,High,88,21,90,70812,/content/drive/MyDrive/dataset/CyAUG-Dataset/Black_Soil/b (1212).jpeg
Clay,5.94,60,30,24,80,Flood,62,Wheat,Soybean,Barley,Low,145,32,44,22281,/content/drive/MyDrive/dataset/CyAUG-Dataset/Black_Soil/77.jpg
Sandy,7.08,25,23,24,76,Drip,85,Soybean,Rice,Vegetables,Low,75,24,64,45441,/content/drive/MyDrive/dataset/CyAUG-Dataset/Black_Soil/b (923).jpeg
Silty,6.95,59,20,42,45,Flood,74,Barley,Rice,Sugarcane,High,196,32,84,48701,/content/drive/MyDrive/dataset/CyAUG-Dataset/Black_Soil/b (1644).jpeg
Clay,6.83,24,16,39,71,Drip,86,Barley,Groundnut,Maize,Medium,113,30,66,27552,/content/drive/MyDrive/dataset/CyAUG-Dataset/Black_Soil/b (880).jpeg
Loamy,5.78,27,16,44,54,Sprinkler,86,Groundnut,Vegetables,Millet,High,191,27,90,35102,/content/drive/MyDrive/dataset/CyAUG-Dataset/Black_Soil/b (1148).jpeg
Silty,6.11,26,20,33,46,Drip,58,Cotton,Cotton,Wheat,Medium,116,28,78,38088,/content/drive/MyDrive/dataset/CyAUG-Dataset/Black_Soil/b (1589).jpeg
Clay,5.86,25,37,31,72,Drip,80,Vegetables,Sugarcane,Maize,Medium,64,33,54,73217,/content/drive/MyDrive/dataset/CyAUG-Dataset/Black_Soil/b (1063).jpeg
Silty,5.74,36,30,25,58,Drip,85,Wheat,Wheat,Groundnut,High,195,24,79,78723,/content/drive/MyDrive/dataset/CyAUG-Dataset/Black_Soil/b (1656).jpeg
Silty,6.19,37,28,35,48,Flood,54,Groundnut,Cotton,Barley,Low,51,25,62,72922,/content/drive/MyDrive/dataset/CyAUG-Dataset/Black_Soil/85.jpg
Clay,7.35,59,30,37,35,Drip,65,Maize,Maize,Wheat,Low,187,25,82,34850,/content/drive/MyDrive/dataset/CyAUG-Dataset/Black_Soil/b (1570).jpeg
Loamy,6.46,39,17,45,73,Sprinkler,55,Millet,Soybean,Soybean,High,78,29,72,58324,/content/drive/MyDrive/dataset/CyAUG-Dataset/Black_Soil/b (1074).jpeg
Loamy,6.58,20,20,36,40,Sprinkler,74,Rice,Millet,Cotton,Low,196,26,57,48884,/content/drive/MyDrive/dataset/CyAUG-Dataset/Black_Soil/b (1213).jpeg
Clay,6.24,53,25,47,65,Sprinkler,67,Sugarcane,Vegetables,Vegetables,Medium,92,30,48,49765,/content/drive/MyDrive/dataset/CyAUG-Dataset/Black_Soil/b (1184).jpeg
Clay,6.02,38,28,26,50,Flood,71,Barley,Soybean,Rice,Low,166,26,57,60232,/content/drive/MyDrive/dataset/CyAUG-Dataset/Black_Soil/b (881).jpeg
Sandy,5.82,58,15,47,42,Flood,54,Wheat,Rice,Sugarcane,Medium,61,29,67,59408,/content/drive/MyDrive/dataset/CyAUG-Dataset/Black_Soil/b (849).jpeg
Silty,7.04,55,23,49,52,Drip,74,Cotton,Soybean,Millet,High,82,25,68,50622,/content/drive/MyDrive/dataset/CyAUG-Dataset/Black_Soil/b (1298).jpeg
Silty,5.96,52,37,28,59,Flood,69,Rice,Groundnut,Cotton,Medium,178,21,84,37067,/content/drive/MyDrive/dataset/CyAUG-Dataset/Black_Soil/b (941).jpeg
Silty,7.27,29,22,31,48,Sprinkler,53,Barley,Wheat,Rice,High,134,28,85,48246,/content/drive/MyDrive/dataset/CyAUG-Dataset/Black_Soil/b (1530).jpeg
Silty,5.87,49,36,20,49,Drip,75,Sugarcane,Vegetables,Vegetables,Low,115,27,54,20205,/content/drive/MyDrive/dataset/CyAUG-Dataset/Black_Soil/b (858).jpeg
Silty,5.71,41,17,37,57,Flood,78,Millet,Rice,Cotton,High,52,23,43,65231,/content/drive/MyDrive/dataset/CyAUG-Dataset/Black_Soil/b (1295).jpeg
Clay,5.8,50,17,22,61,Drip,91,Cotton,Vegetables,Rice,Low,118,24,76,27942,/content/drive/MyDrive/dataset/CyAUG-Dataset/Black_Soil/b (993).jpeg
Clay,7.04,59,19,49,72,Drip,69,Maize,Cotton,Wheat,High,197,28,71,66207,/content/drive/MyDrive/dataset/CyAUG-Dataset/Black_Soil/b (1365).jpeg
Silty,6.24,24,21,40,39,Sprinkler,51,Cotton,Vegetables,Rice,Medium,131,31,63,25341,/content/drive/MyDrive/dataset/CyAUG-Dataset/Black_Soil/b (1432).jpeg
Clay,7.4,46,27,42,69,Flood,51,Wheat,Millet,Rice,Low,128,31,66,53980,/content/drive/MyDrive/dataset/CyAUG-Dataset/Black_Soil/b (1651).jpeg
Silty,6.39,47,20,26,65,Sprinkler,60,Vegetables,Soybean,Vegetables,High,72,33,43,29914,/content/drive/MyDrive/dataset/CyAUG-Dataset/Black_Soil/b (882).jpeg
Loamy,7.43,45,33,35,59,Sprinkler,72,Vegetables,Millet,Barley,High,179,29,88,34366,/content/drive/MyDrive/dataset/CyAUG-Dataset/Black_Soil/b (1343).jpeg
Clay,7.3,59,35,21,76,Drip,71,Barley,Soybean,Sugarcane,Low,64,30,59,66025,/content/drive/MyDrive/dataset/CyAUG-Dataset/Black_Soil/b (821).jpeg
Clay,6.66,52,24,46,71,Sprinkler,77,Barley,Soybean,Vegetables,Low,182,29,51,36174,/content/drive/MyDrive/dataset/CyAUG-Dataset/Black_Soil/b (1585).jpeg
Clay,6.87,20,24,33,51,Drip,92,Soybean,Millet,Rice,High,61,31,57,54087,/content/drive/MyDrive/dataset/CyAUG-Dataset/Black_Soil/b (1211).jpeg
Loamy,7.42,20,20,29,31,Sprinkler,80,Vegetables,Rice,Barley,Low,79,30,65,78377,/content/drive/MyDrive/dataset/CyAUG-Dataset/Black_Soil/b (1011).jpeg
Clay,7.2,49,18,38,67,Sprinkler,91,Wheat,Millet,Rice,High,63,25,63,54059,/content/drive/MyDrive/dataset/CyAUG-Dataset/Black_Soil/b (1566).jpeg
Silty,5.62,27,20,50,80,Sprinkler,71,Groundnut,Soybean,Maize,Low,192,34,83,63113,/content/drive/MyDrive/dataset/CyAUG-Dataset/Black_Soil/b (861).jpeg
Clay,7.03,21,23,20,49,Drip,51,Barley,Groundnut,Maize,Medium,84,29,51,41981,/content/drive/MyDrive/dataset/CyAUG-Dataset/Black_Soil/b (1430).jpeg
Loamy,6.65,43,32,26,41,Flood,72,Groundnut,Vegetables,Soybean,Medium,98,20,46,29344,/content/drive/MyDrive/dataset/CyAUG-Dataset/Black_Soil/b (1512).jpeg
Silty,6.54,43,22,46,52,Drip,69,Barley,Vegetables,Millet,Medium,86,33,79,73859,/content/drive/MyDrive/dataset/CyAUG-Dataset/Black_Soil/b (1359).jpeg
Silty,6.14,56,17,41,60,Flood,62,Wheat,Barley,Maize,Low,61,21,68,35462,/content/drive/MyDrive/dataset/CyAUG-Dataset/Black_Soil/b (1498).jpeg
Silty,6.95,33,34,44,63,Sprinkler,64,Soybean,Maize,Sugarcane,Medium,60,27,65,37509,/content/drive/MyDrive/dataset/CyAUG-Dataset/Black_Soil/b (1477).jpeg
Clay,6.37,44,39,48,71,Sprinkler,58,Cotton,Barley,Groundnut,Medium,88,29,49,52676,/content/drive/MyDrive/dataset/CyAUG-Dataset/Black_Soil/b (1454).jpeg
Clay,6.48,20,22,23,43,Flood,89,Wheat,Barley,Rice,Low,171,35,42,26459,/content/drive/MyDrive/dataset/CyAUG-Dataset/Black_Soil/b (1110).jpeg
Clay,6.64,22,18,27,34,Drip,71,Groundnut,Soybean,Rice,Low,51,33,41,66750,/content/drive/MyDrive/dataset/CyAUG-Dataset/Black_Soil/b (755).jpeg
Sandy,7.03,41,26,50,38,Sprinkler,55,Wheat,Cotton,Sugarcane,Low,112,25,79,49915,/content/drive/MyDrive/dataset/CyAUG-Dataset/Black_Soil/b (1456).jpeg
Loamy,6.09,59,32,24,46,Drip,73,Groundnut,Wheat,Millet,High,62,21,79,79132,/content/drive/MyDrive/dataset/CyAUG-Dataset/Black_Soil/b (1496).jpeg
Loamy,5.66,22,23,48,67,Drip,55,Millet,Wheat,Wheat,High,88,25,52,62327,/content/drive/MyDrive/dataset/CyAUG-Dataset/Black_Soil/b (1301).jpeg
Silty,6.26,24,37,44,65,Drip,88,Barley,Sugarcane,Rice,High,122,28,46,49817,/content/drive/MyDrive/dataset/CyAUG-Dataset/Black_Soil/b (765).jpeg
Sandy,6.82,20,21,25,58,Flood,93,Barley,Groundnut,Soybean,Low,74,22,64,43584,/content/drive/MyDrive/dataset/CyAUG-Dataset/Black_Soil/b (1135).jpeg
Clay,5.94,54,32,50,35,Flood,55,Wheat,Groundnut,Cotton,High,101,20,46,26964,/content/drive/MyDrive/dataset/CyAUG-Dataset/Black_Soil/b (855).jpeg
Clay,5.75,45,18,26,55,Sprinkler,67,Wheat,Barley,Soybean,Low,98,21,67,51789,/content/drive/MyDrive/dataset/CyAUG-Dataset/Black_Soil/80.jpg
Clay,7.16,34,17,40,56,Sprinkler,62,Millet,Sugarcane,Rice,High,166,21,47,52936,/content/drive/MyDrive/dataset/CyAUG-Dataset/Black_Soil/b (911).jpeg
Clay,6.9,38,30,39,34,Flood,94,Rice,Vegetables,Cotton,Low,132,33,42,41193,/content/drive/MyDrive/dataset/CyAUG-Dataset/Black_Soil/b (1299).jpeg
Sandy,6.43,37,15,46,69,Flood,59,Vegetables,Wheat,Cotton,Low,122,27,63,29920,/content/drive/MyDrive/dataset/CyAUG-Dataset/Black_Soil/b (974).jpeg
Clay,6.2,35,25,25,65,Sprinkler,78,Cotton,Cotton,Barley,Low,135,29,71,30620,/content/drive/MyDrive/dataset/CyAUG-Dataset/Black_Soil/6.jpg
Loamy,6.52,35,31,39,39,Sprinkler,76,Groundnut,Wheat,Sugarcane,Low,138,34,44,66246,/content/drive/MyDrive/dataset/CyAUG-Dataset/Black_Soil/b (1582).jpeg
Silty,6.64,35,40,38,44,Flood,79,Cotton,Millet,Groundnut,Medium,83,27,50,56370,/content/drive/MyDrive/dataset/CyAUG-Dataset/Black_Soil/b (1165).jpeg
Silty,5.53,56,18,44,45,Sprinkler,78,Maize,Rice,Sugarcane,High,194,33,40,56558,/content/drive/MyDrive/dataset/CyAUG-Dataset/Black_Soil/b (1571).jpeg
Sandy,7.2,23,32,39,54,Flood,59,Barley,Soybean,Rice,High,144,20,44,42720,/content/drive/MyDrive/dataset/CyAUG-Dataset/Black_Soil/b (1098).jpeg
Clay,6.08,44,36,31,50,Sprinkler,70,Barley,Sugarcane,Rice,Low,116,35,54,56641,/content/drive/MyDrive/dataset/CyAUG-Dataset/Black_Soil/b (829).jpeg
Sandy,5.95,37,40,43,44,Flood,71,Maize,Millet,Maize,Medium,146,20,52,38644,/content/drive/MyDrive/dataset/CyAUG-Dataset/Black_Soil/b (1042).jpeg
Clay,6.41,44,25,37,68,Flood,59,Soybean,Barley,Cotton,High,118,21,89,66171,/content/drive/MyDrive/dataset/CyAUG-Dataset/Black_Soil/b (925).jpeg
Clay,7.19,52,40,39,60,Flood,53,Wheat,Sugarcane,Rice,Medium,169,21,77,48263,/content/drive/MyDrive/dataset/CyAUG-Dataset/Black_Soil/b (1079).jpeg
Loamy,6.71,33,35,23,73,Drip,95,Soybean,Groundnut,Vegetables,Low,70,27,57,70801,/content/drive/MyDrive/dataset/CyAUG-Dataset/Black_Soil/b (823).jpeg
Sandy,6.89,37,31,30,67,Drip,74,Wheat,Sugarcane,Wheat,High,71,33,45,54350,/content/drive/MyDrive/dataset/CyAUG-Dataset/Black_Soil/b (1428).jpeg
Sandy,5.74,28,31,33,56,Sprinkler,91,Millet,Wheat,Vegetables,High,180,30,84,23053,/content/drive/MyDrive/dataset/CyAUG-Dataset/Black_Soil/b (1414).jpeg
Clay,7.38,39,24,21,73,Flood,58,Cotton,Wheat,Rice,High,128,22,89,45133,/content/drive/MyDrive/dataset/CyAUG-Dataset/Black_Soil/b (1604).jpeg
Silty,7.33,34,33,47,36,Sprinkler,52,Groundnut,Barley,Wheat,High,188,27,44,29118,/content/drive/MyDrive/dataset/CyAUG-Dataset/Black_Soil/b (1532).jpeg
Silty,6.76,50,25,34,78,Drip,64,Barley,Groundnut,Wheat,Medium,52,28,68,58315,/content/drive/MyDrive/dataset/CyAUG-Dataset/Black_Soil/b (865).jpeg
Sandy,5.72,37,30,50,54,Drip,89,Rice,Millet,Soybean,Low,123,25,57,61057,/content/drive/MyDrive/dataset/CyAUG-Dataset/Black_Soil/b (994).jpeg
Clay,6.48,59,28,47,76,Flood,83,Barley,Millet,Groundnut,High,141,30,81,48640,/content/drive/MyDrive/dataset/CyAUG-Dataset/Black_Soil/b (1233).jpeg
Silty,7.33,46,33,49,35,Drip,92,Sugarcane,Soybean,Groundnut,High,148,34,40,20650,/content/drive/MyDrive/dataset/CyAUG-Dataset/Black_Soil/b (1152).jpeg
Sandy,6.98,49,22,28,33,Flood,95,Barley,Barley,Groundnut,High,93,22,90,62692,/content/drive/MyDrive/dataset/CyAUG-Dataset/Black_Soil/b (1156).jpeg
Loamy,6.79,50,24,40,51,Drip,54,Barley,Maize,Barley,Medium,170,28,64,35868,/content/drive/MyDrive/dataset/CyAUG-Dataset/Black_Soil/b (964).jpeg
Silty,7.12,24,28,38,56,Sprinkler,58,Barley,Soybean,Rice,High,80,35,71,43130,/content/drive/MyDrive/dataset/CyAUG-Dataset/Black_Soil/b (938).jpeg
Loamy,6.86,54,22,41,66,Flood,57,Soybean,Rice,Cotton,Low,191,35,48,53954,/content/drive/MyDrive/dataset/CyAUG-Dataset/Black_Soil/b (1158).jpeg
Sandy,7.3,38,23,43,78,Sprinkler,71,Sugarcane,Millet,Sugarcane,Low,197,30,70,26752,/content/drive/MyDrive/dataset/CyAUG-Dataset/Black_Soil/b (1059).jpeg
Sandy,7.47,41,32,38,50,Sprinkler,80,Millet,Vegetables,Millet,Medium,159,34,41,33513,/content/drive/MyDrive/dataset/CyAUG-Dataset/Black_Soil/b (1488).jpeg
Clay,6.1,58,19,46,80,Flood,74,Groundnut,Cotton,Vegetables,High,101,31,47,67752,/content/drive/MyDrive/dataset/CyAUG-Dataset/Black_Soil/b (1578).jpeg
Clay,5.66,25,30,35,42,Drip,58,Vegetables,Groundnut,Maize,Low,165,27,64,57597,/content/drive/MyDrive/dataset/CyAUG-Dataset/Black_Soil/b (1151).jpeg
Silty,5.74,50,23,28,73,Flood,50,Vegetables,Sugarcane,Millet,Low,56,32,89,23168,/content/drive/MyDrive/dataset/CyAUG-Dataset/Black_Soil/b (1638).jpeg
Silty,6.04,46,26,37,70,Sprinkler,56,Rice,Maize,Wheat,High,135,35,50,37285,/content/drive/MyDrive/dataset/CyAUG-Dataset/Black_Soil/b (852).jpeg
Sandy,6.01,47,25,42,70,Sprinkler,68,Millet,Maize,Barley,High,174,31,47,68899,/content/drive/MyDrive/dataset/CyAUG-Dataset/Black_Soil/b (1027).jpeg
Loamy,7.07,44,38,31,74,Sprinkler,57,Soybean,Millet,Maize,High,181,34,41,66120,/content/drive/MyDrive/dataset/CyAUG-Dataset/Black_Soil/b (1230).jpeg
Loamy,6.68,44,37,28,64,Flood,84,Sugarcane,Maize,Vegetables,Low,146,20,69,20021,/content/drive/MyDrive/dataset/CyAUG-Dataset/Black_Soil/b (1613).jpeg
Silty,6.91,31,37,22,74,Flood,66,Wheat,Sugarcane,Wheat,Low,68,28,70,54488,/content/drive/MyDrive/dataset/CyAUG-Dataset/Black_Soil/b (1569).jpeg
Silty,6.41,53,25,45,55,Drip,51,Groundnut,Rice,Barley,High,154,23,59,32871,/content/drive/MyDrive/dataset/CyAUG-Dataset/Black_Soil/b (1307).jpeg
Sandy,6.76,39,26,22,42,Flood,60,Barley,Vegetables,Wheat,Medium,192,29,55,27161,/content/drive/MyDrive/dataset/CyAUG-Dataset/Black_Soil/b (838).jpeg
Clay,6.03,47,30,47,35,Flood,86,Wheat,Maize,Sugarcane,Medium,122,33,58,21715,/content/drive/MyDrive/dataset/CyAUG-Dataset/Black_Soil/b (1161).jpeg
Sandy,5.77,28,38,38,43,Drip,87,Sugarcane,Vegetables,Rice,Low,125,31,68,34248,/content/drive/MyDrive/dataset/CyAUG-Dataset/Black_Soil/b (1111).jpeg
Silty,7.44,53,27,24,32,Drip,69,Sugarcane,Millet,Millet,Medium,64,28,45,28754,/content/drive/MyDrive/dataset/CyAUG-Dataset/Black_Soil/b (1030).jpeg
Loamy,7.13,43,30,37,71,Flood,71,Cotton,Cotton,Groundnut,High,147,25,73,31629,/content/drive/MyDrive/dataset/CyAUG-Dataset/Black_Soil/b (1349).jpeg
Clay,7.48,29,35,30,67,Drip,82,Maize,Maize,Soybean,Low,77,24,71,42831,/content/drive/MyDrive/dataset/CyAUG-Dataset/Black_Soil/b (1603).jpeg
Sandy,6.2,45,24,27,33,Drip,88,Barley,Maize,Rice,High,123,23,53,29094,/content/drive/MyDrive/dataset/CyAUG-Dataset/Black_Soil/b (1138).jpeg
Clay,6.44,51,26,25,65,Flood,70,Soybean,Vegetables,Vegetables,High,68,29,43,35576,/content/drive/MyDrive/dataset/CyAUG-Dataset/Black_Soil/b (1632).jpeg
Silty,6.75,21,24,50,55,Flood,92,Vegetables,Maize,Vegetables,Low,55,34,80,70520,/content/drive/MyDrive/dataset/CyAUG-Dataset/Black_Soil/66.jpg
Silty,7.03,33,28,27,37,Drip,73,Rice,Barley,Millet,High,118,35,60,46188,/content/drive/MyDrive/dataset/CyAUG-Dataset/Black_Soil/b (1141).jpeg
Silty,6.22,59,23,34,48,Flood,68,Sugarcane,Maize,Cotton,Medium,114,34,40,79218,/content/drive/MyDrive/dataset/CyAUG-Dataset/Black_Soil/b (1608).jpeg
Sandy,7.48,24,22,28,73,Drip,80,Rice,Wheat,Sugarcane,Low,66,29,64,48496,/content/drive/MyDrive/dataset/CyAUG-Dataset/Black_Soil/b (1096).jpeg
Silty,5.73,51,38,34,35,Drip,70,Soybean,Soybean,Millet,High,159,30,88,44311,/content/drive/MyDrive/dataset/CyAUG-Dataset/Black_Soil/b (1167).jpeg
Loamy,7.43,52,24,26,42,Flood,79,Groundnut,Millet,Maize,Low,150,31,61,61413,/content/drive/MyDrive/dataset/CyAUG-Dataset/Black_Soil/b (1329).jpeg
Sandy,7.12,57,16,48,56,Flood,54,Vegetables,Wheat,Vegetables,Low,90,28,82,68945,/content/drive/MyDrive/dataset/CyAUG-Dataset/Black_Soil/b (898).jpeg
Clay,5.65,22,38,37,56,Sprinkler,94,Sugarcane,Soybean,Sugarcane,Low,168,21,48,61679,/content/drive/MyDrive/dataset/CyAUG-Dataset/Black_Soil/b (887).jpeg
Loamy,6.06,25,20,45,78,Sprinkler,95,Barley,Cotton,Groundnut,Low,55,27,45,65486,/content/drive/MyDrive/dataset/CyAUG-Dataset/Black_Soil/b (1008).jpeg
Silty,7.25,58,35,38,43,Flood,62,Millet,Vegetables,Millet,Low,194,25,59,21285,/content/drive/MyDrive/dataset/CyAUG-Dataset/Black_Soil/b (1587).jpeg
Loamy,7.08,22,38,20,63,Sprinkler,87,Groundnut,Soybean,Sugarcane,Low,164,20,84,53621,/content/drive/MyDrive/dataset/CyAUG-Dataset/Black_Soil/b (1317).jpeg
Sandy,5.51,38,29,26,68,Flood,68,Groundnut,Sugarcane,Maize,Low,190,20,81,32185,/content/drive/MyDrive/dataset/CyAUG-Dataset/Black_Soil/77a.jpg
Loamy,6.68,58,21,20,57,Flood,51,Rice,Millet,Groundnut,High,121,33,76,34602,/content/drive/MyDrive/dataset/CyAUG-Dataset/Black_Soil/b (1113).jpeg
Sandy,6.67,48,24,50,38,Flood,58,Millet,Rice,Maize,High,103,27,73,46595,/content/drive/MyDrive/dataset/CyAUG-Dataset/Black_Soil/b (798).jpeg
Clay,6.99,43,18,37,59,Flood,54,Vegetables,Soybean,Maize,High,174,25,40,64952,/content/drive/MyDrive/dataset/CyAUG-Dataset/Black_Soil/b (1115).jpeg
Loamy,6.78,47,26,29,58,Drip,51,Vegetables,Barley,Barley,Medium,143,34,58,22986,/content/drive/MyDrive/dataset/CyAUG-Dataset/Black_Soil/b (1068).jpeg
Sandy,5.99,45,37,29,57,Drip,52,Soybean,Wheat,Soybean,Low,191,21,81,60332,/content/drive/MyDrive/dataset/CyAUG-Dataset/Black_Soil/b (775).jpeg
Clay,6.41,48,29,33,53,Flood,87,Maize,Groundnut,Maize,Low,192,21,69,62997,/content/drive/MyDrive/dataset/CyAUG-Dataset/Black_Soil/b (806).jpeg
Clay,6.18,49,34,43,62,Sprinkler,75,Cotton,Vegetables,Rice,High,61,20,80,62684,/content/drive/MyDrive/dataset/CyAUG-Dataset/Black_Soil/b (1396).jpeg
Loamy,6.22,49,24,27,45,Sprinkler,63,Soybean,Sugarcane,Rice,Medium,157,34,55,55153,/content/drive/MyDrive/dataset/CyAUG-Dataset/Black_Soil/b (1258).jpeg
Sandy,6.14,60,28,38,33,Sprinkler,63,Wheat,Sugarcane,Maize,Low,58,23,86,62274,/content/drive/MyDrive/dataset/CyAUG-Dataset/Black_Soil/b (1087).jpeg
Sandy,6.04,40,35,21,37,Sprinkler,87,Millet,Maize,Wheat,Low,112,22,55,66829,/content/drive/MyDrive/dataset/CyAUG-Dataset/Black_Soil/b (1120).jpeg
Silty,6.21,52,24,41,71,Flood,94,Barley,Rice,Groundnut,Low,164,34,41,76420,/content/drive/MyDrive/dataset/CyAUG-Dataset/Black_Soil/b (1657).jpeg
Loamy,7.02,49,18,35,68,Flood,83,Millet,Rice,Millet,Low,169,23,83,29779,/content/drive/MyDrive/dataset/CyAUG-Dataset/Black_Soil/b (1310).jpeg
Silty,7.25,51,25,46,61,Drip,94,Sugarcane,Cotton,Maize,High,98,27,70,55119,/content/drive/MyDrive/dataset/CyAUG-Dataset/Black_Soil/b (935).jpeg
Clay,5.66,39,26,39,31,Sprinkler,81,Millet,Millet,Wheat,Low,169,21,50,34254,/content/drive/MyDrive/dataset/CyAUG-Dataset/Black_Soil/b (1173).jpeg
Sandy,7.34,23,32,30,34,Sprinkler,78,Sugarcane,Groundnut,Maize,High,159,23,75,20658,/content/drive/MyDrive/dataset/CyAUG-Dataset/Black_Soil/b (1095).jpeg
Loamy,5.66,51,31,47,47,Sprinkler,64,Vegetables,Barley,Vegetables,Medium,141,29,87,38667,/content/drive/MyDrive/dataset/CyAUG-Dataset/Black_Soil/b (1383).jpeg
Silty,7.21,41,30,37,63,Sprinkler,62,Vegetables,Millet,Wheat,High,154,27,61,64210,/content/drive/MyDrive/dataset/CyAUG-Dataset/Black_Soil/b (1200).jpeg
Sandy,6.81,48,37,35,49,Flood,80,Sugarcane,Vegetables,Millet,High,194,35,54,20919,/content/drive/MyDrive/dataset/CyAUG-Dataset/Black_Soil/b (1057).jpeg
Sandy,7.26,52,26,44,31,Flood,75,Rice,Groundnut,Groundnut,Low,103,22,81,35241,/content/drive/MyDrive/dataset/CyAUG-Dataset/Black_Soil/b (761).jpeg
Clay,6.67,37,19,30,66,Sprinkler,54,Vegetables,Soybean,Wheat,Low,184,21,83,75764,/content/drive/MyDrive/dataset/CyAUG-Dataset/Black_Soil/b (1304).jpeg
Sandy,6.46,49,30,43,50,Sprinkler,61,Cotton,Groundnut,Maize,High,55,23,65,23008,/content/drive/MyDrive/dataset/CyAUG-Dataset/Black_Soil/b (1072).jpeg
Silty,7.03,26,22,45,52,Flood,51,Wheat,Millet,Rice,High,66,21,73,73587,/content/drive/MyDrive/dataset/CyAUG-Dataset/Black_Soil/80a.jpg
Sandy,5.99,36,39,33,37,Flood,94,Barley,Maize,Vegetables,Medium,170,21,68,38541,/content/drive/MyDrive/dataset/CyAUG-Dataset/Black_Soil/b (1218).jpeg
Loamy,5.99,40,26,38,71,Flood,66,Vegetables,Sugarcane,Barley,Low,172,23,60,46342,/content/drive/MyDrive/dataset/CyAUG-Dataset/Black_Soil/b (1180).jpeg
Loamy,6.46,50,35,36,31,Sprinkler,61,Groundnut,Sugarcane,Vegetables,Low,94,28,84,56944,/content/drive/MyDrive/dataset/CyAUG-Dataset/Black_Soil/b (966).jpeg
Clay,6.12,46,16,29,36,Drip,66,Maize,Vegetables,Barley,Low,97,35,73,38398,/content/drive/MyDrive/dataset/CyAUG-Dataset/Black_Soil/b (1649).jpeg
Sandy,7.36,46,31,23,47,Drip,72,Cotton,Sugarcane,Soybean,Low,55,28,52,71919,/content/drive/MyDrive/dataset/CyAUG-Dataset/Black_Soil/b (1346).jpeg
Clay,7.44,24,21,31,60,Drip,61,Soybean,Soybean,Groundnut,Medium,85,27,50,34751,/content/drive/MyDrive/dataset/CyAUG-Dataset/Black_Soil/b (1416).jpeg
Sandy,6.42,22,18,44,31,Sprinkler,57,Vegetables,Maize,Rice,High,196,22,77,62912,/content/drive/MyDrive/dataset/CyAUG-Dataset/Black_Soil/b (1215).jpeg
Loamy,5.78,35,21,33,65,Flood,54,Vegetables,Soybean,Barley,Medium,162,21,79,34128,/content/drive/MyDrive/dataset/CyAUG-Dataset/Black_Soil/67.jpg
Loamy,5.95,34,39,21,77,Flood,67,Vegetables,Groundnut,Vegetables,Medium,122,27,48,63270,/content/drive/MyDrive/dataset/CyAUG-Dataset/Black_Soil/b (1580).jpeg
Loamy,6.07,35,28,29,77,Drip,72,Vegetables,Vegetables,Sugarcane,Low,158,23,75,46034,/content/drive/MyDrive/dataset/CyAUG-Dataset/Black_Soil/b (928).jpeg
Loamy,7.48,46,33,35,48,Drip,65,Cotton,Vegetables,Rice,Low,76,31,42,53187,/content/drive/MyDrive/dataset/CyAUG-Dataset/Black_Soil/b (1661).jpeg
Sandy,6.54,59,31,26,71,Drip,57,Soybean,Cotton,Groundnut,High,57,34,86,36059,/content/drive/MyDrive/dataset/CyAUG-Dataset/Black_Soil/b (820).jpeg
Sandy,6.18,59,17,31,73,Flood,77,Cotton,Millet,Rice,Medium,61,27,56,45773,/content/drive/MyDrive/dataset/CyAUG-Dataset/Black_Soil/91.jpg
Sandy,6.64,34,23,35,52,Drip,55,Groundnut,Sugarcane,Wheat,Medium,176,21,60,65107,/content/drive/MyDrive/dataset/CyAUG-Dataset/Black_Soil/b (901).jpeg
Clay,6.04,36,21,37,68,Drip,54,Groundnut,Groundnut,Groundnut,Low,84,32,50,24071,/content/drive/MyDrive/dataset/CyAUG-Dataset/Black_Soil/b (1531).jpeg
Silty,7.49,47,18,24,44,Sprinkler,83,Groundnut,Maize,Wheat,Medium,99,35,42,37127,/content/drive/MyDrive/dataset/CyAUG-Dataset/Black_Soil/b (929).jpeg
Silty,7.11,60,24,32,44,Sprinkler,60,Groundnut,Vegetables,Barley,Medium,172,32,73,20401,/content/drive/MyDrive/dataset/CyAUG-Dataset/Black_Soil/b (1485).jpeg
Sandy,6.69,20,39,36,43,Flood,60,Rice,Sugarcane,Soybean,High,99,28,68,35252,/content/drive/MyDrive/dataset/CyAUG-Dataset/Black_Soil/b (1459).jpeg
Sandy,5.84,24,40,35,44,Drip,56,Barley,Soybean,Millet,High,51,35,85,61393,/content/drive/MyDrive/dataset/CyAUG-Dataset/Black_Soil/b (1358).jpeg
Loamy,7.25,37,34,25,36,Flood,76,Sugarcane,Barley,Groundnut,Medium,60,30,52,42466,/content/drive/MyDrive/dataset/CyAUG-Dataset/Black_Soil/b (1021).jpeg
Silty,6.6,33,23,21,54,Sprinkler,65,Barley,Rice,Groundnut,Low,102,22,42,43580,/content/drive/MyDrive/dataset/CyAUG-Dataset/Black_Soil/b (1429).jpeg
Sandy,7.38,20,27,21,78,Drip,70,Vegetables,Millet,Barley,High,125,24,78,59813,/content/drive/MyDrive/dataset/CyAUG-Dataset/Black_Soil/b (1662).jpeg
Sandy,6.9,47,38,20,41,Drip,63,Rice,Barley,Vegetables,High,135,26,40,49765,/content/drive/MyDrive/dataset/CyAUG-Dataset/Black_Soil/b (1235).jpeg
Silty,6.5,48,40,32,37,Flood,87,Vegetables,Barley,Barley,Medium,50,34,52,75799,/content/drive/MyDrive/dataset/CyAUG-Dataset/Black_Soil/b (1438).jpeg
Loamy,6.94,43,32,46,77,Sprinkler,79,Wheat,Rice,Rice,Medium,140,20,72,78235,/content/drive/MyDrive/dataset/CyAUG-Dataset/Black_Soil/b (1247).jpeg
Clay,5.79,49,38,30,51,Flood,83,Sugarcane,Barley,Wheat,Low,186,34,41,76141,/content/drive/MyDrive/dataset/CyAUG-Dataset/Black_Soil/b (1093).jpeg
Clay,6.13,45,29,26,77,Drip,72,Sugarcane,Barley,Barley,High,145,25,50,34477,/content/drive/MyDrive/dataset/CyAUG-Dataset/Black_Soil/b (1462).jpeg
Clay,7.38,37,37,24,40,Drip,93,Cotton,Groundnut,Soybean,High,192,26,66,64714,/content/drive/MyDrive/dataset/CyAUG-Dataset/Black_Soil/b (1336).jpeg
Sandy,5.84,20,17,46,58,Sprinkler,65,Maize,Maize,Wheat,Medium,190,25,46,53378,/content/drive/MyDrive/dataset/CyAUG-Dataset/Black_Soil/b (916).jpeg
Silty,6.1,44,25,33,32,Flood,62,Barley,Vegetables,Cotton,Medium,123,26,71,69706,/content/drive/MyDrive/dataset/CyAUG-Dataset/Black_Soil/b (945).jpeg
Clay,5.62,20,38,32,32,Sprinkler,50,Rice,Maize,Rice,High,156,32,46,31561,/content/drive/MyDrive/dataset/CyAUG-Dataset/Black_Soil/b (1119).jpeg
Loamy,6.33,43,19,28,40,Sprinkler,54,Maize,Sugarcane,Soybean,Medium,147,21,63,20092,/content/drive/MyDrive/dataset/CyAUG-Dataset/Black_Soil/70.jpg
Sandy,6.21,21,27,44,59,Sprinkler,79,Vegetables,Millet,Millet,Medium,171,22,48,34514,/content/drive/MyDrive/dataset/CyAUG-Dataset/Black_Soil/b (1419).jpeg
Silty,7.46,39,28,33,79,Flood,81,Soybean,Sugarcane,Rice,Medium,107,23,55,34912,/content/drive/MyDrive/dataset/CyAUG-Dataset/Black_Soil/b (1372).jpeg
Silty,6.02,21,37,26,32,Flood,69,Sugarcane,Soybean,Soybean,Medium,62,29,52,64541,/content/drive/MyDrive/dataset/CyAUG-Dataset/Black_Soil/b (1219).jpeg
Sandy,6.47,44,33,31,61,Sprinkler,76,Vegetables,Millet,Millet,High,170,35,83,26511,/content/drive/MyDrive/dataset/CyAUG-Dataset/Black_Soil/b (817).jpeg
Silty,7.3,33,40,47,51,Drip,81,Soybean,Vegetables,Millet,High,129,23,68,74935,/content/drive/MyDrive/dataset/CyAUG-Dataset/Black_Soil/b (783).jpeg
Sandy,6.93,52,30,33,71,Drip,62,Vegetables,Millet,Sugarcane,Medium,106,28,52,64374,/content/drive/MyDrive/dataset/CyAUG-Dataset/Black_Soil/b (1630).jpeg
Clay,7.15,55,15,35,35,Drip,71,Millet,Vegetables,Vegetables,Medium,122,22,87,78410,/content/drive/MyDrive/dataset/CyAUG-Dataset/Black_Soil/b (1434).jpeg
Loamy,7.17,23,34,45,67,Flood,85,Vegetables,Wheat,Soybean,Low,196,21,45,28986,/content/drive/MyDrive/dataset/CyAUG-Dataset/Black_Soil/60.jpg
Sandy,6.59,56,40,34,52,Sprinkler,55,Vegetables,Wheat,Groundnut,Medium,174,30,70,45839,/content/drive/MyDrive/dataset/CyAUG-Dataset/Black_Soil/b (1285).jpeg
Sandy,6.78,20,26,26,36,Flood,86,Millet,Soybean,Groundnut,Low,110,29,80,76745,/content/drive/MyDrive/dataset/CyAUG-Dataset/Black_Soil/b (1614).jpeg
Clay,6.87,43,40,46,50,Flood,90,Wheat,Sugarcane,Rice,Low,151,21,53,48263,/content/drive/MyDrive/dataset/CyAUG-Dataset/Black_Soil/b (788).jpeg
Clay,6.94,48,21,30,62,Flood,55,Groundnut,Maize,Vegetables,Low,149,25,70,33145,/content/drive/MyDrive/dataset/CyAUG-Dataset/Black_Soil/b (1139).jpeg
Loamy,6.05,38,29,47,79,Flood,69,Groundnut,Wheat,Groundnut,High,128,33,63,71809,/content/drive/MyDrive/dataset/CyAUG-Dataset/Black_Soil/b (891).jpeg
Loamy,7.5,36,31,47,50,Drip,61,Soybean,Barley,Maize,Low,132,21,88,60451,/content/drive/MyDrive/dataset/CyAUG-Dataset/Black_Soil/b (1533).jpeg
Silty,5.79,45,15,22,44,Flood,80,Sugarcane,Millet,Barley,Low,117,30,87,59047,/content/drive/MyDrive/dataset/CyAUG-Dataset/Black_Soil/b (1203).jpeg
Sandy,7.35,23,33,42,72,Drip,72,Cotton,Wheat,Cotton,High,180,20,80,46370,/content/drive/MyDrive/dataset/CyAUG-Dataset/Black_Soil/b (1611).jpeg
Silty,5.9,41,25,46,53,Flood,59,Rice,Rice,Millet,Medium,117,26,90,27701,/content/drive/MyDrive/dataset/CyAUG-Dataset/Black_Soil/b (1442).jpeg
Silty,7.02,46,37,37,45,Drip,77,Wheat,Sugarcane,Groundnut,Low,198,20,60,37168,/content/drive/MyDrive/dataset/CyAUG-Dataset/Black_Soil/b (922).jpeg
Sandy,6.73,27,16,46,75,Sprinkler,70,Maize,Vegetables,Barley,Medium,127,29,55,35840,/content/drive/MyDrive/dataset/CyAUG-Dataset/Black_Soil/b (990).jpeg
Silty,7.1,29,37,49,52,Flood,78,Vegetables,Wheat,Vegetables,High,170,31,51,51833,/content/drive/MyDrive/dataset/CyAUG-Dataset/Black_Soil/b (1637).jpeg
Clay,7.03,51,25,34,34,Drip,71,Soybean,Cotton,Rice,Medium,163,23,57,56700,/content/drive/MyDrive/dataset/CyAUG-Dataset/Black_Soil/b (1467).jpeg
Clay,7.34,29,34,50,37,Drip,68,Groundnut,Vegetables,Rice,Low,181,34,88,23929,/content/drive/MyDrive/dataset/CyAUG-Dataset/Black_Soil/b (1595).jpeg
Loamy,6.14,37,30,29,35,Sprinkler,64,Soybean,Maize,Soybean,Medium,72,33,51,71568,/content/drive/MyDrive/dataset/CyAUG-Dataset/Black_Soil/b (1075).jpeg
Silty,5.97,33,39,34,40,Flood,82,Barley,Maize,Groundnut,High,108,31,53,54307,/content/drive/MyDrive/dataset/CyAUG-Dataset/Black_Soil/b (1238).jpeg
Loamy,7.38,37,33,34,65,Sprinkler,68,Soybean,Maize,Cotton,High,179,20,68,44853,/content/drive/MyDrive/dataset/CyAUG-Dataset/Black_Soil/b (1314).jpeg
Loamy,6.61,21,26,26,33,Flood,57,Millet,Wheat,Millet,Low,166,30,69,62391,/content/drive/MyDrive/dataset/CyAUG-Dataset/Black_Soil/b (1029).jpeg
Silty,7.11,32,22,49,66,Sprinkler,81,Millet,Soybean,Rice,Low,141,26,65,62277,/content/drive/MyDrive/dataset/CyAUG-Dataset/Black_Soil/b (1494).jpeg
Clay,6.4,51,19,25,44,Drip,54,Vegetables,Groundnut,Cotton,High,52,34,60,79347,/content/drive/MyDrive/dataset/CyAUG-Dataset/Black_Soil/b (868).jpeg
Loamy,6.56,58,20,45,42,Drip,65,Groundnut,Maize,Millet,Low,156,25,83,48833,/content/drive/MyDrive/dataset/CyAUG-Dataset/Black_Soil/b (1216).jpeg
Sandy,7.1,60,25,36,70,Flood,63,Cotton,Soybean,Cotton,Low,100,30,55,54914,/content/drive/MyDrive/dataset/CyAUG-Dataset/Black_Soil/b (942).jpeg
Loamy,6.8,51,29,29,78,Sprinkler,79,Maize,Wheat,Groundnut,High,173,23,90,60578,/content/drive/MyDrive/dataset/CyAUG-Dataset/Black_Soil/82.jpg
Sandy,7.35,21,38,33,79,Flood,57,Groundnut,Sugarcane,Vegetables,High,112,27,44,36407,/content/drive/MyDrive/dataset/CyAUG-Dataset/Black_Soil/b (1658).jpeg
Clay,6.85,36,19,28,57,Drip,75,Maize,Rice,Barley,Low,150,26,62,48620,/content/drive/MyDrive/dataset/CyAUG-Dataset/Black_Soil/b (1028).jpeg
Sandy,6.29,26,15,28,32,Flood,82,Wheat,Millet,Soybean,High,81,31,69,78384,/content/drive/MyDrive/dataset/CyAUG-Dataset/Black_Soil/b (1583).jpeg
Silty,6.0,60,34,37,62,Drip,83,Maize,Cotton,Cotton,Medium,61,27,85,23812,/content/drive/MyDrive/dataset/CyAUG-Dataset/Black_Soil/b (895).jpeg
Sandy,6.71,49,32,43,42,Sprinkler,58,Cotton,Millet,Barley,High,121,35,83,52853,/content/drive/MyDrive/dataset/CyAUG-Dataset/Black_Soil/b (1132).jpeg
Clay,5.76,53,38,23,71,Sprinkler,82,Barley,Cotton,Barley,High,53,23,52,65602,/content/drive/MyDrive/dataset/CyAUG-Dataset/Black_Soil/b (1192).jpeg
Silty,7.14,60,26,29,58,Flood,66,Soybean,Rice,Cotton,Low,160,27,73,25282,/content/drive/MyDrive/dataset/CyAUG-Dataset/Black_Soil/75.jpg
Clay,6.46,60,24,41,59,Drip,82,Cotton,Sugarcane,Vegetables,Low,79,22,83,70013,/content/drive/MyDrive/dataset/CyAUG-Dataset/Black_Soil/b (980).jpeg
Loamy,7.15,23,26,40,61,Flood,93,Soybean,Maize,Groundnut,Low,162,30,53,37139,/content/drive/MyDrive/dataset/CyAUG-Dataset/Black_Soil/b (1125).jpeg
Clay,6.19,53,27,42,68,Sprinkler,58,Millet,Cotton,Wheat,Low,84,26,68,43106,/content/drive/MyDrive/dataset/CyAUG-Dataset/Black_Soil/b (1464).jpeg
Clay,5.69,57,25,32,70,Drip,73,Cotton,Soybean,Maize,High,58,26,48,30094,/content/drive/MyDrive/dataset/CyAUG-Dataset/Black_Soil/b (1324).jpeg
Clay,7.17,55,39,48,61,Flood,90,Cotton,Groundnut,Maize,Low,69,30,73,72332,/content/drive/MyDrive/dataset/CyAUG-Dataset/Black_Soil/b (1053).jpeg
Silty,5.62,23,21,22,59,Sprinkler,83,Groundnut,Wheat,Barley,Medium,146,34,82,78834,/content/drive/MyDrive/dataset/CyAUG-Dataset/Black_Soil/b (1655).jpeg
Loamy,7.4,29,38,41,34,Flood,79,Soybean,Barley,Sugarcane,Medium,129,31,41,67456,/content/drive/MyDrive/dataset/CyAUG-Dataset/Black_Soil/b (1241).jpeg
Loamy,5.86,21,25,36,72,Drip,93,Millet,Sugarcane,Rice,Low,193,28,50,26816,/content/drive/MyDrive/dataset/CyAUG-Dataset/Black_Soil/b (1577).jpeg
Silty,6.48,50,21,47,59,Drip,92,Soybean,Wheat,Cotton,High,78,20,61,23494,/content/drive/MyDrive/dataset/CyAUG-Dataset/Black_Soil/b (1320).jpeg
Silty,6.06,56,36,46,72,Flood,56,Cotton,Maize,Cotton,High,177,28,57,52817,/content/drive/MyDrive/dataset/CyAUG-Dataset/Black_Soil/b (833).jpeg
Sandy,5.81,32,17,26,65,Flood,87,Rice,Vegetables,Cotton,Medium,89,21,89,59878,/content/drive/MyDrive/dataset/CyAUG-Dataset/Black_Soil/b (1249).jpeg
Clay,7.3,44,25,20,75,Drip,92,Millet,Rice,Wheat,Low,104,21,58,42723,/content/drive/MyDrive/dataset/CyAUG-Dataset/Black_Soil/b (1647).jpeg
Clay,5.98,50,23,42,34,Sprinkler,66,Barley,Soybean,Soybean,High,60,34,78,54178,/content/drive/MyDrive/dataset/CyAUG-Dataset/Black_Soil/59a.jpg
Sandy,7.23,47,23,32,35,Drip,72,Vegetables,Vegetables,Rice,Low,84,29,41,40211,/content/drive/MyDrive/dataset/CyAUG-Dataset/Black_Soil/b (1296).jpeg
Loamy,6.63,60,31,25,46,Sprinkler,55,Millet,Soybean,Millet,Low,65,23,58,79597,/content/drive/MyDrive/dataset/CyAUG-Dataset/Black_Soil/b (1328).jpeg
Silty,7.39,26,24,29,36,Drip,52,Soybean,Groundnut,Rice,Medium,86,20,83,40826,/content/drive/MyDrive/dataset/CyAUG-Dataset/Black_Soil/b (1265).jpeg
Clay,6.56,35,31,34,55,Sprinkler,88,Groundnut,Cotton,Maize,Medium,61,20,66,56213,/content/drive/MyDrive/dataset/CyAUG-Dataset/Black_Soil/b (1144).jpeg
Silty,7.44,55,22,38,55,Drip,73,Barley,Groundnut,Wheat,Low,105,32,62,29777,/content/drive/MyDrive/dataset/CyAUG-Dataset/Black_Soil/b (953).jpeg
Sandy,6.21,48,26,49,77,Flood,85,Barley,Vegetables,Barley,Medium,95,34,51,21447,/content/drive/MyDrive/dataset/CyAUG-Dataset/Black_Soil/b (1017).jpeg
Loamy,6.34,23,23,27,46,Flood,72,Soybean,Groundnut,Cotton,Low,68,34,50,46675,/content/drive/MyDrive/dataset/CyAUG-Dataset/Black_Soil/b (1621).jpeg
Sandy,5.7,22,31,45,34,Sprinkler,74,Sugarcane,Cotton,Maize,Medium,105,32,54,30711,/content/drive/MyDrive/dataset/CyAUG-Dataset/Black_Soil/b (1122).jpeg
Sandy,6.11,45,24,34,40,Drip,51,Vegetables,Soybean,Vegetables,High,172,32,61,79465,/content/drive/MyDrive/dataset/CyAUG-Dataset/Black_Soil/b (1061).jpeg
Sandy,6.26,46,21,29,64,Drip,51,Cotton,Vegetables,Maize,Low,114,25,41,78829,/content/drive/MyDrive/dataset/CyAUG-Dataset/Black_Soil/b (884).jpeg
Silty,7.01,26,18,43,59,Drip,62,Wheat,Cotton,Groundnut,Medium,73,29,54,79062,/content/drive/MyDrive/dataset/CyAUG-Dataset/Black_Soil/b (1584).jpeg
Sandy,5.89,29,36,42,48,Flood,80,Millet,Cotton,Cotton,Medium,135,21,67,33247,/content/drive/MyDrive/dataset/CyAUG-Dataset/Black_Soil/b (1060).jpeg
Sandy,7.12,40,37,26,55,Flood,89,Sugarcane,Soybean,Wheat,High,187,21,62,71480,/content/drive/MyDrive/dataset/CyAUG-Dataset/Black_Soil/b (857).jpeg
Clay,6.0,33,26,47,31,Flood,55,Maize,Barley,Millet,Low,116,20,90,27184,/content/drive/MyDrive/dataset/CyAUG-Dataset/Black_Soil/b (1070).jpeg
Silty,7.0,21,40,31,43,Sprinkler,94,Millet,Groundnut,Wheat,Medium,135,28,83,71748,/content/drive/MyDrive/dataset/CyAUG-Dataset/Black_Soil/b (1628).jpeg
Loamy,5.82,31,38,30,36,Flood,66,Wheat,Wheat,Rice,High,78,29,59,53470,/content/drive/MyDrive/dataset/CyAUG-Dataset/Black_Soil/b (1377).jpeg
Clay,6.35,30,33,41,34,Drip,52,Wheat,Cotton,Wheat,Medium,154,30,46,26361,/content/drive/MyDrive/dataset/CyAUG-Dataset/Black_Soil/84a.jpg
Silty,6.33,34,39,24,38,Drip,71,Groundnut,Rice,Soybean,Medium,69,26,43,66739,/content/drive/MyDrive/dataset/CyAUG-Dataset/Black_Soil/b (1164).jpeg
Loamy,5.84,32,15,39,46,Drip,79,Vegetables,Groundnut,Groundnut,High,146,28,78,52275,/content/drive/MyDrive/dataset/CyAUG-Dataset/Black_Soil/b (1561).jpeg
Silty,7.02,50,22,45,75,Drip,83,Wheat,Millet,Millet,Low,94,35,72,41134,/content/drive/MyDrive/dataset/CyAUG-Dataset/Black_Soil/b (1084).jpeg
Clay,6.88,57,20,42,44,Sprinkler,88,Millet,Soybean,Barley,Medium,103,34,69,67994,/content/drive/MyDrive/dataset/CyAUG-Dataset/Black_Soil/b (844).jpeg
Clay,6.95,37,18,33,45,Drip,86,Sugarcane,Maize,Soybean,Medium,147,25,78,61180,/content/drive/MyDrive/dataset/CyAUG-Dataset/Black_Soil/b (1362).jpeg
Silty,7.02,47,20,26,68,Flood,73,Wheat,Barley,Rice,High,105,27,79,79424,/content/drive/MyDrive/dataset/CyAUG-Dataset/Black_Soil/b (1542).jpeg
Sandy,6.34,33,40,42,63,Sprinkler,62,Vegetables,Sugarcane,Rice,Medium,126,25,69,54317,/content/drive/MyDrive/dataset/CyAUG-Dataset/Black_Soil/b (985).jpeg
Clay,6.68,59,25,21,58,Sprinkler,80,Millet,Wheat,Groundnut,Low,111,33,86,60388,/content/drive/MyDrive/dataset/CyAUG-Dataset/Black_Soil/b (1049).jpeg
Loamy,6.8,22,16,34,78,Drip,95,Maize,Vegetables,Millet,High,128,32,48,52525,/content/drive/MyDrive/dataset/CyAUG-Dataset/Black_Soil/b (791).jpeg
Silty,6.88,59,23,23,75,Drip,90,Rice,Maize,Soybean,Medium,171,30,69,33626,/content/drive/MyDrive/dataset/CyAUG-Dataset/Black_Soil/b (998).jpeg
Sandy,7.29,60,28,44,60,Flood,72,Groundnut,Millet,Rice,High,162,26,75,62708,/content/drive/MyDrive/dataset/CyAUG-Dataset/Black_Soil/b (1509).jpeg
Silty,7.06,41,25,49,66,Flood,53,Wheat,Rice,Sugarcane,Medium,121,32,60,52449,/content/drive/MyDrive/dataset/CyAUG-Dataset/Black_Soil/b (1224).jpeg
Sandy,6.43,20,37,26,54,Sprinkler,89,Barley,Maize,Sugarcane,High,125,20,49,40184,/content/drive/MyDrive/dataset/CyAUG-Dataset/Black_Soil/b (978).jpeg
Sandy,5.52,46,21,20,32,Drip,83,Cotton,Millet,Cotton,Medium,196,30,79,40490,/content/drive/MyDrive/dataset/CyAUG-Dataset/Black_Soil/b (799).jpeg
Sandy,7.46,52,32,36,38,Flood,81,Cotton,Maize,Vegetables,Medium,179,27,53,43638,/content/drive/MyDrive/dataset/CyAUG-Dataset/Black_Soil/b (874).jpeg
Silty,6.54,25,31,39,55,Flood,91,Barley,Barley,Maize,High,78,32,73,55280,/content/drive/MyDrive/dataset/CyAUG-Dataset/Black_Soil/b (973).jpeg
Clay,7.04,28,38,39,53,Drip,76,Groundnut,Maize,Soybean,High,147,33,61,72826,/content/drive/MyDrive/dataset/CyAUG-Dataset/Black_Soil/b (1516).jpeg
Silty,6.71,25,25,38,40,Flood,57,Sugarcane,Wheat,Cotton,Medium,158,35,52,55048,/content/drive/MyDrive/dataset/CyAUG-Dataset/Black_Soil/b (1183).jpeg
Loamy,5.95,24,33,26,60,Flood,92,Millet,Barley,Cotton,Medium,84,35,81,38982,/content/drive/MyDrive/dataset/CyAUG-Dataset/Black_Soil/98.jpg
Clay,6.33,23,19,21,51,Flood,73,Cotton,Cotton,Groundnut,Medium,96,20,51,34851,/content/drive/MyDrive/dataset/CyAUG-Dataset/Black_Soil/b (989).jpeg
Clay,5.53,21,40,27,77,Drip,94,Millet,Cotton,Rice,Low,70,33,83,32290,/content/drive/MyDrive/dataset/CyAUG-Dataset/Black_Soil/b (1199).jpeg
Sandy,5.74,56,35,50,44,Drip,90,Millet,Vegetables,Sugarcane,High,180,21,75,35560,/content/drive/MyDrive/dataset/CyAUG-Dataset/Black_Soil/b (1440).jpeg
Clay,7.32,38,23,31,61,Drip,88,Wheat,Rice,Vegetables,Medium,192,29,67,56624,/content/drive/MyDrive/dataset/CyAUG-Dataset/Black_Soil/b (1001).jpeg
Clay,6.92,59,22,39,72,Flood,68,Millet,Vegetables,Soybean,Low,126,30,83,56317,/content/drive/MyDrive/dataset/CyAUG-Dataset/Black_Soil/b (1118).jpeg
Loamy,7.06,48,27,49,53,Flood,88,Barley,Cotton,Groundnut,High,85,29,86,31740,/content/drive/MyDrive/dataset/CyAUG-Dataset/Black_Soil/b (1591).jpeg
Loamy,5.8,25,15,27,62,Flood,92,Maize,Millet,Sugarcane,Low,111,27,60,56279,/content/drive/MyDrive/dataset/CyAUG-Dataset/Black_Soil/b (1045).jpeg
Sandy,6.61,59,24,24,54,Sprinkler,80,Sugarcane,Sugarcane,Soybean,High,114,24,56,79017,/content/drive/MyDrive/dataset/CyAUG-Dataset/Black_Soil/b (1333).jpeg
Silty,5.92,54,39,41,34,Drip,70,Maize,Vegetables,Rice,Medium,185,26,51,47946,/content/drive/MyDrive/dataset/CyAUG-Dataset/Black_Soil/b (760).jpeg
Clay,6.46,42,17,50,71,Flood,65,Soybean,Wheat,Groundnut,High,136,23,56,37594,/content/drive/MyDrive/dataset/CyAUG-Dataset/Black_Soil/b (1411).jpeg
Silty,6.32,27,22,36,49,Drip,55,Wheat,Rice,Vegetables,High,111,27,58,38646,/content/drive/MyDrive/dataset/CyAUG-Dataset/Black_Soil/b (1185).jpeg
Sandy,5.9,42,38,28,78,Flood,88,Millet,Soybean,Barley,High,145,29,42,52965,/content/drive/MyDrive/dataset/CyAUG-Dataset/Black_Soil/b (818).jpeg
Clay,6.94,47,39,45,57,Drip,52,Wheat,Vegetables,Groundnut,Low,77,35,48,51162,/content/drive/MyDrive/dataset/CyAUG-Dataset/Black_Soil/b (1447).jpeg
Sandy,6.27,59,32,40,74,Sprinkler,80,Cotton,Wheat,Wheat,Medium,65,23,73,41664,/content/drive/MyDrive/dataset/CyAUG-Dataset/Black_Soil/b (1421).jpeg
Sandy,7.47,37,15,42,50,Drip,86,Groundnut,Cotton,Cotton,Medium,118,34,58,22638,/content/drive/MyDrive/dataset/CyAUG-Dataset/Black_Soil/b (751).jpeg
Silty,6.72,34,37,22,36,Drip,94,Barley,Rice,Cotton,Low,120,28,77,31916,/content/drive/MyDrive/dataset/CyAUG-Dataset/Black_Soil/b (1364).jpeg
Clay,7.28,33,28,30,41,Drip,60,Wheat,Wheat,Millet,Low,164,24,70,64208,/content/drive/MyDrive/dataset/CyAUG-Dataset/Black_Soil/b (1650).jpeg
Sandy,5.89,43,36,22,78,Sprinkler,55,Wheat,Barley,Soybean,High,116,27,68,77138,/content/drive/MyDrive/dataset/CyAUG-Dataset/Black_Soil/b (1640).jpeg
Sandy,6.42,44,15,37,72,Drip,88,Vegetables,Millet,Vegetables,Medium,156,28,70,58336,/content/drive/MyDrive/dataset/CyAUG-Dataset/Black_Soil/b (1342).jpeg
Clay,5.99,55,25,31,78,Drip,53,Cotton,Groundnut,Vegetables,High,90,23,60,49054,/content/drive/MyDrive/dataset/CyAUG-Dataset/Black_Soil/b (918).jpeg
Clay,6.22,38,31,31,63,Sprinkler,58,Groundnut,Vegetables,Wheat,Low,146,20,69,68126,/content/drive/MyDrive/dataset/CyAUG-Dataset/Black_Soil/b (996).jpeg
Clay,7.27,34,17,30,69,Flood,64,Sugarcane,Soybean,Cotton,Medium,151,31,41,25086,/content/drive/MyDrive/dataset/CyAUG-Dataset/Black_Soil/b (1137).jpeg
Sandy,7.06,43,33,46,61,Flood,92,Cotton,Groundnut,Wheat,Medium,53,25,78,74881,/content/drive/MyDrive/dataset/CyAUG-Dataset/Black_Soil/b (1191).jpeg
Sandy,5.9,38,31,25,66,Drip,75,Rice,Rice,Sugarcane,High,86,31,71,47625,/content/drive/MyDrive/dataset/CyAUG-Dataset/Black_Soil/b (1255).jpeg
Silty,7.08,49,37,47,33,Sprinkler,91,Sugarcane,Millet,Soybean,High,136,25,71,24028,/content/drive/MyDrive/dataset/CyAUG-Dataset/Black_Soil/b (914).jpeg
Sandy,6.07,51,23,32,79,Drip,71,Wheat,Soybean,Vegetables,Low,68,35,49,64929,/content/drive/MyDrive/dataset/CyAUG-Dataset/Black_Soil/b (1034).jpeg
Loamy,5.95,55,15,43,68,Flood,53,Sugarcane,Barley,Soybean,Low,103,33,72,63674,/content/drive/MyDrive/dataset/CyAUG-Dataset/Black_Soil/b (976).jpeg
Sandy,6.8,35,35,48,69,Drip,75,Vegetables,Wheat,Barley,High,157,25,83,28399,/content/drive/MyDrive/dataset/CyAUG-Dataset/Black_Soil/b (950).jpeg
Sandy,6.66,30,26,37,32,Sprinkler,61,Soybean,Rice,Millet,High,82,29,82,51805,/content/drive/MyDrive/dataset/CyAUG-Dataset/Black_Soil/b (1529).jpeg
Sandy,5.81,25,32,33,67,Sprinkler,79,Rice,Cotton,Wheat,Medium,104,33,90,31748,/content/drive/MyDrive/dataset/CyAUG-Dataset/Black_Soil/b (1322).jpeg
Clay,5.89,24,17,24,60,Flood,61,Millet,Barley,Rice,High,59,31,88,27346,/content/drive/MyDrive/dataset/CyAUG-Dataset/Black_Soil/b (1555).jpeg
Sandy,7.35,34,17,26,40,Sprinkler,55,Maize,Groundnut,Maize,Medium,188,25,78,56010,/content/drive/MyDrive/dataset/CyAUG-Dataset/Black_Soil/b (768).jpeg
Sandy,6.92,47,22,37,56,Drip,93,Groundnut,Wheat,Cotton,High,190,22,53,41709,/content/drive/MyDrive/dataset/CyAUG-Dataset/Black_Soil/b (1323).jpeg
Loamy,6.38,36,18,21,47,Sprinkler,75,Soybean,Barley,Vegetables,Medium,114,28,51,53139,/content/drive/MyDrive/dataset/CyAUG-Dataset/Black_Soil/b (1239).jpeg
Loamy,6.39,35,31,33,44,Drip,58,Soybean,Millet,Wheat,Medium,114,27,77,48050,/content/drive/MyDrive/dataset/CyAUG-Dataset/Black_Soil/b (875).jpeg
Sandy,6.97,40,18,40,42,Drip,77,Wheat,Millet,Barley,Medium,105,26,69,70622,/content/drive/MyDrive/dataset/CyAUG-Dataset/Black_Soil/b (1659).jpeg
Clay,7.34,43,18,21,54,Sprinkler,72,Sugarcane,Groundnut,Vegetables,Low,193,26,68,24340,/content/drive/MyDrive/dataset/CyAUG-Dataset/Black_Soil/b (815).jpeg
Sandy,6.86,54,28,35,76,Flood,91,Maize,Vegetables,Rice,Medium,91,29,63,31993,/content/drive/MyDrive/dataset/CyAUG-Dataset/Black_Soil/b (1546).jpeg
Sandy,5.51,34,35,35,69,Drip,78,Barley,Cotton,Wheat,High,159,35,72,64074,/content/drive/MyDrive/dataset/CyAUG-Dataset/Black_Soil/b (1231).jpeg
Clay,5.59,51,31,45,46,Sprinkler,77,Cotton,Soybean,Millet,Low,83,25,70,37056,/content/drive/MyDrive/dataset/CyAUG-Dataset/Black_Soil/b (1162).jpeg
Sandy,6.57,48,20,37,53,Drip,84,Groundnut,Sugarcane,Soybean,Low,101,29,76,20310,/content/drive/MyDrive/dataset/CyAUG-Dataset/Black_Soil/b (1573).jpeg
Clay,7.15,49,15,30,80,Drip,72,Wheat,Sugarcane,Wheat,High,178,22,80,69633,/content/drive/MyDrive/dataset/CyAUG-Dataset/Black_Soil/b (1266).jpeg
Silty,6.41,20,15,20,35,Sprinkler,83,Soybean,Millet,Vegetables,Medium,135,26,71,37310,/content/drive/MyDrive/dataset/CyAUG-Dataset/Black_Soil/b (748).jpeg
Loamy,6.34,40,27,35,72,Drip,89,Maize,Wheat,Vegetables,High,87,31,63,66170,/content/drive/MyDrive/dataset/CyAUG-Dataset/Black_Soil/b (1010).jpeg
Sandy,6.06,41,19,34,56,Drip,82,Millet,Barley,Wheat,High,67,26,79,46559,/content/drive/MyDrive/dataset/CyAUG-Dataset/Black_Soil/b (905).jpeg
Clay,6.09,55,35,42,72,Sprinkler,53,Vegetables,Vegetables,Vegetables,Medium,72,32,64,43280,/content/drive/MyDrive/dataset/CyAUG-Dataset/Black_Soil/b (1501).jpeg
Loamy,6.17,51,35,34,78,Drip,76,Vegetables,Vegetables,Maize,High,157,24,60,42733,/content/drive/MyDrive/dataset/CyAUG-Dataset/Black_Soil/b (1044).jpeg
Loamy,7.48,38,40,49,33,Sprinkler,89,Millet,Wheat,Rice,Medium,79,27,69,38606,/content/drive/MyDrive/dataset/CyAUG-Dataset/Black_Soil/b (1197).jpeg
Sandy,7.36,45,19,47,31,Sprinkler,61,Groundnut,Groundnut,Millet,High,99,20,45,38180,/content/drive/MyDrive/dataset/CyAUG-Dataset/Black_Soil/b (1469).jpeg
Loamy,5.96,54,33,47,78,Flood,63,Wheat,Vegetables,Rice,Low,50,30,89,44173,/content/drive/MyDrive/dataset/CyAUG-Dataset/Black_Soil/8.jpg
Clay,6.63,44,38,48,32,Flood,93,Barley,Rice,Millet,Medium,130,27,52,60017,/content/drive/MyDrive/dataset/CyAUG-Dataset/Black_Soil/b (1099).jpeg
Loamy,7.36,40,39,50,67,Flood,93,Wheat,Maize,Groundnut,Low,195,31,63,46842,/content/drive/MyDrive/dataset/CyAUG-Dataset/Black_Soil/b (1576).jpeg
Silty,6.08,28,29,35,77,Drip,83,Cotton,Soybean,Millet,Low,109,23,53,40356,/content/drive/MyDrive/dataset/CyAUG-Dataset/Black_Soil/b (967).jpeg
Silty,6.68,41,27,31,57,Flood,85,Rice,Sugarcane,Barley,High,163,31,87,44961,/content/drive/MyDrive/dataset/CyAUG-Dataset/Black_Soil/b (1291).jpeg
Sandy,6.39,51,15,27,48,Sprinkler,59,Vegetables,Barley,Barley,Low,87,23,44,48342,/content/drive/MyDrive/dataset/CyAUG-Dataset/Black_Soil/b (1000).jpeg
Silty,5.69,28,28,48,45,Sprinkler,79,Groundnut,Barley,Vegetables,Medium,84,25,57,38008,/content/drive/MyDrive/dataset/CyAUG-Dataset/Black_Soil/b (1065).jpeg
Clay,7.4,29,40,21,57,Drip,70,Cotton,Groundnut,Wheat,High,105,21,64,21246,/content/drive/MyDrive/dataset/CyAUG-Dataset/Black_Soil/b (1179).jpeg
Clay,6.2,26,25,26,61,Flood,85,Sugarcane,Rice,Sugarcane,Medium,50,25,79,40464,/content/drive/MyDrive/dataset/CyAUG-Dataset/Black_Soil/b (841).jpeg
Clay,6.09,48,37,31,59,Sprinkler,78,Sugarcane,Barley,Maize,High,156,26,59,36004,/content/drive/MyDrive/dataset/CyAUG-Dataset/Black_Soil/b (1406).jpeg
Silty,6.64,29,34,41,57,Sprinkler,65,Cotton,Sugarcane,Wheat,Medium,111,28,82,46098,/content/drive/MyDrive/dataset/CyAUG-Dataset/Black_Soil/b (1169).jpeg
Sandy,6.01,28,18,36,60,Flood,56,Vegetables,Maize,Sugarcane,Low,81,35,60,21078,/content/drive/MyDrive/dataset/CyAUG-Dataset/Black_Soil/b (1523).jpeg
Sandy,6.17,40,17,31,48,Flood,72,Soybean,Soybean,Vegetables,Medium,93,33,64,54987,/content/drive/MyDrive/dataset/CyAUG-Dataset/Black_Soil/76.jpg
Silty,6.97,30,29,48,59,Flood,54,Cotton,Millet,Vegetables,Low,116,25,56,30867,/content/drive/MyDrive/dataset/CyAUG-Dataset/Black_Soil/b (1107).jpeg
Sandy,6.64,30,15,38,70,Drip,66,Wheat,Rice,Groundnut,Medium,131,28,87,59837,/content/drive/MyDrive/dataset/CyAUG-Dataset/Black_Soil/b (1619).jpeg
Silty,5.77,21,38,30,63,Flood,58,Wheat,Vegetables,Sugarcane,Low,195,26,57,42995,/content/drive/MyDrive/dataset/CyAUG-Dataset/Black_Soil/b (1484).jpeg
Silty,5.69,53,31,25,42,Flood,82,Maize,Maize,Rice,Medium,99,34,43,62793,/content/drive/MyDrive/dataset/CyAUG-Dataset/Black_Soil/b (1547).jpeg
Silty,6.91,44,40,37,50,Sprinkler,73,Cotton,Sugarcane,Sugarcane,Medium,136,33,60,74181,/content/drive/MyDrive/dataset/CyAUG-Dataset/Black_Soil/b (962).jpeg
Sandy,7.21,49,35,44,45,Sprinkler,60,Cotton,Rice,Rice,Medium,64,25,54,24665,/content/drive/MyDrive/dataset/CyAUG-Dataset/Black_Soil/b (1116).jpeg
Sandy,6.5,36,25,26,60,Flood,67,Millet,Vegetables,Millet,Medium,96,30,58,32771,/content/drive/MyDrive/dataset/CyAUG-Dataset/Black_Soil/b (1610).jpeg
Sandy,5.6,47,21,40,76,Flood,91,Barley,Barley,Millet,Low,62,34,62,61758,/content/drive/MyDrive/dataset/CyAUG-Dataset/Black_Soil/b (842).jpeg
Silty,6.82,23,15,32,36,Flood,64,Groundnut,Groundnut,Millet,Medium,82,35,77,78625,/content/drive/MyDrive/dataset/CyAUG-Dataset/Black_Soil/b (1639).jpeg
Loamy,7.47,32,38,47,65,Sprinkler,93,Sugarcane,Sugarcane,Sugarcane,Low,111,23,85,55673,/content/drive/MyDrive/dataset/CyAUG-Dataset/Black_Soil/68.jpg
Clay,7.06,33,32,30,50,Drip,61,Maize,Sugarcane,Maize,Medium,110,20,56,20127,/content/drive/MyDrive/dataset/CyAUG-Dataset/Black_Soil/b (1321).jpeg
Silty,5.56,37,24,39,38,Sprinkler,57,Groundnut,Cotton,Sugarcane,High,118,24,78,37000,/content/drive/MyDrive/dataset/CyAUG-Dataset/Black_Soil/b (1624).jpeg
Sandy,7.22,33,37,34,36,Flood,66,Sugarcane,Cotton,Barley,Low,191,24,43,40426,/content/drive/MyDrive/dataset/CyAUG-Dataset/Black_Soil/b (1302).jpeg
Clay,5.74,53,39,28,40,Sprinkler,55,Cotton,Rice,Vegetables,Low,71,32,73,30209,/content/drive/MyDrive/dataset/CyAUG-Dataset/Black_Soil/b (1366).jpeg
Sandy,6.09,53,20,30,74,Sprinkler,91,Millet,Groundnut,Maize,Low,114,21,48,20988,/content/drive/MyDrive/dataset/CyAUG-Dataset/Black_Soil/b (1500).jpeg
Silty,7.14,57,37,45,47,Flood,75,Vegetables,Vegetables,Groundnut,Medium,80,21,44,41267,/content/drive/MyDrive/dataset/CyAUG-Dataset/Black_Soil/78.jpg
Clay,6.65,40,34,33,59,Drip,79,Soybean,Barley,Soybean,High,78,21,73,28973,/content/drive/MyDrive/dataset/CyAUG-Dataset/Black_Soil/b (1188).jpeg
Clay,7.13,27,40,40,75,Flood,60,Groundnut,Rice,Barley,High,135,32,58,25275,/content/drive/MyDrive/dataset/CyAUG-Dataset/Black_Soil/b (1154).jpeg
Sandy,6.58,26,37,50,49,Sprinkler,95,Barley,Vegetables,Barley,Medium,144,28,89,31015,/content/drive/MyDrive/dataset/CyAUG-Dataset/Black_Soil/b (1284).jpeg
Loamy,7.42,42,33,42,63,Drip,65,Rice,Millet,Maize,Medium,93,35,43,43845,/content/drive/MyDrive/dataset/CyAUG-Dataset/Black_Soil/b (1373).jpeg
Sandy,6.33,54,19,47,58,Flood,52,Rice,Wheat,Rice,High,167,28,89,76261,/content/drive/MyDrive/dataset/CyAUG-Dataset/Black_Soil/b (1171).jpeg
Clay,7.08,23,21,38,80,Flood,59,Millet,Millet,Rice,Low,113,27,61,59327,/content/drive/MyDrive/dataset/CyAUG-Dataset/Black_Soil/b (1654).jpeg
Loamy,7.15,42,36,30,35,Drip,70,Cotton,Vegetables,Cotton,Low,70,34,90,48477,/content/drive/MyDrive/dataset/CyAUG-Dataset/Black_Soil/65.jpg
Sandy,5.62,39,25,40,39,Drip,52,Rice,Millet,Maize,Medium,168,26,90,34653,/content/drive/MyDrive/dataset/CyAUG-Dataset/Black_Soil/79.jpg
Clay,6.15,24,18,36,59,Flood,66,Barley,Rice,Sugarcane,Low,109,34,41,29197,/content/drive/MyDrive/dataset/CyAUG-Dataset/Black_Soil/b (870).jpeg
Clay,6.59,48,17,46,37,Flood,84,Vegetables,Millet,Wheat,High,179,23,52,49085,/content/drive/MyDrive/dataset/CyAUG-Dataset/Black_Soil/b (1506).jpeg
Silty,7.13,40,22,46,75,Drip,73,Sugarcane,Millet,Millet,High,145,32,69,45086,/content/drive/MyDrive/dataset/CyAUG-Dataset/Black_Soil/b (1220).jpeg
Sandy,6.5,42,20,21,58,Drip,67,Soybean,Cotton,Vegetables,Medium,116,27,51,64448,/content/drive/MyDrive/dataset/CyAUG-Dataset/Black_Soil/b (1102).jpeg
Silty,5.85,55,19,43,32,Flood,79,Maize,Barley,Rice,High,136,21,58,63794,/content/drive/MyDrive/dataset/CyAUG-Dataset/Black_Soil/b (1292).jpeg
Sandy,5.82,55,21,32,43,Sprinkler,59,Groundnut,Rice,Cotton,High,115,29,66,21802,/content/drive/MyDrive/dataset/CyAUG-Dataset/Black_Soil/b (1217).jpeg
Loamy,7.13,23,31,33,47,Sprinkler,89,Wheat,Groundnut,Barley,Medium,82,26,87,70897,/content/drive/MyDrive/dataset/CyAUG-Dataset/Black_Soil/b (1508).jpeg
Clay,6.74,38,23,25,60,Sprinkler,84,Cotton,Millet,Wheat,Medium,98,22,80,43546,/content/drive/MyDrive/dataset/CyAUG-Dataset/Black_Soil/b (1128).jpeg
Sandy,7.29,33,22,32,62,Drip,93,Maize,Maize,Cotton,Medium,97,28,48,42521,/content/drive/MyDrive/dataset/CyAUG-Dataset/Black_Soil/b (824).jpeg
Clay,6.46,60,18,38,30,Drip,63,Rice,Rice,Millet,High,196,31,89,52761,/content/drive/MyDrive/dataset/CyAUG-Dataset/Black_Soil/b (1246).jpeg
Clay,7.2,52,37,27,46,Drip,89,Rice,Groundnut,Soybean,Medium,83,31,46,50157,/content/drive/MyDrive/dataset/CyAUG-Dataset/Black_Soil/b (1568).jpeg
Silty,5.56,58,20,34,55,Drip,60,Barley,Millet,Millet,High,167,31,86,57906,/content/drive/MyDrive/dataset/CyAUG-Dataset/Black_Soil/b (902).jpeg
Sandy,6.26,51,23,21,64,Flood,51,Rice,Soybean,Maize,Low,192,26,52,71018,/content/drive/MyDrive/dataset/CyAUG-Dataset/Black_Soil/50.jpg
Clay,7.28,48,19,32,72,Sprinkler,64,Barley,Millet,Soybean,Medium,185,27,58,65791,/content/drive/MyDrive/dataset/CyAUG-Dataset/Black_Soil/b (1014).jpeg
Clay,5.84,24,34,20,40,Flood,65,Maize,Wheat,Cotton,High,92,30,73,65413,/content/drive/MyDrive/dataset/CyAUG-Dataset/Black_Soil/b (1424).jpeg
Sandy,6.39,27,19,49,44,Flood,66,Vegetables,Soybean,Wheat,Medium,165,27,78,32155,/content/drive/MyDrive/dataset/CyAUG-Dataset/Black_Soil/b (1175).jpeg
Clay,6.65,20,30,41,37,Sprinkler,70,Cotton,Sugarcane,Barley,Medium,124,27,42,21586,/content/drive/MyDrive/dataset/CyAUG-Dataset/Black_Soil/b (1415).jpeg
Clay,7.45,49,38,42,64,Sprinkler,57,Vegetables,Cotton,Maize,High,87,27,48,51251,/content/drive/MyDrive/dataset/CyAUG-Dataset/Black_Soil/b (1081).jpeg
Loamy,5.66,38,16,43,56,Drip,59,Sugarcane,Rice,Millet,Low,57,29,48,52936,/content/drive/MyDrive/dataset/CyAUG-Dataset/Black_Soil/b (1545).jpeg
Loamy,6.13,54,31,46,61,Flood,90,Barley,Wheat,Barley,Low,98,32,42,32596,/content/drive/MyDrive/dataset/CyAUG-Dataset/Black_Soil/b (822).jpeg
Clay,5.72,33,37,23,34,Flood,70,Vegetables,Barley,Maize,High,178,32,86,48386,/content/drive/MyDrive/dataset/CyAUG-Dataset/Black_Soil/b (1039).jpeg
Loamy,7.23,22,30,39,31,Flood,74,Soybean,Soybean,Soybean,High,111,32,76,33616,/content/drive/MyDrive/dataset/CyAUG-Dataset/Black_Soil/b (906).jpeg
Clay,7.47,59,34,25,48,Drip,59,Rice,Groundnut,Maize,Medium,136,35,62,42760,/content/drive/MyDrive/dataset/CyAUG-Dataset/Black_Soil/b (1480).jpeg
Loamy,5.8,55,35,27,62,Sprinkler,69,Wheat,Wheat,Soybean,Low,152,20,90,24227,/content/drive/MyDrive/dataset/CyAUG-Dataset/Black_Soil/b (1177).jpeg
Silty,7.05,39,37,39,80,Flood,76,Wheat,Millet,Rice,Low,64,32,57,45849,/content/drive/MyDrive/dataset/CyAUG-Dataset/Black_Soil/b (1497).jpeg
Sandy,5.6,49,20,41,35,Sprinkler,76,Groundnut,Cotton,Wheat,Low,149,22,60,32478,/content/drive/MyDrive/dataset/CyAUG-Dataset/Black_Soil/b (834).jpeg
Clay,5.92,49,27,33,59,Drip,95,Wheat,Cotton,Rice,Low,102,27,44,50822,/content/drive/MyDrive/dataset/CyAUG-Dataset/Black_Soil/b (756).jpeg
Silty,6.87,49,24,25,62,Flood,51,Vegetables,Cotton,Rice,High,119,22,62,69604,/content/drive/MyDrive/dataset/CyAUG-Dataset/Black_Soil/b (1130).jpeg
Sandy,6.43,35,31,40,35,Drip,70,Rice,Sugarcane,Soybean,High,171,27,80,57056,/content/drive/MyDrive/dataset/CyAUG-Dataset/Black_Soil/90.jpg
Sandy,5.52,43,30,46,62,Drip,50,Millet,Millet,Soybean,Medium,144,30,83,54051,/content/drive/MyDrive/dataset/CyAUG-Dataset/Black_Soil/b (1643).jpeg
Sandy,6.79,30,25,27,50,Drip,70,Rice,Wheat,Wheat,Medium,63,32,76,50116,/content/drive/MyDrive/dataset/CyAUG-Dataset/Black_Soil/76a.jpg
Loamy,5.8,60,34,21,67,Drip,95,Wheat,Cotton,Wheat,Low,136,26,70,59856,/content/drive/MyDrive/dataset/CyAUG-Dataset/Black_Soil/b (773).jpeg
Silty,7.33,40,40,41,55,Flood,67,Cotton,Cotton,Wheat,Low,89,34,70,38694,/content/drive/MyDrive/dataset/CyAUG-Dataset/Black_Soil/b (1204).jpeg
Sandy,7.41,57,20,36,63,Drip,81,Millet,Wheat,Maize,Medium,74,29,70,67129,/content/drive/MyDrive/dataset/CyAUG-Dataset/Black_Soil/b (960).jpeg
Sandy,6.23,25,23,38,76,Drip,68,Vegetables,Maize,Maize,Low,82,29,68,42335,/content/drive/MyDrive/dataset/CyAUG-Dataset/Black_Soil/b (1150).jpeg
Clay,6.77,45,26,29,72,Flood,91,Millet,Millet,Maize,Low,195,32,49,59585,/content/drive/MyDrive/dataset/CyAUG-Dataset/Black_Soil/b (1275).jpeg
Clay,7.0,33,15,25,31,Flood,84,Groundnut,Groundnut,Cotton,Low,122,20,68,36065,/content/drive/MyDrive/dataset/CyAUG-Dataset/Black_Soil/b (771).jpeg
Clay,5.92,37,15,49,73,Flood,94,Cotton,Maize,Soybean,High,63,32,73,58393,/content/drive/MyDrive/dataset/CyAUG-Dataset/Black_Soil/b (1297).jpeg
Loamy,7.09,46,25,30,77,Flood,71,Millet,Rice,Cotton,Low,155,28,73,54726,/content/drive/MyDrive/dataset/CyAUG-Dataset/Black_Soil/b (1232).jpeg
Sandy,7.47,22,18,42,72,Sprinkler,72,Rice,Soybean,Soybean,High,199,31,80,25591,/content/drive/MyDrive/dataset/CyAUG-Dataset/Black_Soil/7.jpg
Sandy,6.97,53,21,50,50,Sprinkler,88,Millet,Vegetables,Barley,Medium,98,28,50,31854,/content/drive/MyDrive/dataset/CyAUG-Dataset/Black_Soil/104a.jpg
Clay,5.98,53,37,40,49,Drip,64,Vegetables,Soybean,Groundnut,Low,134,30,44,48941,/content/drive/MyDrive/dataset/CyAUG-Dataset/Black_Soil/115.jpg
Sandy,7.07,21,38,30,59,Drip,65,Cotton,Wheat,Wheat,Low,131,31,75,58515,/content/drive/MyDrive/dataset/CyAUG-Dataset/Black_Soil/100.jpg
Sandy,7.34,40,21,48,67,Drip,95,Sugarcane,Sugarcane,Cotton,Medium,165,30,71,77960,/content/drive/MyDrive/dataset/CyAUG-Dataset/Black_Soil/118.jpg
Silty,6.75,40,21,21,45,Drip,79,Millet,Soybean,Wheat,High,110,27,53,64645,/content/drive/MyDrive/dataset/CyAUG-Dataset/Black_Soil/102.jpg
Loamy,6.94,41,26,27,51,Flood,64,Wheat,Barley,Cotton,High,101,22,76,33643,/content/drive/MyDrive/dataset/CyAUG-Dataset/Black_Soil/116.jpg
Loamy,6.26,57,37,24,47,Drip,89,Barley,Soybean,Cotton,High,185,32,67,37176,/content/drive/MyDrive/dataset/CyAUG-Dataset/Black_Soil/106.jpg
Sandy,5.94,49,37,24,43,Sprinkler,69,Barley,Vegetables,Wheat,Medium,189,28,80,64543,/content/drive/MyDrive/dataset/CyAUG-Dataset/Black_Soil/107.jpg
Loamy,6.32,53,29,36,46,Flood,62,Rice,Sugarcane,Maize,High,136,32,73,61814,/content/drive/MyDrive/dataset/CyAUG-Dataset/Black_Soil/102a.jpg
Sandy,7.09,25,39,24,76,Drip,88,Rice,Soybean,Soybean,Low,131,22,79,76579,/content/drive/MyDrive/dataset/CyAUG-Dataset/Black_Soil/115a.jpg
Loamy,7.1,51,33,20,36,Flood,67,Soybean,Groundnut,Millet,Low,111,20,86,62244,/content/drive/MyDrive/dataset/CyAUG-Dataset/Black_Soil/108.jpg
Loamy,6.57,28,29,41,64,Sprinkler,75,Millet,Vegetables,Barley,Low,69,32,73,34417,/content/drive/MyDrive/dataset/CyAUG-Dataset/Black_Soil/117.jpg
Silty,6.96,56,21,46,45,Drip,69,Maize,Wheat,Vegetables,Medium,173,25,56,38487,/content/drive/MyDrive/dataset/CyAUG-Dataset/Black_Soil/104.jpg
Loamy,7.12,34,38,21,61,Flood,71,Maize,Millet,Sugarcane,Low,115,24,47,24531,/content/drive/MyDrive/dataset/CyAUG-Dataset/Black_Soil/109.jpg
Sandy,6.05,39,35,31,63,Drip,68,Millet,Maize,Cotton,Medium,84,32,61,39521,/content/drive/MyDrive/dataset/CyAUG-Dataset/Black_Soil/103.jpg
Silty,5.61,21,15,37,37,Sprinkler,71,Groundnut,Wheat,Millet,Low,59,28,51,24463,/content/drive/MyDrive/dataset/CyAUG-Dataset/Black_Soil/114.jpg
Silty,6.54,51,21,22,78,Drip,80,Sugarcane,Vegetables,Sugarcane,Low,160,26,46,53146,/content/drive/MyDrive/dataset/CyAUG-Dataset/Black_Soil/113.jpg
Clay,6.26,26,26,34,55,Sprinkler,71,Sugarcane,Millet,Barley,High,149,23,57,77881,/content/drive/MyDrive/dataset/CyAUG-Dataset/Black_Soil/11.jpg
Sandy,6.56,23,30,49,37,Flood,87,Rice,Cotton,Groundnut,Low,158,23,56,20836,/content/drive/MyDrive/dataset/CyAUG-Dataset/Black_Soil/112.jpg
Loamy,5.73,36,39,35,58,Drip,63,Maize,Groundnut,Sugarcane,Low,55,23,67,27707,/content/drive/MyDrive/dataset/CyAUG-Dataset/Black_Soil/10.jpg
Sandy,5.58,51,31,45,42,Flood,78,Millet,Groundnut,Vegetables,High,51,28,45,29283,/content/drive/MyDrive/dataset/CyAUG-Dataset/Black_Soil/1.jpg
Loamy,6.41,24,38,42,78,Drip,50,Millet,Wheat,Rice,Low,58,35,72,52090,/content/drive/MyDrive/dataset/CyAUG-Dataset/Black_Soil/110.jpg
Silty,6.87,55,33,48,79,Sprinkler,79,Wheat,Cotton,Vegetables,High,102,34,75,49291,/content/drive/MyDrive/dataset/CyAUG-Dataset/Black_Soil/111.jpg
Silty,6.41,33,35,48,35,Sprinkler,51,Vegetables,Vegetables,Wheat,High,154,34,74,50918,/content/drive/MyDrive/dataset/CyAUG-Dataset/Black_Soil/201.jpg
Clay,6.48,46,34,46,74,Drip,64,Maize,Soybean,Barley,High,55,28,86,52671,/content/drive/MyDrive/dataset/CyAUG-Dataset/Black_Soil/130.jpg
Loamy,7.19,22,40,46,79,Sprinkler,73,Soybean,Soybean,Vegetables,Medium,166,25,76,52233,/content/drive/MyDrive/dataset/CyAUG-Dataset/Black_Soil/181.jpg
Sandy,7.11,31,34,32,57,Drip,77,Millet,Maize,Soybean,Low,151,28,53,62852,/content/drive/MyDrive/dataset/CyAUG-Dataset/Black_Soil/42.jpg
Sandy,6.85,47,38,31,71,Sprinkler,86,Cotton,Barley,Cotton,Low,146,33,86,63644,/content/drive/MyDrive/dataset/CyAUG-Dataset/Black_Soil/186.jpg
Clay,7.03,29,29,41,57,Drip,59,Barley,Cotton,Soybean,High,167,33,60,69404,/content/drive/MyDrive/dataset/CyAUG-Dataset/Black_Soil/36a.jpg
Silty,7.4,44,29,32,60,Sprinkler,88,Barley,Vegetables,Cotton,High,108,22,58,32041,/content/drive/MyDrive/dataset/CyAUG-Dataset/Black_Soil/199.jpg
Loamy,6.3,32,16,30,52,Drip,64,Cotton,Vegetables,Wheat,Medium,148,21,52,28523,/content/drive/MyDrive/dataset/CyAUG-Dataset/Black_Soil/193.jpg
Loamy,7.5,26,40,25,55,Flood,80,Soybean,Vegetables,Vegetables,Low,185,32,72,32129,/content/drive/MyDrive/dataset/CyAUG-Dataset/Black_Soil/20.jpg
Loamy,6.55,34,37,41,75,Drip,89,Maize,Wheat,Vegetables,Low,111,29,61,41833,/content/drive/MyDrive/dataset/CyAUG-Dataset/Black_Soil/19.jpg
Silty,7.14,34,39,43,39,Sprinkler,71,Wheat,Soybean,Barley,Medium,155,25,69,30922,/content/drive/MyDrive/dataset/CyAUG-Dataset/Black_Soil/127.jpg
Sandy,5.85,30,18,48,73,Drip,75,Soybean,Rice,Millet,High,119,27,47,53504,/content/drive/MyDrive/dataset/CyAUG-Dataset/Black_Soil/138.jpg
Silty,7.24,21,37,43,45,Flood,77,Millet,Sugarcane,Barley,Low,54,22,57,51046,/content/drive/MyDrive/dataset/CyAUG-Dataset/Black_Soil/14.jpg
Silty,6.59,54,24,32,47,Flood,73,Groundnut,Cotton,Vegetables,Low,99,34,48,54759,/content/drive/MyDrive/dataset/CyAUG-Dataset/Black_Soil/188.jpg
Sandy,6.4,56,27,24,31,Drip,95,Groundnut,Wheat,Vegetables,Low,140,21,47,58383,/content/drive/MyDrive/dataset/CyAUG-Dataset/Black_Soil/24a.jpg
Loamy,7.31,22,20,47,50,Sprinkler,67,Wheat,Sugarcane,Maize,High,86,32,80,64821,/content/drive/MyDrive/dataset/CyAUG-Dataset/Black_Soil/183.jpg
Sandy,6.49,32,37,27,44,Sprinkler,84,Vegetables,Vegetables,Soybean,Medium,107,35,52,77926,/content/drive/MyDrive/dataset/CyAUG-Dataset/Black_Soil/188c.jpg
Sandy,6.24,24,30,33,53,Flood,61,Groundnut,Maize,Groundnut,Low,103,31,58,20105,/content/drive/MyDrive/dataset/CyAUG-Dataset/Black_Soil/128.jpg
Sandy,6.53,23,35,35,56,Flood,67,Millet,Soybean,Soybean,Low,150,31,47,22769,/content/drive/MyDrive/dataset/CyAUG-Dataset/Black_Soil/124.jpg
Sandy,6.12,21,34,36,67,Drip,79,Wheat,Soybean,Wheat,Low,77,31,60,78794,/content/drive/MyDrive/dataset/CyAUG-Dataset/Black_Soil/178.jpg
Loamy,6.09,51,35,39,79,Drip,73,Rice,Sugarcane,Sugarcane,Low,174,33,67,78598,/content/drive/MyDrive/dataset/CyAUG-Dataset/Black_Soil/41.jpg
Clay,6.12,59,29,41,50,Drip,59,Vegetables,Rice,Groundnut,Medium,168,24,55,64600,/content/drive/MyDrive/dataset/CyAUG-Dataset/Black_Soil/157a.jpg
Loamy,6.68,26,18,39,79,Drip,65,Cotton,Soybean,Vegetables,High,58,22,86,62306,/content/drive/MyDrive/dataset/CyAUG-Dataset/Black_Soil/192.jpg
Sandy,6.36,32,37,36,62,Sprinkler,56,Cotton,Millet,Vegetables,Medium,87,26,66,71558,/content/drive/MyDrive/dataset/CyAUG-Dataset/Black_Soil/169.jpg
Silty,6.29,44,23,39,80,Drip,71,Cotton,Groundnut,Maize,Low,130,31,66,47117,/content/drive/MyDrive/dataset/CyAUG-Dataset/Black_Soil/128c.jpg
Clay,6.07,24,24,24,72,Sprinkler,71,Groundnut,Groundnut,Sugarcane,Medium,192,21,83,44964,/content/drive/MyDrive/dataset/CyAUG-Dataset/Black_Soil/141.jpg
Loamy,5.72,47,27,27,73,Flood,73,Rice,Groundnut,Groundnut,Medium,176,31,54,76377,/content/drive/MyDrive/dataset/CyAUG-Dataset/Black_Soil/28.jpg
Sandy,6.82,27,35,24,58,Sprinkler,71,Wheat,Wheat,Groundnut,Medium,151,32,58,27698,/content/drive/MyDrive/dataset/CyAUG-Dataset/Black_Soil/196.jpg
Loamy,6.25,52,25,43,32,Flood,54,Groundnut,Rice,Wheat,Low,99,29,56,29390,/content/drive/MyDrive/dataset/CyAUG-Dataset/Black_Soil/224.jpg
Silty,6.37,36,21,44,48,Sprinkler,70,Barley,Rice,Sugarcane,High,117,34,43,73456,/content/drive/MyDrive/dataset/CyAUG-Dataset/Black_Soil/184.jpg
Sandy,5.8,23,16,38,56,Drip,73,Sugarcane,Maize,Millet,High,121,30,49,29479,/content/drive/MyDrive/dataset/CyAUG-Dataset/Black_Soil/134a.jpg
Sandy,6.0,43,17,44,44,Sprinkler,87,Cotton,Barley,Vegetables,Medium,148,20,85,48632,/content/drive/MyDrive/dataset/CyAUG-Dataset/Black_Soil/200.jpg
Clay,5.61,30,19,36,80,Sprinkler,56,Barley,Maize,Millet,Low,101,28,65,36392,/content/drive/MyDrive/dataset/CyAUG-Dataset/Black_Soil/45.jpg
Sandy,7.14,55,29,38,57,Flood,60,Soybean,Soybean,Cotton,Low,73,34,50,29644,/content/drive/MyDrive/dataset/CyAUG-Dataset/Black_Soil/21.jpg
Sandy,6.06,39,15,30,63,Sprinkler,85,Wheat,Vegetables,Wheat,High,199,24,43,36951,/content/drive/MyDrive/dataset/CyAUG-Dataset/Black_Soil/218c.jpg
Loamy,6.26,29,18,25,67,Drip,88,Groundnut,Groundnut,Wheat,Medium,173,34,76,79101,/content/drive/MyDrive/dataset/CyAUG-Dataset/Black_Soil/12.jpg
Loamy,7.37,27,18,24,54,Drip,56,Wheat,Groundnut,Barley,Medium,73,24,77,25340,/content/drive/MyDrive/dataset/CyAUG-Dataset/Black_Soil/23.jpg
Silty,6.81,22,18,43,64,Sprinkler,94,Cotton,Barley,Soybean,High,186,22,77,24238,/content/drive/MyDrive/dataset/CyAUG-Dataset/Black_Soil/122.jpg
Loamy,5.76,55,39,37,43,Sprinkler,60,Soybean,Rice,Millet,Low,166,35,73,22733,/content/drive/MyDrive/dataset/CyAUG-Dataset/Black_Soil/190.jpg
Sandy,5.83,22,23,27,80,Flood,67,Wheat,Wheat,Maize,Medium,187,27,46,62085,/content/drive/MyDrive/dataset/CyAUG-Dataset/Black_Soil/27.jpg
Sandy,7.28,23,29,46,55,Sprinkler,71,Vegetables,Barley,Millet,Medium,104,31,57,39645,/content/drive/MyDrive/dataset/CyAUG-Dataset/Black_Soil/184a.jpg
Loamy,6.58,37,22,47,31,Drip,94,Rice,Sugarcane,Vegetables,Low,53,22,52,31606,/content/drive/MyDrive/dataset/CyAUG-Dataset/Black_Soil/125.jpg
Silty,7.38,54,35,30,80,Sprinkler,75,Sugarcane,Groundnut,Rice,Medium,108,29,42,32597,/content/drive/MyDrive/dataset/CyAUG-Dataset/Black_Soil/207.jpg
Loamy,5.9,33,31,47,50,Drip,66,Millet,Cotton,Sugarcane,High,147,35,62,42804,/content/drive/MyDrive/dataset/CyAUG-Dataset/Black_Soil/139.jpg
Silty,6.76,32,32,38,65,Drip,59,Maize,Maize,Vegetables,Medium,145,34,71,45843,/content/drive/MyDrive/dataset/CyAUG-Dataset/Black_Soil/18.jpg
Loamy,6.02,50,19,46,35,Sprinkler,51,Groundnut,Wheat,Vegetables,Medium,137,23,46,36625,/content/drive/MyDrive/dataset/CyAUG-Dataset/Black_Soil/171.jpg
Silty,7.42,47,19,45,51,Sprinkler,85,Millet,Rice,Millet,High,155,29,46,78205,/content/drive/MyDrive/dataset/CyAUG-Dataset/Black_Soil/159.jpg
Clay,5.85,23,16,21,62,Drip,69,Barley,Barley,Millet,Medium,176,34,68,67655,/content/drive/MyDrive/dataset/CyAUG-Dataset/Black_Soil/151.jpg
Loamy,7.13,22,21,31,30,Drip,79,Cotton,Groundnut,Millet,Low,176,23,73,60512,/content/drive/MyDrive/dataset/CyAUG-Dataset/Black_Soil/218.jpg
Loamy,6.22,41,30,50,72,Flood,56,Wheat,Cotton,Vegetables,High,196,26,50,59328,/content/drive/MyDrive/dataset/CyAUG-Dataset/Black_Soil/143.jpg
Silty,6.18,51,39,46,78,Drip,65,Wheat,Barley,Cotton,High,66,34,53,77523,/content/drive/MyDrive/dataset/CyAUG-Dataset/Black_Soil/34.jpg
Silty,6.82,43,28,49,77,Sprinkler,52,Groundnut,Barley,Groundnut,High,189,20,87,48745,/content/drive/MyDrive/dataset/CyAUG-Dataset/Black_Soil/142.jpg
Silty,6.77,41,27,32,79,Flood,93,Vegetables,Barley,Maize,High,151,30,48,52739,/content/drive/MyDrive/dataset/CyAUG-Dataset/Black_Soil/121.jpg
Sandy,5.57,28,32,35,52,Drip,53,Sugarcane,Rice,Cotton,High,157,21,50,72006,/content/drive/MyDrive/dataset/CyAUG-Dataset/Black_Soil/174a.jpg
Silty,6.29,40,30,30,57,Sprinkler,51,Millet,Cotton,Barley,Medium,82,35,71,67835,/content/drive/MyDrive/dataset/CyAUG-Dataset/Black_Soil/195.jpg
Sandy,6.15,26,28,47,39,Sprinkler,77,Wheat,Soybean,Sugarcane,Medium,66,21,82,31282,/content/drive/MyDrive/dataset/CyAUG-Dataset/Black_Soil/223.jpg
Clay,6.23,41,22,44,51,Drip,75,Cotton,Soybean,Rice,Medium,69,35,86,62794,/content/drive/MyDrive/dataset/CyAUG-Dataset/Black_Soil/194.jpg
Loamy,5.93,31,16,44,80,Drip,92,Cotton,Sugarcane,Barley,Medium,150,32,88,36095,/content/drive/MyDrive/dataset/CyAUG-Dataset/Black_Soil/148.jpg
Loamy,6.17,46,38,23,63,Drip,60,Cotton,Rice,Vegetables,Medium,195,35,67,75932,/content/drive/MyDrive/dataset/CyAUG-Dataset/Black_Soil/157.jpg
Sandy,7.11,42,16,22,49,Flood,79,Cotton,Groundnut,Rice,Medium,172,28,55,59194,/content/drive/MyDrive/dataset/CyAUG-Dataset/Black_Soil/185.jpg
Loamy,6.14,46,38,35,36,Flood,90,Groundnut,Barley,Sugarcane,Low,189,20,85,66767,/content/drive/MyDrive/dataset/CyAUG-Dataset/Black_Soil/131.jpg
Loamy,6.08,53,36,33,66,Flood,81,Rice,Wheat,Millet,Medium,71,34,65,74515,/content/drive/MyDrive/dataset/CyAUG-Dataset/Black_Soil/3.jpg
Clay,6.33,22,18,33,39,Flood,75,Millet,Wheat,Millet,Medium,67,29,77,39858,/content/drive/MyDrive/dataset/CyAUG-Dataset/Black_Soil/164.jpg
Silty,5.66,31,32,43,60,Flood,65,Barley,Groundnut,Cotton,Low,81,20,65,69744,/content/drive/MyDrive/dataset/CyAUG-Dataset/Black_Soil/16.jpg
Clay,6.55,26,18,25,51,Drip,71,Cotton,Millet,Rice,High,179,21,55,35602,/content/drive/MyDrive/dataset/CyAUG-Dataset/Black_Soil/205.jpg
Silty,7.17,46,25,28,44,Drip,79,Maize,Sugarcane,Groundnut,Low,175,31,48,27315,/content/drive/MyDrive/dataset/CyAUG-Dataset/Black_Soil/26.jpg
Loamy,5.83,20,28,20,50,Drip,86,Rice,Soybean,Cotton,High,101,35,54,35254,/content/drive/MyDrive/dataset/CyAUG-Dataset/Black_Soil/191.jpg
Sandy,6.25,27,29,28,80,Drip,92,Rice,Cotton,Cotton,Low,101,31,86,27848,/content/drive/MyDrive/dataset/CyAUG-Dataset/Black_Soil/203.jpg
Silty,6.68,55,24,32,51,Flood,54,Wheat,Sugarcane,Barley,High,178,32,46,67643,/content/drive/MyDrive/dataset/CyAUG-Dataset/Black_Soil/147.jpg
Clay,7.38,27,39,32,74,Drip,66,Rice,Rice,Vegetables,Medium,141,23,56,72676,/content/drive/MyDrive/dataset/CyAUG-Dataset/Black_Soil/26a.jpg
Sandy,6.8,36,34,24,67,Drip,81,Rice,Cotton,Millet,Low,195,27,50,20094,/content/drive/MyDrive/dataset/CyAUG-Dataset/Black_Soil/33.jpg
Silty,7.19,37,30,44,79,Sprinkler,94,Maize,Vegetables,Vegetables,High,90,28,80,34894,/content/drive/MyDrive/dataset/CyAUG-Dataset/Black_Soil/15.jpg
Sandy,7.03,20,23,27,79,Flood,68,Cotton,Wheat,Millet,High,156,33,70,52564,/content/drive/MyDrive/dataset/CyAUG-Dataset/Black_Soil/129.jpg
Loamy,7.22,54,18,50,30,Flood,88,Maize,Vegetables,Cotton,Low,193,22,71,46988,/content/drive/MyDrive/dataset/CyAUG-Dataset/Black_Soil/126.jpg
Clay,6.12,48,25,35,51,Drip,66,Cotton,Millet,Cotton,Low,95,27,40,59941,/content/drive/MyDrive/dataset/CyAUG-Dataset/Black_Soil/136.jpg
Silty,6.61,57,34,33,44,Sprinkler,76,Wheat,Millet,Barley,Low,194,30,50,50738,/content/drive/MyDrive/dataset/CyAUG-Dataset/Black_Soil/140a.jpg
Sandy,5.95,60,26,32,36,Sprinkler,59,Barley,Groundnut,Barley,Medium,95,29,88,31087,/content/drive/MyDrive/dataset/CyAUG-Dataset/Black_Soil/156.jpg
Silty,6.67,41,39,27,53,Flood,84,Cotton,Vegetables,Maize,High,154,26,75,57059,/content/drive/MyDrive/dataset/CyAUG-Dataset/Black_Soil/48.jpg
Sandy,7.12,38,29,26,57,Drip,77,Groundnut,Groundnut,Maize,Medium,163,26,44,64955,/content/drive/MyDrive/dataset/CyAUG-Dataset/Black_Soil/202.jpg
Clay,6.2,37,29,21,77,Flood,88,Cotton,Rice,Barley,High,189,26,62,74336,/content/drive/MyDrive/dataset/CyAUG-Dataset/Black_Soil/119.jpg
Clay,7.2,52,21,33,60,Drip,78,Soybean,Soybean,Barley,Low,130,24,58,29514,/content/drive/MyDrive/dataset/CyAUG-Dataset/Black_Soil/164a.jpg
Silty,6.17,57,26,43,41,Sprinkler,74,Soybean,Millet,Millet,High,77,31,52,31739,/content/drive/MyDrive/dataset/CyAUG-Dataset/Black_Soil/221.jpg
Sandy,7.29,52,18,49,56,Flood,56,Soybean,Maize,Rice,Low,93,22,73,62013,/content/drive/MyDrive/dataset/CyAUG-Dataset/Black_Soil/166.jpg
Clay,5.86,46,32,38,60,Flood,61,Barley,Wheat,Millet,High,92,32,72,70938,/content/drive/MyDrive/dataset/CyAUG-Dataset/Black_Soil/188b.jpg
Sandy,6.54,32,19,50,40,Sprinkler,85,Barley,Rice,Groundnut,Medium,122,33,75,75553,/content/drive/MyDrive/dataset/CyAUG-Dataset/Black_Soil/128b.jpg
Clay,6.74,60,40,20,57,Sprinkler,54,Sugarcane,Cotton,Vegetables,High,158,33,56,70654,/content/drive/MyDrive/dataset/CyAUG-Dataset/Black_Soil/128a.jpg
Sandy,6.51,46,37,35,51,Flood,73,Cotton,Cotton,Soybean,High,121,23,43,79567,/content/drive/MyDrive/dataset/CyAUG-Dataset/Black_Soil/13a.jpg
Loamy,6.18,21,26,22,52,Flood,77,Barley,Millet,Cotton,High,174,26,77,75834,/content/drive/MyDrive/dataset/CyAUG-Dataset/Black_Soil/146.jpg
Clay,6.02,41,15,45,49,Flood,65,Vegetables,Wheat,Barley,Low,89,22,44,56974,/content/drive/MyDrive/dataset/CyAUG-Dataset/Black_Soil/46.jpg
Clay,6.19,60,30,37,59,Flood,87,Millet,Millet,Sugarcane,Low,143,30,76,64039,/content/drive/MyDrive/dataset/CyAUG-Dataset/Black_Soil/167a.jpg
Sandy,5.84,60,17,23,60,Sprinkler,67,Vegetables,Barley,Soybean,Low,185,33,43,61823,/content/drive/MyDrive/dataset/CyAUG-Dataset/Black_Soil/213.jpg
Silty,6.39,59,16,36,44,Flood,50,Vegetables,Sugarcane,Maize,Low,53,20,57,76469,/content/drive/MyDrive/dataset/CyAUG-Dataset/Black_Soil/214.jpg
Clay,7.44,33,37,34,78,Flood,73,Maize,Groundnut,Soybean,Low,94,31,49,61285,/content/drive/MyDrive/dataset/CyAUG-Dataset/Black_Soil/268.jpg
Clay,7.38,41,22,22,49,Flood,52,Groundnut,Maize,Groundnut,Medium,164,35,79,38339,/content/drive/MyDrive/dataset/CyAUG-Dataset/Black_Soil/212.jpg
Sandy,5.5,26,33,35,51,Drip,90,Wheat,Rice,Wheat,Medium,110,33,44,62090,/content/drive/MyDrive/dataset/CyAUG-Dataset/Black_Soil/140.jpg
Silty,7.4,21,25,35,56,Sprinkler,86,Vegetables,Groundnut,Barley,Medium,150,24,84,46761,/content/drive/MyDrive/dataset/CyAUG-Dataset/Black_Soil/209.jpg
Silty,7.09,40,27,26,42,Sprinkler,88,Millet,Groundnut,Maize,Medium,130,35,59,34684,/content/drive/MyDrive/dataset/CyAUG-Dataset/Black_Soil/176a.jpg
Loamy,7.0,51,26,20,77,Flood,67,Barley,Wheat,Groundnut,Medium,133,25,43,33776,/content/drive/MyDrive/dataset/CyAUG-Dataset/Black_Soil/39.jpg
Loamy,7.0,38,38,20,41,Sprinkler,58,Cotton,Wheat,Soybean,High,86,28,77,51372,/content/drive/MyDrive/dataset/CyAUG-Dataset/Black_Soil/180.jpg
Silty,6.7,26,31,36,38,Sprinkler,60,Barley,Soybean,Vegetables,Low,95,20,74,46456,/content/drive/MyDrive/dataset/CyAUG-Dataset/Black_Soil/197.jpg
Loamy,6.5,57,33,23,71,Drip,56,Cotton,Rice,Sugarcane,Medium,142,28,60,78175,/content/drive/MyDrive/dataset/CyAUG-Dataset/Black_Soil/47.jpg
Silty,6.21,43,36,50,40,Drip,60,Maize,Rice,Vegetables,High,89,24,41,41844,/content/drive/MyDrive/dataset/CyAUG-Dataset/Black_Soil/149.jpg
Clay,6.3,27,39,25,50,Drip,57,Maize,Soybean,Maize,Low,123,30,69,31847,/content/drive/MyDrive/dataset/CyAUG-Dataset/Black_Soil/20a.jpg
Sandy,6.29,46,17,45,76,Drip,52,Maize,Rice,Sugarcane,High,89,33,63,69678,/content/drive/MyDrive/dataset/CyAUG-Dataset/Black_Soil/43.jpg
Silty,7.08,43,27,23,62,Drip,74,Soybean,Soybean,Groundnut,High,150,23,46,50012,/content/drive/MyDrive/dataset/CyAUG-Dataset/Black_Soil/222.jpg
Sandy,5.73,50,24,46,46,Drip,50,Wheat,Soybean,Soybean,Low,176,21,53,36301,/content/drive/MyDrive/dataset/CyAUG-Dataset/Black_Soil/40.jpg
Loamy,6.35,46,37,38,30,Sprinkler,61,Groundnut,Rice,Groundnut,High,176,22,89,67460,/content/drive/MyDrive/dataset/CyAUG-Dataset/Black_Soil/211.jpg
Clay,6.04,39,37,20,31,Flood,91,Rice,Cotton,Maize,High,76,33,66,64667,/content/drive/MyDrive/dataset/CyAUG-Dataset/Black_Soil/29.jpg
Clay,5.79,53,21,35,45,Sprinkler,58,Sugarcane,Vegetables,Soybean,Medium,87,20,43,48320,/content/drive/MyDrive/dataset/CyAUG-Dataset/Black_Soil/182.jpg
Clay,7.09,44,26,28,80,Sprinkler,59,Rice,Vegetables,Cotton,Medium,154,33,46,37905,/content/drive/MyDrive/dataset/CyAUG-Dataset/Black_Soil/208.jpg
Loamy,5.8,30,20,32,45,Sprinkler,72,Vegetables,Cotton,Cotton,Low,71,32,86,43276,/content/drive/MyDrive/dataset/CyAUG-Dataset/Black_Soil/158.jpg
Silty,5.88,50,38,41,38,Sprinkler,64,Cotton,Barley,Wheat,Low,101,25,74,79598,/content/drive/MyDrive/dataset/CyAUG-Dataset/Black_Soil/188a.jpg
Sandy,6.99,51,33,24,36,Drip,59,Soybean,Barley,Soybean,High,57,24,85,29988,/content/drive/MyDrive/dataset/CyAUG-Dataset/Black_Soil/170.jpg
Silty,6.88,33,23,24,70,Flood,64,Barley,Sugarcane,Sugarcane,High,65,29,61,48421,/content/drive/MyDrive/dataset/CyAUG-Dataset/Black_Soil/177.jpg
Silty,5.75,40,17,28,60,Drip,93,Soybean,Millet,Groundnut,Low,100,29,85,72266,/content/drive/MyDrive/dataset/CyAUG-Dataset/Black_Soil/220.jpg
Clay,7.43,28,15,50,49,Drip,62,Rice,Soybean,Rice,Medium,61,30,69,53356,/content/drive/MyDrive/dataset/CyAUG-Dataset/Black_Soil/167.jpg
Sandy,7.15,23,28,20,61,Sprinkler,61,Cotton,Soybean,Soybean,High,62,34,68,44955,/content/drive/MyDrive/dataset/CyAUG-Dataset/Black_Soil/144.jpg
Silty,6.49,36,35,40,73,Drip,85,Sugarcane,Soybean,Wheat,High,81,28,80,73629,/content/drive/MyDrive/dataset/CyAUG-Dataset/Black_Soil/179.jpg
Sandy,5.86,60,38,40,39,Flood,89,Millet,Sugarcane,Wheat,High,87,32,47,21073,/content/drive/MyDrive/dataset/CyAUG-Dataset/Black_Soil/163.jpg
Loamy,5.71,41,24,46,51,Flood,89,Sugarcane,Sugarcane,Soybean,Low,158,25,61,25539,/content/drive/MyDrive/dataset/CyAUG-Dataset/Black_Soil/133.jpg
Clay,6.35,45,25,41,51,Drip,75,Millet,Vegetables,Maize,Low,187,22,57,25567,/content/drive/MyDrive/dataset/CyAUG-Dataset/Black_Soil/215.jpg
Sandy,7.18,34,21,26,30,Drip,88,Sugarcane,Cotton,Soybean,Medium,110,25,77,23714,/content/drive/MyDrive/dataset/CyAUG-Dataset/Black_Soil/162.jpg
Loamy,5.52,49,23,21,41,Flood,62,Soybean,Barley,Millet,Medium,147,29,65,51725,/content/drive/MyDrive/dataset/CyAUG-Dataset/Black_Soil/13.jpg
Silty,6.91,22,19,31,36,Flood,67,Soybean,Groundnut,Wheat,High,189,29,75,76443,/content/drive/MyDrive/dataset/CyAUG-Dataset/Black_Soil/150.jpg
Clay,6.76,29,34,45,58,Flood,58,Cotton,Maize,Soybean,Medium,105,31,49,38118,/content/drive/MyDrive/dataset/CyAUG-Dataset/Black_Soil/123.jpg
Silty,5.61,37,23,31,31,Sprinkler,87,Vegetables,Soybean,Wheat,Medium,96,24,86,36778,/content/drive/MyDrive/dataset/CyAUG-Dataset/Black_Soil/49.jpg
Loamy,7.2,59,24,23,65,Sprinkler,52,Vegetables,Wheat,Millet,High,55,20,43,37273,/content/drive/MyDrive/dataset/CyAUG-Dataset/Black_Soil/160.jpg
Silty,6.21,48,39,33,32,Drip,85,Rice,Wheat,Vegetables,Medium,103,32,42,31980,/content/drive/MyDrive/dataset/CyAUG-Dataset/Black_Soil/4.jpg
Loamy,6.27,21,32,44,52,Drip,61,Wheat,Wheat,Soybean,Medium,145,29,56,78124,/content/drive/MyDrive/dataset/CyAUG-Dataset/Black_Soil/171a.jpg
Silty,6.17,43,32,49,59,Flood,85,Rice,Soybean,Millet,Low,199,35,67,76288,/content/drive/MyDrive/dataset/CyAUG-Dataset/Black_Soil/206.jpg
Clay,7.18,45,40,23,53,Drip,68,Maize,Maize,Cotton,High,161,35,71,41813,/content/drive/MyDrive/dataset/CyAUG-Dataset/Black_Soil/168.jpg
Sandy,6.97,53,18,47,58,Flood,94,Wheat,Millet,Barley,Medium,63,21,54,39194,/content/drive/MyDrive/dataset/CyAUG-Dataset/Black_Soil/21a.jpg
Silty,5.75,60,28,42,61,Drip,81,Wheat,Cotton,Groundnut,Medium,194,33,81,71061,/content/drive/MyDrive/dataset/CyAUG-Dataset/Black_Soil/120.jpg
Silty,5.57,32,34,26,78,Sprinkler,61,Barley,Millet,Sugarcane,Low,90,30,53,52085,/content/drive/MyDrive/dataset/CyAUG-Dataset/Black_Soil/31.jpg
Sandy,7.07,39,35,41,38,Flood,81,Millet,Groundnut,Soybean,Low,83,27,73,70009,/content/drive/MyDrive/dataset/CyAUG-Dataset/Black_Soil/32.jpg
Loamy,6.38,35,40,45,31,Drip,75,Sugarcane,Rice,Maize,Medium,71,23,60,41445,/content/drive/MyDrive/dataset/CyAUG-Dataset/Black_Soil/25.jpg
Clay,6.08,31,20,40,55,Sprinkler,91,Barley,Rice,Barley,High,124,25,78,79199,/content/drive/MyDrive/dataset/CyAUG-Dataset/Black_Soil/135.jpg
Loamy,6.15,29,34,38,56,Drip,89,Soybean,Cotton,Maize,Medium,112,31,80,26137,/content/drive/MyDrive/dataset/CyAUG-Dataset/Black_Soil/210.jpg
Silty,7.09,40,33,33,45,Sprinkler,56,Wheat,Barley,Maize,Medium,83,25,82,32089,/content/drive/MyDrive/dataset/CyAUG-Dataset/Black_Soil/137.jpg
Silty,6.75,44,35,27,63,Flood,80,Vegetables,Barley,Cotton,High,91,22,45,50238,/content/drive/MyDrive/dataset/CyAUG-Dataset/Black_Soil/155.jpg
Clay,5.79,33,38,28,72,Drip,91,Wheat,Soybean,Maize,Medium,179,33,56,62452,/content/drive/MyDrive/dataset/CyAUG-Dataset/Black_Soil/37.jpg
Sandy,5.97,32,31,20,50,Flood,70,Wheat,Maize,Wheat,High,145,23,71,71487,/content/drive/MyDrive/dataset/CyAUG-Dataset/Black_Soil/218b.jpg
Clay,7.18,57,39,36,38,Sprinkler,95,Cotton,Rice,Groundnut,Low,132,31,59,25425,/content/drive/MyDrive/dataset/CyAUG-Dataset/Black_Soil/132.jpg
Clay,5.96,24,30,49,30,Drip,89,Soybean,Soybean,Cotton,Medium,50,34,43,44601,/content/drive/MyDrive/dataset/CyAUG-Dataset/Black_Soil/44.jpg
Clay,7.25,55,36,22,36,Flood,67,Vegetables,Maize,Vegetables,High,95,24,48,78974,/content/drive/MyDrive/dataset/CyAUG-Dataset/Black_Soil/176.jpg
Loamy,6.0,33,36,22,75,Flood,82,Maize,Wheat,Vegetables,Medium,173,28,53,24408,/content/drive/MyDrive/dataset/CyAUG-Dataset/Black_Soil/217.jpg
Sandy,5.65,36,37,25,56,Sprinkler,50,Millet,Millet,Vegetables,High,124,20,79,23642,/content/drive/MyDrive/dataset/CyAUG-Dataset/Black_Soil/35.jpg
Sandy,6.57,40,33,39,51,Sprinkler,64,Groundnut,Cotton,Vegetables,Low,52,22,60,74982,/content/drive/MyDrive/dataset/CyAUG-Dataset/Black_Soil/22.jpg
Silty,5.53,42,29,46,53,Drip,95,Rice,Barley,Rice,High,77,27,75,34329,/content/drive/MyDrive/dataset/CyAUG-Dataset/Black_Soil/127a.jpg
Loamy,7.46,30,36,37,30,Drip,59,Sugarcane,Groundnut,Groundnut,Medium,166,21,84,56446,/content/drive/MyDrive/dataset/CyAUG-Dataset/Black_Soil/17.jpg
Silty,6.54,47,22,26,42,Flood,78,Cotton,Sugarcane,Groundnut,High,112,32,77,66732,/content/drive/MyDrive/dataset/CyAUG-Dataset/Yellow_Soil/y (1349).jpeg
Silty,6.9,25,31,32,63,Flood,54,Maize,Soybean,Barley,Medium,198,28,64,50164,/content/drive/MyDrive/dataset/CyAUG-Dataset/Yellow_Soil/y (1607).jpeg
Sandy,6.78,41,38,34,64,Drip,60,Vegetables,Wheat,Soybean,Medium,137,30,87,23995,/content/drive/MyDrive/dataset/CyAUG-Dataset/Yellow_Soil/75.jpg
Silty,6.2,35,36,42,36,Drip,58,Rice,Sugarcane,Groundnut,Low,85,29,85,65520,/content/drive/MyDrive/dataset/CyAUG-Dataset/Yellow_Soil/y (1404).jpeg
Silty,6.32,41,24,43,59,Drip,69,Vegetables,Groundnut,Rice,Low,66,25,44,28327,/content/drive/MyDrive/dataset/CyAUG-Dataset/Yellow_Soil/y (1591).jpeg
Loamy,6.73,56,40,46,55,Sprinkler,80,Rice,Millet,Maize,Medium,192,34,56,20249,/content/drive/MyDrive/dataset/CyAUG-Dataset/Yellow_Soil/y (1448).jpeg
Sandy,7.05,58,15,28,38,Flood,58,Rice,Groundnut,Millet,High,145,20,89,39038,/content/drive/MyDrive/dataset/CyAUG-Dataset/Yellow_Soil/39.jpg
Clay,7.21,30,26,20,64,Sprinkler,60,Wheat,Sugarcane,Barley,High,59,26,90,62307,/content/drive/MyDrive/dataset/CyAUG-Dataset/Yellow_Soil/1.jpg
Sandy,7.49,33,21,21,51,Drip,62,Barley,Soybean,Sugarcane,Low,83,33,73,77963,/content/drive/MyDrive/dataset/CyAUG-Dataset/Yellow_Soil/y (1445).jpeg
Silty,7.38,22,23,45,50,Sprinkler,63,Rice,Maize,Cotton,Low,98,32,76,44816,/content/drive/MyDrive/dataset/CyAUG-Dataset/Yellow_Soil/41c.jpg
Sandy,6.07,33,15,29,32,Sprinkler,53,Vegetables,Barley,Cotton,Medium,180,29,42,23552,/content/drive/MyDrive/dataset/CyAUG-Dataset/Yellow_Soil/y (1519).jpeg
Silty,7.4,29,27,44,46,Drip,64,Cotton,Vegetables,Wheat,High,141,30,82,74003,/content/drive/MyDrive/dataset/CyAUG-Dataset/Yellow_Soil/y (1383).jpeg
Clay,6.99,51,24,30,59,Drip,59,Sugarcane,Soybean,Sugarcane,Low,188,27,89,49303,/content/drive/MyDrive/dataset/CyAUG-Dataset/Yellow_Soil/y (1330).jpeg
Loamy,6.4,34,17,20,71,Sprinkler,94,Soybean,Cotton,Cotton,Low,159,33,71,37678,/content/drive/MyDrive/dataset/CyAUG-Dataset/Yellow_Soil/y (1462).jpeg
Clay,6.21,35,22,26,50,Drip,62,Millet,Cotton,Maize,Low,162,28,81,77410,/content/drive/MyDrive/dataset/CyAUG-Dataset/Yellow_Soil/30.jpg
Loamy,6.54,26,39,30,31,Flood,71,Vegetables,Maize,Vegetables,High,171,30,84,67736,/content/drive/MyDrive/dataset/CyAUG-Dataset/Yellow_Soil/62.jpg
Silty,6.28,35,16,32,56,Flood,50,Cotton,Millet,Millet,Low,141,33,55,59927,/content/drive/MyDrive/dataset/CyAUG-Dataset/Yellow_Soil/y (1524).jpeg
Sandy,6.5,46,35,38,65,Drip,64,Rice,Groundnut,Cotton,Low,77,31,71,66460,/content/drive/MyDrive/dataset/CyAUG-Dataset/Yellow_Soil/y (1266).jpeg
Silty,5.99,36,25,38,69,Drip,59,Maize,Sugarcane,Millet,Low,122,32,70,40855,/content/drive/MyDrive/dataset/CyAUG-Dataset/Yellow_Soil/y (1372).jpeg
Loamy,5.57,33,38,48,65,Sprinkler,68,Groundnut,Groundnut,Cotton,Low,99,34,84,41337,/content/drive/MyDrive/dataset/CyAUG-Dataset/Yellow_Soil/y (1223).jpeg
Sandy,5.96,42,28,31,30,Sprinkler,81,Groundnut,Rice,Millet,Low,80,32,65,53815,/content/drive/MyDrive/dataset/CyAUG-Dataset/Yellow_Soil/y (1315).jpeg
Silty,7.4,34,26,40,32,Flood,85,Groundnut,Cotton,Maize,Medium,199,34,85,45864,/content/drive/MyDrive/dataset/CyAUG-Dataset/Yellow_Soil/y (1386).jpeg
Silty,5.64,33,31,38,74,Sprinkler,62,Sugarcane,Barley,Vegetables,High,193,30,66,66755,/content/drive/MyDrive/dataset/CyAUG-Dataset/Yellow_Soil/y (1379).jpeg
Loamy,5.95,42,21,36,67,Sprinkler,92,Millet,Soybean,Rice,High,163,32,60,50302,/content/drive/MyDrive/dataset/CyAUG-Dataset/Yellow_Soil/y (1215).jpeg
Silty,6.7,32,17,32,54,Sprinkler,58,Millet,Millet,Vegetables,Low,175,26,41,28852,/content/drive/MyDrive/dataset/CyAUG-Dataset/Yellow_Soil/y (1370).jpeg
Sandy,7.39,22,33,25,80,Sprinkler,94,Vegetables,Barley,Rice,Medium,147,32,42,78204,/content/drive/MyDrive/dataset/CyAUG-Dataset/Yellow_Soil/y (1367).jpeg
Loamy,7.14,20,39,25,33,Sprinkler,61,Barley,Vegetables,Vegetables,Medium,192,28,52,44202,/content/drive/MyDrive/dataset/CyAUG-Dataset/Yellow_Soil/y (1358).jpeg
Loamy,7.0,41,32,35,55,Sprinkler,91,Sugarcane,Wheat,Groundnut,Low,177,27,73,43097,/content/drive/MyDrive/dataset/CyAUG-Dataset/Yellow_Soil/y (1277).jpeg
Silty,5.76,29,19,39,58,Flood,64,Barley,Soybean,Cotton,Low,95,25,82,42762,/content/drive/MyDrive/dataset/CyAUG-Dataset/Yellow_Soil/y (1420).jpeg
Sandy,5.53,56,19,26,37,Sprinkler,73,Sugarcane,Millet,Soybean,Medium,195,31,69,53334,/content/drive/MyDrive/dataset/CyAUG-Dataset/Yellow_Soil/81a.jpg
Sandy,6.58,51,36,38,78,Sprinkler,53,Maize,Vegetables,Groundnut,Medium,169,23,82,51583,/content/drive/MyDrive/dataset/CyAUG-Dataset/Yellow_Soil/y (1302).jpeg
Loamy,6.87,46,29,47,46,Drip,82,Cotton,Wheat,Groundnut,Medium,118,27,81,78855,/content/drive/MyDrive/dataset/CyAUG-Dataset/Yellow_Soil/83.jpg
Sandy,6.73,26,31,24,65,Sprinkler,95,Groundnut,Barley,Vegetables,Medium,167,32,55,65568,/content/drive/MyDrive/dataset/CyAUG-Dataset/Yellow_Soil/y (1447).jpeg
Silty,7.46,32,40,45,60,Drip,71,Vegetables,Barley,Maize,Medium,112,34,64,62299,/content/drive/MyDrive/dataset/CyAUG-Dataset/Yellow_Soil/y (1480).jpeg
Loamy,5.71,55,19,41,32,Flood,54,Wheat,Vegetables,Cotton,Low,79,29,65,37345,/content/drive/MyDrive/dataset/CyAUG-Dataset/Yellow_Soil/y (1374).jpeg
Sandy,5.7,60,36,30,64,Flood,55,Cotton,Wheat,Cotton,Low,56,28,40,65578,/content/drive/MyDrive/dataset/CyAUG-Dataset/Yellow_Soil/y (1276).jpeg
Clay,6.25,47,21,31,72,Drip,58,Barley,Maize,Maize,Medium,136,21,56,20611,/content/drive/MyDrive/dataset/CyAUG-Dataset/Yellow_Soil/y (1563).jpeg
Sandy,7.09,55,15,25,43,Sprinkler,52,Wheat,Millet,Millet,Low,82,29,64,46048,/content/drive/MyDrive/dataset/CyAUG-Dataset/Yellow_Soil/y (1319).jpeg
Loamy,6.96,38,17,45,62,Drip,54,Millet,Sugarcane,Millet,High,187,24,42,43965,/content/drive/MyDrive/dataset/CyAUG-Dataset/Yellow_Soil/y (1323).jpeg
Loamy,6.93,46,17,46,52,Flood,57,Maize,Vegetables,Maize,Medium,198,35,49,43284,/content/drive/MyDrive/dataset/CyAUG-Dataset/Yellow_Soil/y (1422).jpeg
Clay,6.49,23,20,33,38,Sprinkler,64,Soybean,Maize,Groundnut,High,59,31,77,56583,/content/drive/MyDrive/dataset/CyAUG-Dataset/Yellow_Soil/y (1567).jpeg
Silty,6.0,23,22,48,77,Flood,63,Sugarcane,Maize,Maize,High,199,30,47,32214,/content/drive/MyDrive/dataset/CyAUG-Dataset/Yellow_Soil/22a.jpg
Clay,5.93,41,28,44,50,Drip,53,Vegetables,Soybean,Barley,Medium,74,26,76,23005,/content/drive/MyDrive/dataset/CyAUG-Dataset/Yellow_Soil/10.jpg
Clay,7.12,39,20,42,32,Flood,87,Millet,Soybean,Cotton,Low,58,30,50,33601,/content/drive/MyDrive/dataset/CyAUG-Dataset/Yellow_Soil/y (1275).jpeg
Silty,7.06,42,27,37,54,Sprinkler,90,Groundnut,Sugarcane,Sugarcane,Medium,105,33,44,65594,/content/drive/MyDrive/dataset/CyAUG-Dataset/Yellow_Soil/y (1588).jpeg
Loamy,6.54,53,22,25,40,Sprinkler,94,Maize,Rice,Barley,Medium,135,34,64,57975,/content/drive/MyDrive/dataset/CyAUG-Dataset/Yellow_Soil/y (1439).jpeg
Clay,6.08,45,39,21,36,Drip,90,Wheat,Maize,Sugarcane,High,158,27,87,39219,/content/drive/MyDrive/dataset/CyAUG-Dataset/Yellow_Soil/81b.jpg
Silty,6.97,57,20,26,42,Flood,53,Maize,Sugarcane,Barley,Low,104,24,68,55450,/content/drive/MyDrive/dataset/CyAUG-Dataset/Yellow_Soil/y (1522).jpeg
Sandy,6.47,24,32,37,66,Sprinkler,50,Cotton,Maize,Vegetables,High,181,21,84,45051,/content/drive/MyDrive/dataset/CyAUG-Dataset/Yellow_Soil/y (1182).jpeg
Clay,7.35,36,37,27,49,Flood,81,Millet,Sugarcane,Soybean,High,160,30,72,49839,/content/drive/MyDrive/dataset/CyAUG-Dataset/Yellow_Soil/y (1235).jpeg
Loamy,7.4,35,30,33,44,Flood,82,Sugarcane,Groundnut,Rice,Medium,128,25,56,61444,/content/drive/MyDrive/dataset/CyAUG-Dataset/Yellow_Soil/19.jpg
Clay,6.09,34,40,25,57,Flood,77,Soybean,Rice,Vegetables,Medium,82,28,83,42825,/content/drive/MyDrive/dataset/CyAUG-Dataset/Yellow_Soil/y (1186).jpeg
Sandy,7.1,39,29,46,40,Flood,69,Barley,Sugarcane,Barley,High,98,21,47,51744,/content/drive/MyDrive/dataset/CyAUG-Dataset/Yellow_Soil/y (1413).jpeg
Sandy,5.86,54,17,24,39,Flood,63,Cotton,Barley,Rice,High,67,31,62,46417,/content/drive/MyDrive/dataset/CyAUG-Dataset/Yellow_Soil/y (1443).jpeg
Clay,5.53,52,22,22,35,Flood,65,Cotton,Barley,Sugarcane,High,147,32,46,36985,/content/drive/MyDrive/dataset/CyAUG-Dataset/Yellow_Soil/y (1296).jpeg
Loamy,5.96,34,30,30,40,Flood,80,Soybean,Barley,Wheat,Low,171,22,40,45994,/content/drive/MyDrive/dataset/CyAUG-Dataset/Yellow_Soil/y (1530).jpeg
Loamy,6.34,21,28,25,60,Drip,79,Barley,Wheat,Cotton,Low,195,33,40,58783,/content/drive/MyDrive/dataset/CyAUG-Dataset/Yellow_Soil/y (1169).jpeg
Sandy,7.33,20,17,33,55,Drip,94,Maize,Cotton,Vegetables,Medium,139,30,83,31727,/content/drive/MyDrive/dataset/CyAUG-Dataset/Yellow_Soil/y (1576).jpeg
Loamy,6.98,56,40,47,56,Sprinkler,88,Wheat,Sugarcane,Barley,Medium,148,22,59,38775,/content/drive/MyDrive/dataset/CyAUG-Dataset/Yellow_Soil/y (1569).jpeg
Sandy,6.25,30,16,29,67,Flood,82,Millet,Millet,Barley,High,93,23,51,64832,/content/drive/MyDrive/dataset/CyAUG-Dataset/Yellow_Soil/y (1286).jpeg
Silty,6.52,23,30,22,35,Sprinkler,84,Maize,Soybean,Sugarcane,High,59,28,86,34450,/content/drive/MyDrive/dataset/CyAUG-Dataset/Yellow_Soil/y (1472).jpeg
Clay,6.42,28,38,44,47,Flood,59,Rice,Barley,Vegetables,High,160,35,83,37319,/content/drive/MyDrive/dataset/CyAUG-Dataset/Yellow_Soil/y (1245).jpeg
Loamy,6.0,21,27,38,80,Drip,75,Sugarcane,Cotton,Barley,Medium,135,28,48,30086,/content/drive/MyDrive/dataset/CyAUG-Dataset/Yellow_Soil/y (1199).jpeg
Sandy,6.16,29,17,40,76,Drip,61,Soybean,Rice,Millet,High,169,21,88,58681,/content/drive/MyDrive/dataset/CyAUG-Dataset/Yellow_Soil/y (1590).jpeg
Loamy,6.2,46,19,38,60,Sprinkler,84,Soybean,Maize,Barley,Medium,159,32,72,50977,/content/drive/MyDrive/dataset/CyAUG-Dataset/Yellow_Soil/y (1460).jpeg
Clay,6.13,27,19,41,77,Flood,56,Vegetables,Millet,Wheat,High,197,30,59,75929,/content/drive/MyDrive/dataset/CyAUG-Dataset/Yellow_Soil/y (1321).jpeg
Sandy,6.61,22,21,45,80,Flood,84,Wheat,Soybean,Wheat,Low,149,28,61,37542,/content/drive/MyDrive/dataset/CyAUG-Dataset/Yellow_Soil/y (1555).jpeg
Sandy,6.63,47,16,41,69,Flood,88,Groundnut,Millet,Sugarcane,Medium,81,32,58,29412,/content/drive/MyDrive/dataset/CyAUG-Dataset/Yellow_Soil/y (1471).jpeg
Silty,7.15,24,28,31,61,Flood,76,Vegetables,Rice,Maize,High,200,22,65,46996,/content/drive/MyDrive/dataset/CyAUG-Dataset/Yellow_Soil/y (1602).jpeg
Clay,6.37,37,37,27,49,Drip,59,Wheat,Vegetables,Millet,Low,117,23,61,77947,/content/drive/MyDrive/dataset/CyAUG-Dataset/Yellow_Soil/y (1423).jpeg
Sandy,5.87,50,16,44,67,Drip,57,Sugarcane,Sugarcane,Sugarcane,Medium,68,33,79,42554,/content/drive/MyDrive/dataset/CyAUG-Dataset/Yellow_Soil/y (1388).jpeg
Clay,5.77,21,32,31,65,Sprinkler,76,Soybean,Maize,Soybean,Medium,62,26,41,69264,/content/drive/MyDrive/dataset/CyAUG-Dataset/Yellow_Soil/y (1354).jpeg
Sandy,6.68,48,31,48,58,Sprinkler,77,Soybean,Millet,Cotton,Low,152,20,41,36891,/content/drive/MyDrive/dataset/CyAUG-Dataset/Yellow_Soil/y (1537).jpeg
Loamy,6.4,58,21,45,31,Flood,67,Rice,Cotton,Rice,High,127,25,42,45094,/content/drive/MyDrive/dataset/CyAUG-Dataset/Yellow_Soil/49.jpg
Silty,7.48,24,17,35,68,Sprinkler,58,Soybean,Barley,Millet,Low,113,24,81,44094,/content/drive/MyDrive/dataset/CyAUG-Dataset/Yellow_Soil/y (1368).jpeg
Clay,6.39,48,26,39,48,Sprinkler,62,Barley,Wheat,Cotton,Medium,116,22,66,20521,/content/drive/MyDrive/dataset/CyAUG-Dataset/Yellow_Soil/y (1390).jpeg
Silty,6.05,60,19,32,59,Flood,59,Groundnut,Millet,Soybean,Medium,86,24,63,37336,/content/drive/MyDrive/dataset/CyAUG-Dataset/Yellow_Soil/y (1227).jpeg
Silty,6.69,30,21,33,70,Flood,81,Millet,Vegetables,Sugarcane,Medium,148,24,52,57609,/content/drive/MyDrive/dataset/CyAUG-Dataset/Yellow_Soil/y (1458).jpeg
Sandy,7.26,38,34,29,52,Drip,85,Maize,Groundnut,Cotton,High,79,27,80,23026,/content/drive/MyDrive/dataset/CyAUG-Dataset/Yellow_Soil/y (1209).jpeg
Clay,5.82,27,19,48,47,Drip,57,Millet,Barley,Wheat,Low,158,34,65,69577,/content/drive/MyDrive/dataset/CyAUG-Dataset/Yellow_Soil/y (1527).jpeg
Loamy,6.34,44,16,27,58,Drip,66,Rice,Millet,Rice,Low,160,34,40,66565,/content/drive/MyDrive/dataset/CyAUG-Dataset/Yellow_Soil/y (1365).jpeg
Sandy,5.86,48,36,47,63,Sprinkler,93,Sugarcane,Vegetables,Soybean,Medium,124,33,90,48602,/content/drive/MyDrive/dataset/CyAUG-Dataset/Yellow_Soil/y (1222).jpeg
Loamy,5.54,55,21,36,36,Flood,91,Wheat,Sugarcane,Cotton,High,92,24,51,41743,/content/drive/MyDrive/dataset/CyAUG-Dataset/Yellow_Soil/y (1257).jpeg
Loamy,6.46,43,34,29,64,Drip,84,Vegetables,Rice,Rice,Low,122,32,60,64205,/content/drive/MyDrive/dataset/CyAUG-Dataset/Yellow_Soil/y (1213).jpeg
Sandy,5.77,45,26,29,57,Sprinkler,56,Soybean,Barley,Cotton,High,53,24,52,36216,/content/drive/MyDrive/dataset/CyAUG-Dataset/Yellow_Soil/y (1429).jpeg
Sandy,5.66,23,34,46,48,Sprinkler,73,Maize,Vegetables,Sugarcane,High,68,34,64,63658,/content/drive/MyDrive/dataset/CyAUG-Dataset/Yellow_Soil/y (1599).jpeg
Clay,6.94,23,36,46,69,Sprinkler,66,Groundnut,Sugarcane,Soybean,High,162,25,65,49114,/content/drive/MyDrive/dataset/CyAUG-Dataset/Yellow_Soil/y (1578).jpeg
Loamy,6.59,46,22,50,77,Drip,74,Millet,Vegetables,Barley,Medium,191,33,49,77036,/content/drive/MyDrive/dataset/CyAUG-Dataset/Yellow_Soil/y (1559).jpeg
Loamy,6.37,43,16,50,37,Drip,86,Wheat,Cotton,Wheat,High,177,24,58,53177,/content/drive/MyDrive/dataset/CyAUG-Dataset/Yellow_Soil/y (1229).jpeg
Sandy,5.98,23,37,47,75,Sprinkler,89,Sugarcane,Wheat,Sugarcane,Medium,68,35,72,61751,/content/drive/MyDrive/dataset/CyAUG-Dataset/Yellow_Soil/y (1577).jpeg
Clay,6.58,57,27,42,68,Sprinkler,88,Wheat,Groundnut,Rice,Low,198,30,49,25317,/content/drive/MyDrive/dataset/CyAUG-Dataset/Yellow_Soil/85.jpg
Loamy,5.61,29,17,39,37,Flood,50,Soybean,Maize,Soybean,Medium,126,31,48,67258,/content/drive/MyDrive/dataset/CyAUG-Dataset/Yellow_Soil/y (1341).jpeg
Sandy,5.83,35,24,21,48,Drip,80,Cotton,Barley,Maize,High,128,28,66,31770,/content/drive/MyDrive/dataset/CyAUG-Dataset/Yellow_Soil/y (1410).jpeg
Loamy,7.27,20,40,36,41,Drip,60,Soybean,Cotton,Barley,Medium,68,26,47,20069,/content/drive/MyDrive/dataset/CyAUG-Dataset/Yellow_Soil/y (1457).jpeg
Loamy,7.08,52,24,20,31,Drip,59,Barley,Wheat,Maize,Medium,64,31,76,70973,/content/drive/MyDrive/dataset/CyAUG-Dataset/Yellow_Soil/y (1494).jpeg
Clay,5.52,22,40,38,35,Flood,65,Barley,Sugarcane,Vegetables,Medium,67,26,49,59391,/content/drive/MyDrive/dataset/CyAUG-Dataset/Yellow_Soil/y (1192).jpeg
Loamy,6.14,58,33,40,35,Sprinkler,90,Wheat,Millet,Groundnut,High,142,32,75,41048,/content/drive/MyDrive/dataset/CyAUG-Dataset/Yellow_Soil/81c.jpg
Silty,6.18,38,36,36,38,Drip,88,Wheat,Cotton,Soybean,Low,161,23,42,34760,/content/drive/MyDrive/dataset/CyAUG-Dataset/Yellow_Soil/y (1248).jpeg
Clay,6.0,30,22,49,79,Flood,54,Wheat,Soybean,Barley,Low,121,35,79,55792,/content/drive/MyDrive/dataset/CyAUG-Dataset/Yellow_Soil/y (1364).jpeg
Clay,6.14,25,31,44,35,Drip,68,Groundnut,Maize,Groundnut,Low,70,28,60,68344,/content/drive/MyDrive/dataset/CyAUG-Dataset/Yellow_Soil/y (1207).jpeg
Silty,7.11,28,16,49,78,Drip,57,Rice,Wheat,Soybean,Medium,158,33,73,75716,/content/drive/MyDrive/dataset/CyAUG-Dataset/Yellow_Soil/y (1346).jpeg
Clay,6.82,57,36,36,34,Sprinkler,72,Wheat,Vegetables,Maize,Low,187,29,83,78785,/content/drive/MyDrive/dataset/CyAUG-Dataset/Yellow_Soil/y (1287).jpeg
Silty,7.39,47,30,22,52,Sprinkler,55,Millet,Vegetables,Vegetables,Medium,157,25,70,78185,/content/drive/MyDrive/dataset/CyAUG-Dataset/Yellow_Soil/y (1542).jpeg
Loamy,7.45,51,16,40,38,Sprinkler,50,Vegetables,Cotton,Millet,Low,79,34,51,23191,/content/drive/MyDrive/dataset/CyAUG-Dataset/Yellow_Soil/y (1501).jpeg
Sandy,6.7,29,40,33,74,Flood,71,Maize,Cotton,Vegetables,Medium,131,22,56,26647,/content/drive/MyDrive/dataset/CyAUG-Dataset/Yellow_Soil/y (1579).jpeg
Clay,6.78,35,32,32,45,Flood,69,Millet,Rice,Vegetables,High,99,24,40,38553,/content/drive/MyDrive/dataset/CyAUG-Dataset/Yellow_Soil/y (1597).jpeg
Sandy,5.97,24,22,27,75,Sprinkler,64,Rice,Sugarcane,Groundnut,High,88,32,51,77189,/content/drive/MyDrive/dataset/CyAUG-Dataset/Yellow_Soil/y (1465).jpeg
Sandy,6.71,36,38,34,58,Flood,73,Groundnut,Rice,Soybean,High,129,26,42,31573,/content/drive/MyDrive/dataset/CyAUG-Dataset/Yellow_Soil/y (1219).jpeg
Silty,7.07,25,25,35,70,Drip,76,Rice,Groundnut,Rice,Low,136,28,53,37890,/content/drive/MyDrive/dataset/CyAUG-Dataset/Yellow_Soil/y (1294).jpeg
Silty,7.44,57,29,27,53,Sprinkler,82,Maize,Wheat,Cotton,High,176,22,47,30344,/content/drive/MyDrive/dataset/CyAUG-Dataset/Yellow_Soil/y (1396).jpeg
Clay,6.81,37,15,37,37,Drip,92,Sugarcane,Maize,Vegetables,Medium,91,29,43,24605,/content/drive/MyDrive/dataset/CyAUG-Dataset/Yellow_Soil/y (1504).jpeg
Sandy,6.62,37,18,33,60,Sprinkler,76,Cotton,Sugarcane,Groundnut,High,66,30,86,70354,/content/drive/MyDrive/dataset/CyAUG-Dataset/Yellow_Soil/12a.jpg
Clay,6.45,47,29,41,64,Sprinkler,78,Cotton,Rice,Soybean,Medium,143,23,71,53367,/content/drive/MyDrive/dataset/CyAUG-Dataset/Yellow_Soil/y (1491).jpeg
Clay,6.87,42,24,28,33,Drip,78,Sugarcane,Groundnut,Maize,Medium,72,28,75,45509,/content/drive/MyDrive/dataset/CyAUG-Dataset/Yellow_Soil/y (1197).jpeg
Loamy,5.62,49,37,22,71,Drip,82,Millet,Soybean,Cotton,Medium,70,28,88,74043,/content/drive/MyDrive/dataset/CyAUG-Dataset/Yellow_Soil/y (1512).jpeg
Silty,5.64,51,16,40,45,Flood,55,Cotton,Barley,Maize,Low,149,20,63,71788,/content/drive/MyDrive/dataset/CyAUG-Dataset/Yellow_Soil/y (1218).jpeg
Loamy,6.09,44,17,44,79,Sprinkler,84,Vegetables,Wheat,Soybean,High,55,24,57,77165,/content/drive/MyDrive/dataset/CyAUG-Dataset/Yellow_Soil/y (1316).jpeg
Clay,6.95,40,22,47,46,Drip,51,Wheat,Cotton,Cotton,High,198,29,71,51633,/content/drive/MyDrive/dataset/CyAUG-Dataset/Yellow_Soil/22.jpg
Sandy,5.9,37,16,37,46,Drip,85,Wheat,Groundnut,Maize,Medium,115,22,43,32828,/content/drive/MyDrive/dataset/CyAUG-Dataset/Yellow_Soil/41e.jpg
Clay,7.38,49,37,36,57,Flood,76,Barley,Vegetables,Groundnut,Medium,96,33,40,50183,/content/drive/MyDrive/dataset/CyAUG-Dataset/Yellow_Soil/y (1378).jpeg
Silty,5.82,29,28,34,53,Drip,67,Rice,Rice,Rice,Medium,116,30,70,70449,/content/drive/MyDrive/dataset/CyAUG-Dataset/Yellow_Soil/y (1173).jpeg
Silty,6.15,35,38,26,30,Sprinkler,91,Groundnut,Vegetables,Vegetables,High,106,35,43,48585,/content/drive/MyDrive/dataset/CyAUG-Dataset/Yellow_Soil/y (1488).jpeg
Sandy,6.62,50,32,39,76,Flood,78,Sugarcane,Cotton,Cotton,High,159,22,40,29959,/content/drive/MyDrive/dataset/CyAUG-Dataset/Yellow_Soil/y (1193).jpeg
Loamy,7.46,35,24,50,71,Drip,73,Millet,Sugarcane,Cotton,Medium,155,26,41,39292,/content/drive/MyDrive/dataset/CyAUG-Dataset/Yellow_Soil/y (1556).jpeg
Silty,5.58,49,16,41,62,Flood,67,Soybean,Soybean,Vegetables,Low,193,35,64,24470,/content/drive/MyDrive/dataset/CyAUG-Dataset/Yellow_Soil/y (1536).jpeg
Silty,6.88,49,32,33,66,Drip,65,Rice,Groundnut,Vegetables,Low,192,24,73,53256,/content/drive/MyDrive/dataset/CyAUG-Dataset/Yellow_Soil/y (2040).jpeg
Sandy,6.86,45,28,44,46,Drip,81,Barley,Sugarcane,Wheat,Low,63,33,71,71608,/content/drive/MyDrive/dataset/CyAUG-Dataset/Yellow_Soil/y (2123).jpeg
Silty,7.36,24,18,29,79,Flood,83,Groundnut,Maize,Groundnut,Low,169,34,47,34370,/content/drive/MyDrive/dataset/CyAUG-Dataset/Yellow_Soil/y (1673).jpeg
Clay,6.34,59,30,49,50,Sprinkler,53,Groundnut,Wheat,Barley,Low,127,26,82,78714,/content/drive/MyDrive/dataset/CyAUG-Dataset/Yellow_Soil/y (1653).jpeg
Sandy,6.14,58,28,26,66,Sprinkler,87,Maize,Vegetables,Barley,Medium,186,23,70,48147,/content/drive/MyDrive/dataset/CyAUG-Dataset/Yellow_Soil/y (2443).jpeg
Clay,6.41,32,34,29,44,Flood,68,Maize,Sugarcane,Soybean,Medium,125,22,81,47570,/content/drive/MyDrive/dataset/CyAUG-Dataset/Yellow_Soil/y (1763).jpeg
Silty,7.06,51,18,27,67,Flood,56,Vegetables,Rice,Cotton,High,88,34,58,42583,/content/drive/MyDrive/dataset/CyAUG-Dataset/Yellow_Soil/y (2386).jpeg
Clay,7.34,57,18,41,66,Flood,90,Millet,Sugarcane,Soybean,Low,80,20,65,45151,/content/drive/MyDrive/dataset/CyAUG-Dataset/Yellow_Soil/y (2452).jpeg
Clay,6.98,53,29,37,57,Sprinkler,56,Sugarcane,Maize,Barley,Medium,161,24,74,66631,/content/drive/MyDrive/dataset/CyAUG-Dataset/Yellow_Soil/y (1830).jpeg
Clay,7.23,50,37,47,37,Drip,83,Millet,Rice,Rice,Low,178,29,59,38408,/content/drive/MyDrive/dataset/CyAUG-Dataset/Yellow_Soil/y (2487).jpeg
Loamy,5.91,49,25,45,74,Drip,54,Soybean,Cotton,Wheat,Low,189,27,81,38452,/content/drive/MyDrive/dataset/CyAUG-Dataset/Yellow_Soil/y (1957).jpeg
Clay,5.67,58,39,40,78,Sprinkler,50,Maize,Groundnut,Vegetables,Medium,155,35,80,62110,/content/drive/MyDrive/dataset/CyAUG-Dataset/Yellow_Soil/y (2466).jpeg
Silty,7.33,24,21,26,31,Sprinkler,58,Cotton,Vegetables,Wheat,High,92,30,45,73185,/content/drive/MyDrive/dataset/CyAUG-Dataset/Yellow_Soil/y (2306).jpeg
Silty,6.38,28,31,39,60,Flood,79,Wheat,Barley,Cotton,Low,115,32,49,41810,/content/drive/MyDrive/dataset/CyAUG-Dataset/Yellow_Soil/y (1729).jpeg
Loamy,7.1,24,35,43,61,Flood,57,Groundnut,Maize,Vegetables,High,184,34,61,52607,/content/drive/MyDrive/dataset/CyAUG-Dataset/Yellow_Soil/y (1974).jpeg
Sandy,6.2,51,22,23,76,Flood,86,Cotton,Soybean,Wheat,Low,84,24,81,20260,/content/drive/MyDrive/dataset/CyAUG-Dataset/Yellow_Soil/y (1949).jpeg
Clay,5.85,26,26,24,38,Drip,56,Soybean,Maize,Wheat,High,93,28,82,37134,/content/drive/MyDrive/dataset/CyAUG-Dataset/Yellow_Soil/y (2367).jpeg
Sandy,5.51,48,25,34,58,Flood,56,Sugarcane,Barley,Barley,High,190,25,86,40815,/content/drive/MyDrive/dataset/CyAUG-Dataset/Yellow_Soil/y (1833).jpeg
Sandy,7.36,20,28,42,67,Drip,89,Maize,Groundnut,Wheat,High,74,24,48,37261,/content/drive/MyDrive/dataset/CyAUG-Dataset/Yellow_Soil/y (2491).jpeg
Silty,6.62,58,37,40,75,Sprinkler,58,Maize,Rice,Barley,High,91,29,57,24067,/content/drive/MyDrive/dataset/CyAUG-Dataset/Yellow_Soil/y (2384).jpeg
Sandy,5.75,20,29,35,61,Drip,52,Millet,Wheat,Sugarcane,Low,126,24,48,66653,/content/drive/MyDrive/dataset/CyAUG-Dataset/Yellow_Soil/y (2311).jpeg
Loamy,6.34,23,38,23,64,Drip,60,Wheat,Vegetables,Wheat,High,151,34,56,69509,/content/drive/MyDrive/dataset/CyAUG-Dataset/Yellow_Soil/y (2220).jpeg
Silty,6.86,60,32,34,31,Sprinkler,82,Rice,Wheat,Maize,High,200,23,72,55336,/content/drive/MyDrive/dataset/CyAUG-Dataset/Yellow_Soil/y (1804).jpeg
Clay,6.5,24,20,30,72,Sprinkler,89,Cotton,Barley,Cotton,Medium,129,21,46,26671,/content/drive/MyDrive/dataset/CyAUG-Dataset/Yellow_Soil/y (2290).jpeg
Clay,6.34,34,37,40,75,Flood,56,Groundnut,Rice,Groundnut,Medium,65,30,77,49889,/content/drive/MyDrive/dataset/CyAUG-Dataset/Yellow_Soil/y (1714).jpeg
Silty,6.15,35,39,36,54,Sprinkler,93,Maize,Vegetables,Vegetables,Low,118,26,79,79480,/content/drive/MyDrive/dataset/CyAUG-Dataset/Yellow_Soil/y (2019).jpeg
Silty,6.37,23,21,47,77,Drip,65,Groundnut,Millet,Soybean,High,121,24,50,52812,/content/drive/MyDrive/dataset/CyAUG-Dataset/Yellow_Soil/y (1768).jpeg
Sandy,7.26,43,38,25,78,Flood,88,Maize,Maize,Sugarcane,Low,51,33,72,22140,/content/drive/MyDrive/dataset/CyAUG-Dataset/Yellow_Soil/y (2167).jpeg
Loamy,5.58,36,18,30,56,Drip,79,Wheat,Wheat,Barley,Low,86,31,61,62953,/content/drive/MyDrive/dataset/CyAUG-Dataset/Yellow_Soil/y (1801).jpeg
Loamy,7.34,55,22,21,66,Flood,64,Rice,Soybean,Maize,High,62,20,61,20492,/content/drive/MyDrive/dataset/CyAUG-Dataset/Yellow_Soil/y (2319).jpeg
Loamy,5.98,23,34,26,79,Flood,71,Cotton,Cotton,Rice,Medium,100,31,63,54414,/content/drive/MyDrive/dataset/CyAUG-Dataset/Yellow_Soil/y (2405).jpeg
Clay,5.68,38,16,35,43,Flood,57,Wheat,Rice,Groundnut,Low,84,23,88,65900,/content/drive/MyDrive/dataset/CyAUG-Dataset/Yellow_Soil/y (2230).jpeg
Loamy,6.15,51,34,38,58,Drip,58,Maize,Maize,Groundnut,Low,119,26,64,32241,/content/drive/MyDrive/dataset/CyAUG-Dataset/Yellow_Soil/y (2026).jpeg
Silty,6.73,42,17,30,58,Flood,56,Sugarcane,Soybean,Soybean,Medium,146,28,48,60656,/content/drive/MyDrive/dataset/CyAUG-Dataset/Yellow_Soil/y (2088).jpeg
Sandy,6.85,21,31,38,55,Flood,81,Vegetables,Millet,Rice,Medium,117,30,76,74970,/content/drive/MyDrive/dataset/CyAUG-Dataset/Yellow_Soil/y (2422).jpeg
Silty,6.23,45,20,41,34,Flood,90,Millet,Millet,Millet,Low,178,35,64,38692,/content/drive/MyDrive/dataset/CyAUG-Dataset/Yellow_Soil/y (2236).jpeg
Loamy,7.05,36,28,41,43,Drip,53,Groundnut,Groundnut,Cotton,Low,195,25,79,51879,/content/drive/MyDrive/dataset/CyAUG-Dataset/Yellow_Soil/y (1953).jpeg
Clay,7.38,29,28,24,61,Drip,88,Wheat,Cotton,Millet,Medium,58,23,63,44199,/content/drive/MyDrive/dataset/CyAUG-Dataset/Yellow_Soil/y (2479).jpeg
Clay,6.35,58,20,48,57,Sprinkler,75,Cotton,Cotton,Vegetables,Low,143,31,90,54649,/content/drive/MyDrive/dataset/CyAUG-Dataset/Yellow_Soil/y (2473).jpeg
Sandy,5.56,39,40,31,58,Drip,57,Vegetables,Vegetables,Maize,High,69,21,89,65894,/content/drive/MyDrive/dataset/CyAUG-Dataset/Yellow_Soil/y (1980).jpeg
Loamy,7.25,49,15,42,54,Drip,65,Millet,Groundnut,Cotton,Low,197,21,56,54588,/content/drive/MyDrive/dataset/CyAUG-Dataset/Yellow_Soil/y (2079).jpeg
Loamy,5.79,48,34,41,73,Sprinkler,72,Barley,Maize,Millet,Medium,193,26,42,58290,/content/drive/MyDrive/dataset/CyAUG-Dataset/Yellow_Soil/y (2048).jpeg
Silty,6.88,41,21,48,62,Drip,91,Soybean,Maize,Rice,Low,50,30,74,69795,/content/drive/MyDrive/dataset/CyAUG-Dataset/Yellow_Soil/y (1803).jpeg
Clay,6.0,57,40,28,40,Flood,70,Groundnut,Soybean,Groundnut,High,152,23,44,66330,/content/drive/MyDrive/dataset/CyAUG-Dataset/Yellow_Soil/y (1731).jpeg
Clay,7.19,30,31,27,41,Flood,51,Rice,Sugarcane,Cotton,High,85,29,70,47081,/content/drive/MyDrive/dataset/CyAUG-Dataset/Yellow_Soil/y (2482).jpeg
Loamy,6.4,27,29,36,74,Drip,75,Vegetables,Soybean,Maize,Low,154,29,87,59140,/content/drive/MyDrive/dataset/CyAUG-Dataset/Yellow_Soil/y (2484).jpeg
Clay,6.28,47,40,20,51,Sprinkler,90,Groundnut,Soybean,Sugarcane,High,154,22,56,58730,/content/drive/MyDrive/dataset/CyAUG-Dataset/Yellow_Soil/y (1919).jpeg
Loamy,6.47,54,29,29,70,Sprinkler,68,Maize,Sugarcane,Millet,Low,129,27,48,72103,/content/drive/MyDrive/dataset/CyAUG-Dataset/Yellow_Soil/y (1749).jpeg
Silty,6.54,24,29,49,71,Flood,52,Maize,Vegetables,Barley,Medium,185,28,40,51753,/content/drive/MyDrive/dataset/CyAUG-Dataset/Yellow_Soil/y (1923).jpeg
Clay,7.05,31,27,27,76,Flood,69,Wheat,Sugarcane,Vegetables,Low,183,27,42,48226,/content/drive/MyDrive/dataset/CyAUG-Dataset/Yellow_Soil/y (2287).jpeg
Clay,7.35,50,40,50,46,Drip,69,Rice,Sugarcane,Wheat,Medium,109,21,73,21804,/content/drive/MyDrive/dataset/CyAUG-Dataset/Yellow_Soil/y (2340).jpeg
Sandy,6.75,40,25,26,72,Drip,81,Wheat,Groundnut,Wheat,Low,179,27,83,42347,/content/drive/MyDrive/dataset/CyAUG-Dataset/Yellow_Soil/y (1644).jpeg
Silty,5.81,34,40,21,72,Flood,50,Millet,Vegetables,Soybean,Medium,190,32,54,72366,/content/drive/MyDrive/dataset/CyAUG-Dataset/Yellow_Soil/y (2297).jpeg
Silty,7.39,55,16,43,41,Flood,66,Maize,Sugarcane,Cotton,High,102,24,58,21963,/content/drive/MyDrive/dataset/CyAUG-Dataset/Yellow_Soil/y (2307).jpeg
Loamy,7.29,26,34,38,50,Drip,67,Cotton,Maize,Soybean,High,142,20,64,21939,/content/drive/MyDrive/dataset/CyAUG-Dataset/Yellow_Soil/y (2148).jpeg
Clay,6.16,38,22,46,56,Drip,77,Rice,Groundnut,Millet,Medium,170,24,67,68635,/content/drive/MyDrive/dataset/CyAUG-Dataset/Yellow_Soil/y (1740).jpeg
Clay,5.94,57,18,49,64,Drip,59,Soybean,Soybean,Millet,Medium,91,30,41,20466,/content/drive/MyDrive/dataset/CyAUG-Dataset/Yellow_Soil/y (2356).jpeg
Loamy,7.02,37,27,23,48,Flood,92,Wheat,Maize,Barley,Low,89,21,60,57026,/content/drive/MyDrive/dataset/CyAUG-Dataset/Yellow_Soil/y (2325).jpeg
Loamy,6.22,50,27,37,65,Sprinkler,68,Wheat,Vegetables,Rice,Medium,91,20,71,58124,/content/drive/MyDrive/dataset/CyAUG-Dataset/Yellow_Soil/y (2165).jpeg
Sandy,5.52,23,18,48,48,Flood,84,Soybean,Vegetables,Barley,Medium,123,25,82,42001,/content/drive/MyDrive/dataset/CyAUG-Dataset/Yellow_Soil/y (1636).jpeg
Sandy,6.08,55,40,22,72,Drip,76,Sugarcane,Vegetables,Barley,Low,65,23,75,28107,/content/drive/MyDrive/dataset/CyAUG-Dataset/Yellow_Soil/y (2430).jpeg
Loamy,6.14,28,40,49,80,Flood,65,Rice,Barley,Sugarcane,Medium,58,33,44,55432,/content/drive/MyDrive/dataset/CyAUG-Dataset/Yellow_Soil/y (1940).jpeg
Clay,5.95,53,38,43,38,Drip,58,Barley,Maize,Barley,Medium,144,34,80,36637,/content/drive/MyDrive/dataset/CyAUG-Dataset/Yellow_Soil/y (1682).jpeg
Loamy,6.71,29,37,20,52,Flood,85,Cotton,Barley,Cotton,Medium,97,33,42,41191,/content/drive/MyDrive/dataset/CyAUG-Dataset/Yellow_Soil/y (1982).jpeg
Sandy,5.71,55,31,50,40,Flood,57,Soybean,Wheat,Sugarcane,Medium,61,22,59,70937,/content/drive/MyDrive/dataset/CyAUG-Dataset/Yellow_Soil/y (1668).jpeg
Silty,6.73,55,35,26,43,Flood,54,Vegetables,Sugarcane,Cotton,Medium,106,22,43,42493,/content/drive/MyDrive/dataset/CyAUG-Dataset/Yellow_Soil/y (2116).jpeg
Clay,6.46,56,17,31,72,Sprinkler,80,Wheat,Millet,Cotton,High,81,30,46,26630,/content/drive/MyDrive/dataset/CyAUG-Dataset/Yellow_Soil/y (1780).jpeg
Sandy,6.19,30,38,25,53,Drip,88,Millet,Maize,Sugarcane,High,163,24,66,40476,/content/drive/MyDrive/dataset/CyAUG-Dataset/Yellow_Soil/y (1765).jpeg
Sandy,6.33,30,31,29,76,Drip,61,Cotton,Groundnut,Barley,Low,90,29,84,59193,/content/drive/MyDrive/dataset/CyAUG-Dataset/Yellow_Soil/y (2475).jpeg
Sandy,5.83,42,36,22,62,Flood,54,Cotton,Millet,Millet,Low,191,27,83,62584,/content/drive/MyDrive/dataset/CyAUG-Dataset/Yellow_Soil/y (2490).jpeg
Loamy,6.32,47,15,45,58,Flood,84,Millet,Sugarcane,Groundnut,Medium,132,35,71,28705,/content/drive/MyDrive/dataset/CyAUG-Dataset/Yellow_Soil/y (2234).jpeg
Clay,7.15,26,33,34,47,Drip,74,Groundnut,Barley,Rice,Medium,160,26,89,73225,/content/drive/MyDrive/dataset/CyAUG-Dataset/Yellow_Soil/y (2353).jpeg
Sandy,6.17,40,32,21,45,Sprinkler,80,Millet,Rice,Soybean,High,98,25,43,29653,/content/drive/MyDrive/dataset/CyAUG-Dataset/Yellow_Soil/y (2006).jpeg
Silty,6.23,42,27,45,59,Drip,70,Vegetables,Wheat,Cotton,Medium,66,29,90,42225,/content/drive/MyDrive/dataset/CyAUG-Dataset/Yellow_Soil/y (2447).jpeg
Loamy,7.35,25,34,45,46,Drip,88,Vegetables,Maize,Vegetables,Medium,123,23,82,30209,/content/drive/MyDrive/dataset/CyAUG-Dataset/Yellow_Soil/y (1724).jpeg
Silty,7.47,47,34,27,70,Flood,78,Rice,Groundnut,Wheat,Low,168,20,59,35618,/content/drive/MyDrive/dataset/CyAUG-Dataset/Yellow_Soil/y (2059).jpeg
Clay,5.81,55,27,43,43,Flood,59,Soybean,Millet,Wheat,Low,172,23,47,42586,/content/drive/MyDrive/dataset/CyAUG-Dataset/Yellow_Soil/y (2075).jpeg
Loamy,5.95,34,32,22,73,Flood,50,Soybean,Maize,Maize,High,55,25,68,23025,/content/drive/MyDrive/dataset/CyAUG-Dataset/Yellow_Soil/y (1790).jpeg
Loamy,7.41,46,27,48,46,Drip,95,Rice,Wheat,Millet,Low,131,32,43,66491,/content/drive/MyDrive/dataset/CyAUG-Dataset/Yellow_Soil/y (1743).jpeg
Sandy,6.85,56,37,39,39,Sprinkler,51,Sugarcane,Wheat,Millet,Medium,114,28,60,55395,/content/drive/MyDrive/dataset/CyAUG-Dataset/Yellow_Soil/y (2225).jpeg
Sandy,6.87,26,17,40,43,Sprinkler,73,Millet,Soybean,Vegetables,High,159,21,73,79962,/content/drive/MyDrive/dataset/CyAUG-Dataset/Yellow_Soil/y (2009).jpeg
Silty,6.42,38,19,49,74,Flood,69,Groundnut,Cotton,Millet,Medium,84,20,86,59015,/content/drive/MyDrive/dataset/CyAUG-Dataset/Yellow_Soil/y (1907).jpeg
Silty,6.32,52,26,42,76,Sprinkler,81,Barley,Rice,Soybean,Medium,58,32,74,75683,/content/drive/MyDrive/dataset/CyAUG-Dataset/Yellow_Soil/y (2238).jpeg
Loamy,5.55,37,32,43,45,Flood,89,Sugarcane,Soybean,Cotton,Low,136,21,52,44419,/content/drive/MyDrive/dataset/CyAUG-Dataset/Yellow_Soil/y (2018).jpeg
Sandy,7.2,35,24,21,74,Sprinkler,56,Groundnut,Millet,Wheat,High,151,27,65,30284,/content/drive/MyDrive/dataset/CyAUG-Dataset/Yellow_Soil/y (2065).jpeg
Sandy,6.91,60,34,45,55,Sprinkler,70,Barley,Sugarcane,Rice,Medium,108,23,80,30764,/content/drive/MyDrive/dataset/CyAUG-Dataset/Yellow_Soil/y (1924).jpeg
Loamy,6.91,56,25,39,78,Sprinkler,64,Wheat,Barley,Sugarcane,Low,109,27,58,76215,/content/drive/MyDrive/dataset/CyAUG-Dataset/Yellow_Soil/y (1886).jpeg
Silty,7.28,27,31,37,47,Sprinkler,71,Rice,Rice,Maize,High,90,33,69,68203,/content/drive/MyDrive/dataset/CyAUG-Dataset/Yellow_Soil/y (2058).jpeg
Sandy,6.6,31,25,23,31,Flood,95,Cotton,Sugarcane,Barley,Low,114,31,52,45822,/content/drive/MyDrive/dataset/CyAUG-Dataset/Yellow_Soil/y (1895).jpeg
Clay,7.24,20,37,31,43,Drip,80,Vegetables,Vegetables,Wheat,Medium,182,34,53,41589,/content/drive/MyDrive/dataset/CyAUG-Dataset/Yellow_Soil/y (1627).jpeg
Sandy,5.75,53,19,23,71,Drip,70,Vegetables,Soybean,Maize,High,196,23,84,58605,/content/drive/MyDrive/dataset/CyAUG-Dataset/Yellow_Soil/y (2440).jpeg
Silty,5.66,21,34,40,71,Drip,83,Wheat,Cotton,Vegetables,Medium,102,24,86,25731,/content/drive/MyDrive/dataset/CyAUG-Dataset/Yellow_Soil/y (2188).jpeg
Loamy,5.81,36,36,46,74,Drip,67,Millet,Vegetables,Vegetables,High,172,22,83,68648,/content/drive/MyDrive/dataset/CyAUG-Dataset/Yellow_Soil/y (1815).jpeg
Sandy,5.81,51,22,33,59,Sprinkler,68,Wheat,Vegetables,Wheat,Medium,157,25,54,74188,/content/drive/MyDrive/dataset/CyAUG-Dataset/Yellow_Soil/y (1961).jpeg
Sandy,7.27,28,21,27,67,Flood,67,Barley,Wheat,Wheat,High,196,26,69,70572,/content/drive/MyDrive/dataset/CyAUG-Dataset/Yellow_Soil/y (1885).jpeg
Silty,6.51,30,40,44,80,Drip,88,Soybean,Millet,Sugarcane,Low,148,27,87,34053,/content/drive/MyDrive/dataset/CyAUG-Dataset/Yellow_Soil/y (2411).jpeg
Loamy,6.1,44,31,36,54,Flood,66,Barley,Groundnut,Soybean,High,51,35,66,31602,/content/drive/MyDrive/dataset/CyAUG-Dataset/Yellow_Soil/y (2163).jpeg
Loamy,7.18,22,31,49,68,Flood,64,Groundnut,Cotton,Maize,High,140,24,88,38642,/content/drive/MyDrive/dataset/CyAUG-Dataset/Yellow_Soil/y (2119).jpeg
Sandy,7.5,35,29,20,34,Drip,58,Cotton,Millet,Sugarcane,High,197,35,47,25757,/content/drive/MyDrive/dataset/CyAUG-Dataset/Yellow_Soil/y (2483).jpeg
Sandy,5.75,26,22,25,48,Flood,73,Rice,Millet,Vegetables,Low,92,35,57,35022,/content/drive/MyDrive/dataset/CyAUG-Dataset/Yellow_Soil/y (2477).jpeg
Silty,5.61,38,23,32,30,Sprinkler,91,Vegetables,Barley,Wheat,Medium,52,29,44,39006,/content/drive/MyDrive/dataset/CyAUG-Dataset/Yellow_Soil/y (2492).jpeg
Silty,7.1,59,31,40,44,Flood,65,Sugarcane,Sugarcane,Millet,Medium,137,24,59,46666,/content/drive/MyDrive/dataset/CyAUG-Dataset/Yellow_Soil/y (1693).jpeg
Clay,5.63,57,38,23,70,Flood,78,Maize,Soybean,Barley,High,67,29,74,30206,/content/drive/MyDrive/dataset/CyAUG-Dataset/Yellow_Soil/y (2108).jpeg
Loamy,5.57,28,36,42,56,Drip,52,Soybean,Barley,Wheat,Medium,152,35,79,73796,/content/drive/MyDrive/dataset/CyAUG-Dataset/Yellow_Soil/y (1676).jpeg
Loamy,6.22,55,36,40,47,Sprinkler,69,Vegetables,Maize,Millet,Low,135,31,52,76735,/content/drive/MyDrive/dataset/CyAUG-Dataset/Yellow_Soil/y (2039).jpeg
Silty,6.95,33,30,27,50,Sprinkler,77,Wheat,Cotton,Rice,High,194,34,55,79268,/content/drive/MyDrive/dataset/CyAUG-Dataset/Yellow_Soil/y (2117).jpeg
Loamy,6.86,40,35,50,44,Sprinkler,63,Cotton,Millet,Barley,Medium,105,34,45,46105,/content/drive/MyDrive/dataset/CyAUG-Dataset/Yellow_Soil/y (2062).jpeg
Sandy,6.18,60,24,22,75,Drip,90,Groundnut,Millet,Sugarcane,High,64,23,50,35888,/content/drive/MyDrive/dataset/CyAUG-Dataset/Yellow_Soil/y (1972).jpeg
Sandy,7.07,58,38,20,47,Flood,54,Wheat,Cotton,Millet,Medium,84,20,46,21621,/content/drive/MyDrive/dataset/CyAUG-Dataset/Yellow_Soil/y (1878).jpeg
Clay,7.07,52,17,46,71,Drip,50,Wheat,Cotton,Rice,Low,117,26,77,71230,/content/drive/MyDrive/dataset/CyAUG-Dataset/Yellow_Soil/y (1849).jpeg
Clay,5.97,46,34,41,56,Flood,79,Millet,Soybean,Barley,Medium,56,26,59,49067,/content/drive/MyDrive/dataset/CyAUG-Dataset/Yellow_Soil/y (2455).jpeg
Sandy,6.85,34,40,32,34,Flood,65,Maize,Maize,Sugarcane,Medium,124,22,50,72765,/content/drive/MyDrive/dataset/CyAUG-Dataset/Yellow_Soil/y (1759).jpeg
Clay,7.02,51,38,28,30,Drip,92,Rice,Groundnut,Sugarcane,Medium,188,26,87,65808,/content/drive/MyDrive/dataset/CyAUG-Dataset/Yellow_Soil/y (2274).jpeg
Silty,5.54,44,30,24,45,Drip,68,Wheat,Soybean,Rice,High,178,21,79,76836,/content/drive/MyDrive/dataset/CyAUG-Dataset/Yellow_Soil/y (2090).jpeg
Sandy,6.92,33,21,41,45,Sprinkler,62,Millet,Barley,Vegetables,Low,176,20,41,21366,/content/drive/MyDrive/dataset/CyAUG-Dataset/Yellow_Soil/y (1623).jpeg
Loamy,6.74,42,30,42,76,Flood,86,Sugarcane,Vegetables,Groundnut,Medium,89,20,60,71181,/content/drive/MyDrive/dataset/CyAUG-Dataset/Yellow_Soil/y (1781).jpeg
Sandy,7.4,23,37,31,73,Sprinkler,79,Rice,Wheat,Groundnut,High,113,26,42,71776,/content/drive/MyDrive/dataset/CyAUG-Dataset/Yellow_Soil/y (2069).jpeg
Silty,5.82,23,20,28,63,Sprinkler,68,Millet,Wheat,Sugarcane,Low,156,24,54,20285,/content/drive/MyDrive/dataset/CyAUG-Dataset/Yellow_Soil/y (2173).jpeg
Clay,6.11,28,38,35,65,Drip,78,Soybean,Sugarcane,Maize,Medium,143,30,83,48546,/content/drive/MyDrive/dataset/CyAUG-Dataset/Yellow_Soil/y (2025).jpeg
Loamy,5.57,48,33,47,43,Flood,72,Wheat,Rice,Barley,Low,132,28,43,26470,/content/drive/MyDrive/dataset/CyAUG-Dataset/Yellow_Soil/y (1795).jpeg
Silty,6.65,56,33,38,61,Drip,94,Barley,Rice,Wheat,Low,173,22,40,69365,/content/drive/MyDrive/dataset/CyAUG-Dataset/Yellow_Soil/y (1852).jpeg
Silty,6.71,36,30,45,80,Flood,91,Soybean,Rice,Soybean,Medium,66,21,82,60563,/content/drive/MyDrive/dataset/CyAUG-Dataset/Yellow_Soil/y (2197).jpeg
Loamy,6.79,52,36,38,69,Drip,55,Rice,Groundnut,Vegetables,High,120,28,47,62340,/content/drive/MyDrive/dataset/CyAUG-Dataset/Yellow_Soil/y (1774).jpeg
Silty,5.57,57,21,35,35,Drip,56,Millet,Vegetables,Sugarcane,Low,193,31,65,71033,/content/drive/MyDrive/dataset/CyAUG-Dataset/Yellow_Soil/y (2344).jpeg
Silty,6.05,30,23,45,72,Drip,58,Cotton,Rice,Barley,Medium,51,25,54,77723,/content/drive/MyDrive/dataset/CyAUG-Dataset/Yellow_Soil/y (1890).jpeg
Clay,5.98,55,32,48,49,Flood,80,Maize,Wheat,Sugarcane,Low,145,25,81,25207,/content/drive/MyDrive/dataset/CyAUG-Dataset/Yellow_Soil/y (2145).jpeg
Sandy,7.35,42,16,49,30,Sprinkler,75,Soybean,Barley,Cotton,Medium,97,24,49,61628,/content/drive/MyDrive/dataset/CyAUG-Dataset/Yellow_Soil/y (2470).jpeg
Loamy,7.3,40,27,26,41,Sprinkler,87,Barley,Rice,Maize,Medium,165,31,74,75942,/content/drive/MyDrive/dataset/CyAUG-Dataset/Yellow_Soil/y (2128).jpeg
Silty,6.69,50,17,49,64,Sprinkler,62,Sugarcane,Rice,Vegetables,Medium,117,26,53,22041,/content/drive/MyDrive/dataset/CyAUG-Dataset/Yellow_Soil/y (2354).jpeg
Clay,6.86,21,26,48,66,Sprinkler,69,Barley,Rice,Wheat,High,198,21,69,75935,/content/drive/MyDrive/dataset/CyAUG-Dataset/Yellow_Soil/y (1908).jpeg
Clay,6.23,53,17,36,65,Drip,74,Wheat,Wheat,Vegetables,High,141,21,78,44270,/content/drive/MyDrive/dataset/CyAUG-Dataset/Yellow_Soil/y (1877).jpeg
Silty,5.7,36,39,33,35,Drip,57,Cotton,Vegetables,Cotton,High,50,28,64,23972,/content/drive/MyDrive/dataset/CyAUG-Dataset/Yellow_Soil/y (2401).jpeg
Sandy,7.19,49,35,43,65,Flood,72,Wheat,Sugarcane,Millet,High,52,34,58,63208,/content/drive/MyDrive/dataset/CyAUG-Dataset/Yellow_Soil/y (2235).jpeg
Silty,5.91,33,21,35,59,Flood,87,Vegetables,Millet,Millet,Low,155,23,61,39698,/content/drive/MyDrive/dataset/CyAUG-Dataset/Yellow_Soil/y (2469).jpeg
Sandy,6.66,47,28,27,68,Flood,65,Soybean,Wheat,Groundnut,High,165,29,80,59973,/content/drive/MyDrive/dataset/CyAUG-Dataset/Yellow_Soil/y (2189).jpeg
Loamy,6.88,49,21,21,45,Sprinkler,77,Soybean,Sugarcane,Millet,Low,182,28,79,61100,/content/drive/MyDrive/dataset/CyAUG-Dataset/Yellow_Soil/y (1734).jpeg
Clay,6.05,56,31,48,31,Drip,84,Sugarcane,Soybean,Maize,High,181,23,79,38037,/content/drive/MyDrive/dataset/CyAUG-Dataset/Yellow_Soil/y (2015).jpeg
Sandy,7.13,20,38,33,37,Flood,61,Cotton,Cotton,Wheat,Medium,159,23,85,70175,/content/drive/MyDrive/dataset/CyAUG-Dataset/Yellow_Soil/y (1977).jpeg
Loamy,7.22,40,16,25,59,Flood,85,Cotton,Groundnut,Wheat,Medium,88,25,73,33014,/content/drive/MyDrive/dataset/CyAUG-Dataset/Yellow_Soil/y (2258).jpeg
Clay,5.59,34,39,39,80,Drip,63,Millet,Sugarcane,Sugarcane,Low,151,24,40,33973,/content/drive/MyDrive/dataset/CyAUG-Dataset/Yellow_Soil/y (1888).jpeg
Sandy,6.96,21,34,27,34,Drip,84,Rice,Maize,Wheat,High,87,23,54,26562,/content/drive/MyDrive/dataset/CyAUG-Dataset/Yellow_Soil/y (2074).jpeg
Loamy,6.66,58,37,34,77,Flood,90,Wheat,Barley,Rice,High,154,35,89,62011,/content/drive/MyDrive/dataset/CyAUG-Dataset/Yellow_Soil/y (1648).jpeg
Clay,5.78,35,26,23,62,Sprinkler,68,Cotton,Millet,Barley,Medium,73,24,84,58144,/content/drive/MyDrive/dataset/CyAUG-Dataset/Yellow_Soil/y (1662).jpeg
Sandy,7.29,57,38,25,72,Flood,91,Groundnut,Barley,Vegetables,Medium,101,31,51,56752,/content/drive/MyDrive/dataset/CyAUG-Dataset/Yellow_Soil/y (2017).jpeg
Sandy,6.7,37,18,26,69,Sprinkler,90,Sugarcane,Wheat,Soybean,Low,183,30,43,23974,/content/drive/MyDrive/dataset/CyAUG-Dataset/Yellow_Soil/y (2147).jpeg
Loamy,7.27,24,28,24,39,Drip,79,Soybean,Cotton,Sugarcane,High,111,31,43,30332,/content/drive/MyDrive/dataset/CyAUG-Dataset/Yellow_Soil/y (2177).jpeg
Silty,6.83,40,24,32,62,Sprinkler,77,Wheat,Wheat,Cotton,Medium,60,24,86,60460,/content/drive/MyDrive/dataset/CyAUG-Dataset/Yellow_Soil/y (2423).jpeg
Clay,6.63,50,27,27,69,Drip,85,Vegetables,Barley,Sugarcane,Medium,134,25,46,21033,/content/drive/MyDrive/dataset/CyAUG-Dataset/Yellow_Soil/y (1800).jpeg
Silty,7.2,44,24,50,62,Sprinkler,84,Barley,Cotton,Cotton,Low,78,28,41,62318,/content/drive/MyDrive/dataset/CyAUG-Dataset/Yellow_Soil/y (1754).jpeg
Silty,7.36,52,35,40,58,Flood,55,Wheat,Cotton,Sugarcane,High,108,35,71,61676,/content/drive/MyDrive/dataset/CyAUG-Dataset/Yellow_Soil/y (1850).jpeg
Clay,5.74,58,22,21,47,Drip,57,Millet,Soybean,Maize,Medium,63,20,54,22692,/content/drive/MyDrive/dataset/CyAUG-Dataset/Yellow_Soil/y (2335).jpeg
Silty,6.38,21,35,31,59,Sprinkler,91,Millet,Sugarcane,Sugarcane,Medium,149,24,59,46107,/content/drive/MyDrive/dataset/CyAUG-Dataset/Yellow_Soil/y (2398).jpeg
Loamy,6.49,41,38,35,71,Flood,72,Rice,Soybean,Millet,Low,76,30,80,77931,/content/drive/MyDrive/dataset/CyAUG-Dataset/Yellow_Soil/y (2318).jpeg
Loamy,5.9,53,40,45,44,Flood,89,Millet,Sugarcane,Sugarcane,Low,133,20,72,43189,/content/drive/MyDrive/dataset/CyAUG-Dataset/Yellow_Soil/y (1718).jpeg
Silty,7.44,36,30,41,73,Sprinkler,62,Sugarcane,Soybean,Groundnut,High,103,22,83,28777,/content/drive/MyDrive/dataset/CyAUG-Dataset/Yellow_Soil/y (1808).jpeg
Silty,5.7,25,36,20,43,Sprinkler,77,Groundnut,Groundnut,Rice,High,61,30,60,28926,/content/drive/MyDrive/dataset/CyAUG-Dataset/Yellow_Soil/y (2278).jpeg
Sandy,6.7,41,29,36,51,Sprinkler,70,Vegetables,Wheat,Groundnut,High,137,33,90,34053,/content/drive/MyDrive/dataset/CyAUG-Dataset/Yellow_Soil/y (1847).jpeg
Silty,5.73,48,29,30,54,Flood,64,Soybean,Cotton,Vegetables,Medium,144,27,81,32273,/content/drive/MyDrive/dataset/CyAUG-Dataset/Yellow_Soil/y (1715).jpeg
Loamy,7.09,33,37,41,72,Sprinkler,67,Millet,Wheat,Rice,Medium,136,35,48,59317,/content/drive/MyDrive/dataset/CyAUG-Dataset/Yellow_Soil/y (1717).jpeg
Sandy,6.13,36,17,24,40,Flood,90,Cotton,Vegetables,Soybean,Medium,137,34,47,58424,/content/drive/MyDrive/dataset/CyAUG-Dataset/Yellow_Soil/y (1677).jpeg
Loamy,6.85,25,39,27,72,Sprinkler,94,Groundnut,Rice,Millet,Low,63,28,80,30082,/content/drive/MyDrive/dataset/CyAUG-Dataset/Yellow_Soil/y (2451).jpeg
Loamy,7.13,24,39,26,39,Drip,92,Barley,Groundnut,Soybean,Low,90,31,76,58859,/content/drive/MyDrive/dataset/CyAUG-Dataset/Yellow_Soil/y (2432).jpeg
Clay,6.1,35,28,32,65,Flood,78,Groundnut,Wheat,Vegetables,Low,125,29,47,74701,/content/drive/MyDrive/dataset/CyAUG-Dataset/Yellow_Soil/y (1856).jpeg
Sandy,5.69,21,27,21,79,Flood,88,Groundnut,Barley,Vegetables,Medium,83,20,43,62228,/content/drive/MyDrive/dataset/CyAUG-Dataset/Yellow_Soil/y (2336).jpeg
Sandy,7.05,44,16,38,79,Drip,69,Maize,Barley,Wheat,Medium,200,25,64,71088,/content/drive/MyDrive/dataset/CyAUG-Dataset/Yellow_Soil/y (2326).jpeg
Loamy,6.04,26,19,31,48,Drip,81,Millet,Vegetables,Soybean,Low,93,26,42,34717,/content/drive/MyDrive/dataset/CyAUG-Dataset/Yellow_Soil/y (2044).jpeg
Loamy,6.22,51,18,37,71,Drip,62,Rice,Sugarcane,Maize,High,104,30,57,67112,/content/drive/MyDrive/dataset/CyAUG-Dataset/Yellow_Soil/y (2260).jpeg
Clay,6.41,60,34,21,75,Sprinkler,50,Barley,Wheat,Wheat,Low,159,24,49,44375,/content/drive/MyDrive/dataset/CyAUG-Dataset/Yellow_Soil/y (1748).jpeg
Silty,5.89,35,26,28,58,Sprinkler,60,Maize,Barley,Cotton,Low,62,28,74,77307,/content/drive/MyDrive/dataset/CyAUG-Dataset/Yellow_Soil/y (2267).jpeg
Sandy,6.55,31,37,24,48,Flood,59,Sugarcane,Cotton,Millet,Medium,154,29,42,24135,/content/drive/MyDrive/dataset/CyAUG-Dataset/Yellow_Soil/y (1917).jpeg
Silty,6.95,38,23,49,67,Sprinkler,81,Rice,Soybean,Rice,High,162,26,59,48184,/content/drive/MyDrive/dataset/CyAUG-Dataset/Yellow_Soil/y (2105).jpeg
Loamy,5.7,21,38,31,80,Drip,62,Maize,Rice,Groundnut,Medium,195,22,80,42352,/content/drive/MyDrive/dataset/CyAUG-Dataset/Yellow_Soil/y (2253).jpeg
Loamy,6.94,39,32,47,32,Drip,50,Maize,Sugarcane,Groundnut,High,194,28,68,27175,/content/drive/MyDrive/dataset/CyAUG-Dataset/Yellow_Soil/y (2153).jpeg
Clay,5.62,25,34,40,67,Drip,88,Wheat,Sugarcane,Soybean,High,158,30,84,56589,/content/drive/MyDrive/dataset/CyAUG-Dataset/Yellow_Soil/y (1930).jpeg
Sandy,5.9,34,36,47,47,Flood,58,Maize,Vegetables,Vegetables,Medium,79,22,75,31548,/content/drive/MyDrive/dataset/CyAUG-Dataset/Yellow_Soil/y (2121).jpeg
Sandy,7.14,20,22,40,67,Flood,67,Wheat,Groundnut,Sugarcane,Medium,146,21,87,77969,/content/drive/MyDrive/dataset/CyAUG-Dataset/Yellow_Soil/y (1641).jpeg
Silty,5.63,52,26,33,47,Sprinkler,72,Barley,Millet,Millet,Medium,142,26,85,23104,/content/drive/MyDrive/dataset/CyAUG-Dataset/Yellow_Soil/y (1657).jpeg
Clay,6.01,30,30,48,39,Drip,70,Vegetables,Sugarcane,Millet,Medium,130,31,46,31164,/content/drive/MyDrive/dataset/CyAUG-Dataset/Yellow_Soil/y (2215).jpeg
Loamy,6.1,50,15,22,54,Sprinkler,86,Barley,Maize,Rice,High,102,21,56,64889,/content/drive/MyDrive/dataset/CyAUG-Dataset/Yellow_Soil/y (2068).jpeg
Silty,6.92,57,25,46,72,Drip,84,Groundnut,Wheat,Soybean,Medium,128,29,62,30227,/content/drive/MyDrive/dataset/CyAUG-Dataset/Yellow_Soil/y (2082).jpeg
Loamy,6.31,34,24,35,71,Drip,68,Vegetables,Rice,Vegetables,Low,149,29,42,71362,/content/drive/MyDrive/dataset/CyAUG-Dataset/Yellow_Soil/y (1635).jpeg
Clay,5.93,26,35,46,33,Sprinkler,53,Sugarcane,Groundnut,Soybean,High,189,31,67,24460,/content/drive/MyDrive/dataset/CyAUG-Dataset/Yellow_Soil/y (1965).jpeg
Sandy,7.09,27,34,28,46,Flood,90,Rice,Cotton,Wheat,Low,51,35,58,30441,/content/drive/MyDrive/dataset/CyAUG-Dataset/Yellow_Soil/y (2271).jpeg
Loamy,6.2,28,39,31,50,Sprinkler,59,Cotton,Cotton,Maize,Low,139,23,90,47386,/content/drive/MyDrive/dataset/CyAUG-Dataset/Yellow_Soil/y (2472).jpeg
Silty,5.64,23,17,25,66,Flood,69,Cotton,Cotton,Maize,Medium,173,22,42,72320,/content/drive/MyDrive/dataset/CyAUG-Dataset/Yellow_Soil/y (1821).jpeg
Clay,5.71,45,36,45,32,Sprinkler,63,Barley,Millet,Millet,Medium,157,34,43,38624,/content/drive/MyDrive/dataset/CyAUG-Dataset/Yellow_Soil/y (2158).jpeg
Clay,6.59,31,28,36,56,Drip,59,Cotton,Wheat,Millet,Low,127,21,47,54267,/content/drive/MyDrive/dataset/CyAUG-Dataset/Yellow_Soil/y (1968).jpeg
Sandy,7.46,51,27,24,69,Drip,76,Sugarcane,Wheat,Wheat,High,104,20,72,57581,/content/drive/MyDrive/dataset/CyAUG-Dataset/Yellow_Soil/y (1727).jpeg
Silty,6.87,46,22,39,73,Sprinkler,89,Vegetables,Soybean,Rice,Medium,96,28,60,36425,/content/drive/MyDrive/dataset/CyAUG-Dataset/Yellow_Soil/y (2034).jpeg
Silty,7.17,21,15,39,30,Flood,86,Maize,Soybean,Maize,High,191,24,50,74203,/content/drive/MyDrive/dataset/CyAUG-Dataset/Yellow_Soil/y (1764).jpeg
Clay,7.3,40,28,46,68,Sprinkler,91,Rice,Soybean,Vegetables,Medium,77,31,67,24712,/content/drive/MyDrive/dataset/CyAUG-Dataset/Yellow_Soil/y (1716).jpeg
Silty,7.18,43,26,28,72,Drip,78,Maize,Groundnut,Groundnut,High,175,33,90,47043,/content/drive/MyDrive/dataset/CyAUG-Dataset/Yellow_Soil/y (2195).jpeg
Sandy,5.61,28,25,22,51,Drip,78,Cotton,Vegetables,Wheat,Medium,110,27,89,57123,/content/drive/MyDrive/dataset/CyAUG-Dataset/Yellow_Soil/y (2448).jpeg
Sandy,6.16,48,16,30,34,Sprinkler,63,Cotton,Rice,Soybean,Medium,120,33,80,42009,/content/drive/MyDrive/dataset/CyAUG-Dataset/Yellow_Soil/y (2351).jpeg
Clay,5.75,24,21,41,37,Sprinkler,54,Millet,Sugarcane,Millet,Low,85,26,59,70461,/content/drive/MyDrive/dataset/CyAUG-Dataset/Yellow_Soil/y (1732).jpeg
Clay,5.75,31,17,43,55,Flood,67,Groundnut,Groundnut,Barley,Medium,67,33,60,23659,/content/drive/MyDrive/dataset/CyAUG-Dataset/Yellow_Soil/y (2064).jpeg
Silty,7.33,44,31,39,49,Flood,57,Cotton,Barley,Cotton,Low,123,25,40,44897,/content/drive/MyDrive/dataset/CyAUG-Dataset/Yellow_Soil/y (1946).jpeg
Loamy,6.0,39,40,42,70,Drip,72,Maize,Maize,Cotton,High,161,22,63,73513,/content/drive/MyDrive/dataset/CyAUG-Dataset/Yellow_Soil/y (1703).jpeg
Sandy,6.46,29,27,25,42,Drip,71,Soybean,Maize,Maize,Low,142,29,76,65229,/content/drive/MyDrive/dataset/CyAUG-Dataset/Yellow_Soil/y (1985).jpeg
Sandy,5.95,31,30,38,73,Drip,74,Cotton,Millet,Cotton,High,89,31,44,20767,/content/drive/MyDrive/dataset/CyAUG-Dataset/Yellow_Soil/y (2250).jpeg
Clay,6.54,58,26,29,45,Flood,76,Barley,Sugarcane,Wheat,High,128,24,41,36393,/content/drive/MyDrive/dataset/CyAUG-Dataset/Yellow_Soil/y (2042).jpeg
Clay,7.01,56,16,48,61,Drip,71,Sugarcane,Maize,Barley,Medium,120,34,55,69938,/content/drive/MyDrive/dataset/CyAUG-Dataset/Yellow_Soil/y (2387).jpeg
Sandy,6.61,58,30,35,30,Sprinkler,65,Millet,Wheat,Maize,Medium,140,34,41,53371,/content/drive/MyDrive/dataset/CyAUG-Dataset/Yellow_Soil/y (1883).jpeg
Clay,6.27,38,32,42,53,Drip,73,Millet,Millet,Rice,Low,93,24,42,47235,/content/drive/MyDrive/dataset/CyAUG-Dataset/Yellow_Soil/y (2355).jpeg
Loamy,6.08,59,28,23,80,Flood,93,Wheat,Wheat,Groundnut,Low,113,27,53,42538,/content/drive/MyDrive/dataset/CyAUG-Dataset/Yellow_Soil/y (2375).jpeg
Silty,6.37,28,25,24,74,Drip,50,Rice,Cotton,Rice,High,183,29,69,71372,/content/drive/MyDrive/dataset/CyAUG-Dataset/Yellow_Soil/y (1695).jpeg
Loamy,6.56,43,38,28,74,Sprinkler,71,Cotton,Barley,Millet,High,80,35,55,44672,/content/drive/MyDrive/dataset/CyAUG-Dataset/Yellow_Soil/y (1897).jpeg
Clay,5.71,38,39,50,49,Drip,58,Vegetables,Barley,Sugarcane,Medium,88,35,77,35219,/content/drive/MyDrive/dataset/CyAUG-Dataset/Yellow_Soil/y (1776).jpeg
Loamy,6.34,47,24,49,60,Flood,89,Maize,Millet,Maize,High,192,20,73,50997,/content/drive/MyDrive/dataset/CyAUG-Dataset/Yellow_Soil/y (2293).jpeg
Sandy,6.0,20,20,47,37,Drip,56,Maize,Rice,Maize,Low,133,29,65,36528,/content/drive/MyDrive/dataset/CyAUG-Dataset/Yellow_Soil/y (1829).jpeg
Loamy,5.63,46,27,35,39,Sprinkler,91,Groundnut,Sugarcane,Rice,Low,161,28,62,20567,/content/drive/MyDrive/dataset/CyAUG-Dataset/Yellow_Soil/y (2321).jpeg
Sandy,7.17,52,27,21,45,Flood,61,Millet,Millet,Sugarcane,Medium,88,33,46,32837,/content/drive/MyDrive/dataset/CyAUG-Dataset/Yellow_Soil/y (1640).jpeg
Sandy,5.94,34,15,47,58,Flood,72,Millet,Millet,Groundnut,Low,118,27,84,27332,/content/drive/MyDrive/dataset/CyAUG-Dataset/Yellow_Soil/y (1947).jpeg
Sandy,6.4,46,40,39,61,Sprinkler,62,Groundnut,Groundnut,Cotton,High,110,23,50,74198,/content/drive/MyDrive/dataset/CyAUG-Dataset/Yellow_Soil/y (2323).jpeg
Silty,5.6,59,19,36,38,Flood,73,Millet,Sugarcane,Barley,Medium,78,30,72,40269,/content/drive/MyDrive/dataset/CyAUG-Dataset/Yellow_Soil/y (2467).jpeg
Silty,6.53,60,38,37,42,Drip,50,Barley,Millet,Maize,Low,110,30,40,48414,/content/drive/MyDrive/dataset/CyAUG-Dataset/Yellow_Soil/y (1942).jpeg
Sandy,5.64,30,19,24,71,Sprinkler,73,Wheat,Wheat,Cotton,Low,169,29,52,23530,/content/drive/MyDrive/dataset/CyAUG-Dataset/Yellow_Soil/y (2382).jpeg
Silty,6.34,51,27,41,63,Flood,89,Sugarcane,Sugarcane,Barley,High,140,25,89,58814,/content/drive/MyDrive/dataset/CyAUG-Dataset/Yellow_Soil/y (1787).jpeg
Silty,6.23,32,28,23,30,Flood,85,Millet,Barley,Rice,Medium,174,26,74,66191,/content/drive/MyDrive/dataset/CyAUG-Dataset/Yellow_Soil/y (2379).jpeg
Silty,6.76,57,29,43,54,Drip,95,Wheat,Wheat,Cotton,Medium,125,20,59,56691,/content/drive/MyDrive/dataset/CyAUG-Dataset/Yellow_Soil/y (1758).jpeg
Loamy,7.27,24,34,44,63,Sprinkler,82,Vegetables,Wheat,Millet,Medium,124,34,50,36467,/content/drive/MyDrive/dataset/CyAUG-Dataset/Yellow_Soil/y (1952).jpeg
Clay,6.73,57,34,27,41,Flood,64,Millet,Maize,Wheat,Low,92,31,40,67652,/content/drive/MyDrive/dataset/CyAUG-Dataset/Yellow_Soil/y (2421).jpeg
Silty,7.23,30,32,22,32,Drip,79,Vegetables,Millet,Soybean,Low,120,33,40,73322,/content/drive/MyDrive/dataset/CyAUG-Dataset/Yellow_Soil/y (1973).jpeg
Sandy,7.38,56,26,50,75,Drip,79,Sugarcane,Maize,Cotton,High,58,29,85,30441,/content/drive/MyDrive/dataset/CyAUG-Dataset/Yellow_Soil/y (1812).jpeg
Silty,6.49,23,20,39,78,Sprinkler,68,Sugarcane,Maize,Groundnut,Medium,131,27,73,63670,/content/drive/MyDrive/dataset/CyAUG-Dataset/Yellow_Soil/y (2049).jpeg
Clay,5.9,54,33,29,67,Sprinkler,78,Millet,Soybean,Maize,Medium,57,28,62,24067,/content/drive/MyDrive/dataset/CyAUG-Dataset/Yellow_Soil/y (2341).jpeg
Silty,5.84,26,23,24,53,Flood,76,Vegetables,Soybean,Groundnut,Low,79,22,64,66785,/content/drive/MyDrive/dataset/CyAUG-Dataset/Yellow_Soil/y (2024).jpeg
Loamy,5.63,29,27,49,38,Sprinkler,70,Sugarcane,Soybean,Cotton,Medium,109,34,82,45088,/content/drive/MyDrive/dataset/CyAUG-Dataset/Yellow_Soil/y (2427).jpeg
Clay,7.19,20,32,30,44,Sprinkler,68,Vegetables,Barley,Wheat,Medium,82,25,59,67329,/content/drive/MyDrive/dataset/CyAUG-Dataset/Yellow_Soil/y (2057).jpeg
Silty,6.49,47,26,34,70,Flood,90,Maize,Sugarcane,Sugarcane,Medium,163,21,81,73919,/content/drive/MyDrive/dataset/CyAUG-Dataset/Yellow_Soil/y (1671).jpeg
Loamy,7.2,28,36,26,62,Sprinkler,74,Vegetables,Barley,Sugarcane,Low,185,32,60,22921,/content/drive/MyDrive/dataset/CyAUG-Dataset/Yellow_Soil/y (1851).jpeg
Loamy,7.27,34,17,37,62,Sprinkler,94,Soybean,Wheat,Soybean,Low,171,20,72,33137,/content/drive/MyDrive/dataset/CyAUG-Dataset/Yellow_Soil/y (1960).jpeg
Loamy,6.37,42,20,27,56,Sprinkler,50,Barley,Barley,Wheat,Medium,146,20,51,35208,/content/drive/MyDrive/dataset/CyAUG-Dataset/Yellow_Soil/y (1820).jpeg
Sandy,6.45,29,19,28,57,Drip,67,Rice,Wheat,Sugarcane,Low,181,20,59,65323,/content/drive/MyDrive/dataset/CyAUG-Dataset/Yellow_Soil/y (2101).jpeg
Clay,6.47,44,37,38,30,Sprinkler,50,Cotton,Barley,Soybean,Medium,88,32,40,39222,/content/drive/MyDrive/dataset/CyAUG-Dataset/Yellow_Soil/y (1707).jpeg
Silty,5.59,60,18,44,63,Sprinkler,89,Millet,Wheat,Millet,High,53,21,79,28047,/content/drive/MyDrive/dataset/CyAUG-Dataset/Yellow_Soil/y (2474).jpeg
Loamy,6.04,58,24,47,31,Flood,79,Vegetables,Soybean,Vegetables,Low,126,28,60,47167,/content/drive/MyDrive/dataset/CyAUG-Dataset/Yellow_Soil/y (2285).jpeg
Clay,5.64,55,34,27,71,Sprinkler,93,Barley,Rice,Maize,Low,65,33,43,62861,/content/drive/MyDrive/dataset/CyAUG-Dataset/Yellow_Soil/y (1705).jpeg
Clay,6.24,47,17,23,63,Sprinkler,60,Cotton,Cotton,Rice,Low,167,35,61,27540,/content/drive/MyDrive/dataset/CyAUG-Dataset/Yellow_Soil/y (1679).jpeg
Loamy,5.92,27,40,32,59,Sprinkler,84,Rice,Sugarcane,Sugarcane,High,85,25,45,49429,/content/drive/MyDrive/dataset/CyAUG-Dataset/Yellow_Soil/y (1945).jpeg
Loamy,5.56,23,38,41,31,Sprinkler,56,Cotton,Cotton,Soybean,Low,156,34,85,64493,/content/drive/MyDrive/dataset/CyAUG-Dataset/Yellow_Soil/y (2125).jpeg
Silty,7.14,39,25,43,30,Sprinkler,68,Barley,Rice,Millet,Low,51,21,47,63375,/content/drive/MyDrive/dataset/CyAUG-Dataset/Yellow_Soil/y (2045).jpeg
Sandy,7.25,59,34,33,68,Drip,66,Rice,Maize,Barley,High,148,20,81,43375,/content/drive/MyDrive/dataset/CyAUG-Dataset/Yellow_Soil/y (1995).jpeg
Sandy,6.14,57,37,23,80,Flood,65,Millet,Barley,Vegetables,High,146,31,44,33277,/content/drive/MyDrive/dataset/CyAUG-Dataset/Yellow_Soil/y (2216).jpeg
Loamy,6.33,60,38,45,54,Drip,91,Vegetables,Vegetables,Millet,Low,182,24,79,59030,/content/drive/MyDrive/dataset/CyAUG-Dataset/Yellow_Soil/y (1647).jpeg
Clay,5.88,29,28,36,47,Flood,61,Soybean,Barley,Wheat,Medium,143,25,47,37788,/content/drive/MyDrive/dataset/CyAUG-Dataset/Yellow_Soil/y (1698).jpeg
Loamy,7.45,56,29,20,36,Flood,71,Millet,Wheat,Groundnut,High,81,27,70,20285,/content/drive/MyDrive/dataset/CyAUG-Dataset/Yellow_Soil/y (1996).jpeg
Silty,6.52,48,33,38,49,Sprinkler,73,Groundnut,Rice,Soybean,High,165,25,66,30630,/content/drive/MyDrive/dataset/CyAUG-Dataset/Yellow_Soil/y (2308).jpeg
Clay,6.78,50,32,28,30,Sprinkler,82,Vegetables,Cotton,Sugarcane,Low,80,33,85,60264,/content/drive/MyDrive/dataset/CyAUG-Dataset/Yellow_Soil/y (1752).jpeg
Sandy,6.34,28,39,20,73,Flood,53,Sugarcane,Soybean,Barley,High,181,25,62,53364,/content/drive/MyDrive/dataset/CyAUG-Dataset/Yellow_Soil/y (1817).jpeg
Sandy,5.53,47,27,23,76,Flood,69,Vegetables,Rice,Cotton,High,80,30,64,55775,/content/drive/MyDrive/dataset/CyAUG-Dataset/Yellow_Soil/y (2429).jpeg
Silty,6.61,40,37,47,62,Drip,95,Vegetables,Maize,Barley,High,192,30,85,33514,/content/drive/MyDrive/dataset/CyAUG-Dataset/Yellow_Soil/y (2357).jpeg
Loamy,5.63,31,29,48,70,Drip,78,Maize,Rice,Millet,Medium,83,29,49,32490,/content/drive/MyDrive/dataset/CyAUG-Dataset/Yellow_Soil/y (1642).jpeg
Silty,5.65,59,20,22,56,Drip,50,Rice,Groundnut,Vegetables,High,162,33,52,47015,/content/drive/MyDrive/dataset/CyAUG-Dataset/Yellow_Soil/y (2436).jpeg
Loamy,5.94,41,17,24,50,Flood,78,Millet,Barley,Vegetables,Low,143,34,42,77913,/content/drive/MyDrive/dataset/CyAUG-Dataset/Yellow_Soil/y (2295).jpeg
Sandy,5.53,45,17,35,71,Sprinkler,72,Sugarcane,Wheat,Rice,Low,156,30,48,21564,/content/drive/MyDrive/dataset/CyAUG-Dataset/Yellow_Soil/y (1902).jpeg
Loamy,5.75,20,24,44,70,Drip,50,Groundnut,Sugarcane,Maize,Medium,136,22,40,40402,/content/drive/MyDrive/dataset/CyAUG-Dataset/Yellow_Soil/y (2185).jpeg
Sandy,7.02,22,39,36,69,Flood,90,Barley,Sugarcane,Cotton,Medium,82,29,61,55042,/content/drive/MyDrive/dataset/CyAUG-Dataset/Yellow_Soil/y (1997).jpeg
Sandy,6.11,55,35,36,55,Drip,63,Rice,Cotton,Vegetables,High,52,28,84,33134,/content/drive/MyDrive/dataset/CyAUG-Dataset/Yellow_Soil/y (1913).jpeg
Loamy,7.09,33,21,33,52,Sprinkler,87,Soybean,Rice,Sugarcane,Low,94,33,59,79956,/content/drive/MyDrive/dataset/CyAUG-Dataset/Yellow_Soil/y (1944).jpeg
Sandy,5.64,22,15,38,63,Sprinkler,91,Millet,Sugarcane,Vegetables,Medium,171,21,40,79634,/content/drive/MyDrive/dataset/CyAUG-Dataset/Yellow_Soil/y (2171).jpeg
Loamy,5.82,23,30,29,74,Sprinkler,67,Barley,Maize,Vegetables,High,89,29,63,76506,/content/drive/MyDrive/dataset/CyAUG-Dataset/Yellow_Soil/y (1710).jpeg
Loamy,7.12,20,37,37,72,Flood,62,Cotton,Wheat,Wheat,Medium,93,35,77,51258,/content/drive/MyDrive/dataset/CyAUG-Dataset/Yellow_Soil/y (1807).jpeg
Sandy,5.69,26,40,28,58,Sprinkler,67,Barley,Soybean,Rice,High,95,22,55,72128,/content/drive/MyDrive/dataset/CyAUG-Dataset/Yellow_Soil/y (2496).jpeg
Loamy,7.07,30,22,25,72,Sprinkler,57,Barley,Sugarcane,Vegetables,Medium,77,22,47,63030,/content/drive/MyDrive/dataset/CyAUG-Dataset/Yellow_Soil/y (1891).jpeg
Clay,7.48,49,23,26,62,Drip,95,Vegetables,Rice,Soybean,Low,121,34,66,66133,/content/drive/MyDrive/dataset/CyAUG-Dataset/Yellow_Soil/y (2409).jpeg
Loamy,6.52,47,31,43,53,Flood,75,Groundnut,Maize,Wheat,Low,134,22,56,53277,/content/drive/MyDrive/dataset/CyAUG-Dataset/Yellow_Soil/y (2465).jpeg
Clay,7.37,42,27,22,36,Drip,89,Wheat,Soybean,Sugarcane,Medium,109,24,80,51156,/content/drive/MyDrive/dataset/CyAUG-Dataset/Yellow_Soil/y (2275).jpeg
Silty,6.6,54,16,43,57,Flood,53,Sugarcane,Vegetables,Vegetables,Low,117,22,57,67254,/content/drive/MyDrive/dataset/CyAUG-Dataset/Yellow_Soil/y (1779).jpeg
Loamy,6.03,37,20,44,65,Sprinkler,58,Sugarcane,Barley,Cotton,Low,157,21,52,47047,/content/drive/MyDrive/dataset/CyAUG-Dataset/Yellow_Soil/y (2256).jpeg
Sandy,7.35,55,33,50,69,Drip,65,Rice,Rice,Cotton,Low,68,32,52,52778,/content/drive/MyDrive/dataset/CyAUG-Dataset/Yellow_Soil/y (1704).jpeg
Loamy,5.98,21,34,25,75,Sprinkler,77,Rice,Groundnut,Vegetables,High,85,32,51,43479,/content/drive/MyDrive/dataset/CyAUG-Dataset/Yellow_Soil/y (1778).jpeg
Silty,5.93,28,16,50,62,Flood,69,Wheat,Sugarcane,Rice,High,176,27,86,65382,/content/drive/MyDrive/dataset/CyAUG-Dataset/Yellow_Soil/y (2168).jpeg
Sandy,6.25,59,30,46,62,Drip,65,Vegetables,Cotton,Sugarcane,Low,116,24,83,48714,/content/drive/MyDrive/dataset/CyAUG-Dataset/Yellow_Soil/y (1906).jpeg
Loamy,6.59,55,17,34,54,Drip,59,Barley,Cotton,Cotton,Medium,123,26,73,59730,/content/drive/MyDrive/dataset/CyAUG-Dataset/Yellow_Soil/y (2289).jpeg
Sandy,5.96,44,32,46,71,Flood,71,Sugarcane,Sugarcane,Millet,Medium,68,30,84,72120,/content/drive/MyDrive/dataset/CyAUG-Dataset/Yellow_Soil/y (2272).jpeg
Silty,6.74,60,16,45,78,Sprinkler,59,Soybean,Rice,Millet,Low,131,27,87,61876,/content/drive/MyDrive/dataset/CyAUG-Dataset/Yellow_Soil/y (2348).jpeg
Silty,6.42,42,33,22,53,Sprinkler,67,Millet,Cotton,Soybean,High,158,35,58,39970,/content/drive/MyDrive/dataset/CyAUG-Dataset/Yellow_Soil/y (2066).jpeg
Sandy,6.32,38,35,38,50,Drip,59,Millet,Groundnut,Rice,Low,86,20,48,53699,/content/drive/MyDrive/dataset/CyAUG-Dataset/Yellow_Soil/y (1905).jpeg
Silty,6.29,20,35,39,76,Sprinkler,51,Rice,Millet,Wheat,Low,97,25,78,44703,/content/drive/MyDrive/dataset/CyAUG-Dataset/Yellow_Soil/y (1855).jpeg
Silty,6.23,21,15,49,62,Sprinkler,90,Barley,Wheat,Barley,Medium,147,29,69,45076,/content/drive/MyDrive/dataset/CyAUG-Dataset/Yellow_Soil/y (1683).jpeg
Sandy,6.88,48,38,50,39,Sprinkler,64,Millet,Barley,Barley,High,104,27,49,61061,/content/drive/MyDrive/dataset/CyAUG-Dataset/Yellow_Soil/y (2294).jpeg
Sandy,5.84,46,39,30,30,Drip,77,Millet,Rice,Vegetables,Medium,192,34,42,76965,/content/drive/MyDrive/dataset/CyAUG-Dataset/Yellow_Soil/y (2350).jpeg
Silty,5.74,30,24,29,73,Flood,88,Rice,Soybean,Rice,High,97,21,48,46587,/content/drive/MyDrive/dataset/CyAUG-Dataset/Yellow_Soil/y (2464).jpeg
Loamy,7.2,53,18,24,64,Sprinkler,74,Soybean,Millet,Millet,High,167,34,71,38776,/content/drive/MyDrive/dataset/CyAUG-Dataset/Yellow_Soil/y (2154).jpeg
Silty,6.7,54,35,50,43,Sprinkler,83,Cotton,Vegetables,Maize,High,196,28,86,43857,/content/drive/MyDrive/dataset/CyAUG-Dataset/Yellow_Soil/y (2134).jpeg
Sandy,6.56,50,21,36,50,Sprinkler,71,Wheat,Wheat,Rice,High,110,24,46,39190,/content/drive/MyDrive/dataset/CyAUG-Dataset/Yellow_Soil/y (2130).jpeg
Loamy,6.49,28,35,30,78,Flood,90,Wheat,Barley,Rice,High,64,35,64,44781,/content/drive/MyDrive/dataset/CyAUG-Dataset/Yellow_Soil/y (1692).jpeg
Silty,5.76,57,32,43,73,Drip,87,Rice,Barley,Groundnut,High,128,23,52,78056,/content/drive/MyDrive/dataset/CyAUG-Dataset/Yellow_Soil/y (2462).jpeg
Silty,7.41,39,36,34,72,Drip,54,Cotton,Groundnut,Millet,Medium,137,29,60,34151,/content/drive/MyDrive/dataset/CyAUG-Dataset/Yellow_Soil/y (2403).jpeg
Loamy,6.91,27,18,31,34,Flood,51,Vegetables,Millet,Maize,Medium,53,28,64,58386,/content/drive/MyDrive/dataset/CyAUG-Dataset/Yellow_Soil/y (2237).jpeg
Clay,6.55,27,34,40,48,Drip,51,Wheat,Sugarcane,Groundnut,High,104,20,67,37833,/content/drive/MyDrive/dataset/CyAUG-Dataset/Yellow_Soil/y (1893).jpeg
Loamy,6.07,57,24,39,31,Flood,86,Sugarcane,Millet,Rice,High,85,21,41,46262,/content/drive/MyDrive/dataset/CyAUG-Dataset/Yellow_Soil/y (1967).jpeg
Clay,5.75,56,23,20,53,Drip,70,Groundnut,Rice,Millet,Medium,50,34,76,34532,/content/drive/MyDrive/dataset/CyAUG-Dataset/Yellow_Soil/y (1898).jpeg
Silty,6.36,23,19,34,31,Sprinkler,90,Soybean,Vegetables,Vegetables,High,91,32,81,69011,/content/drive/MyDrive/dataset/CyAUG-Dataset/Yellow_Soil/y (1894).jpeg
Silty,6.1,44,40,21,62,Sprinkler,81,Vegetables,Cotton,Millet,Medium,129,29,42,76041,/content/drive/MyDrive/dataset/CyAUG-Dataset/Yellow_Soil/y (2281).jpeg
Clay,6.45,59,28,33,79,Sprinkler,66,Millet,Groundnut,Wheat,Medium,157,34,46,50613,/content/drive/MyDrive/dataset/CyAUG-Dataset/Yellow_Soil/y (1911).jpeg
Loamy,6.2,36,36,43,73,Sprinkler,87,Wheat,Barley,Sugarcane,High,128,25,66,40722,/content/drive/MyDrive/dataset/CyAUG-Dataset/Yellow_Soil/y (2214).jpeg
Loamy,6.71,39,20,25,47,Sprinkler,66,Soybean,Wheat,Maize,Medium,152,30,59,27410,/content/drive/MyDrive/dataset/CyAUG-Dataset/Yellow_Soil/y (2212).jpeg
Loamy,5.68,23,21,36,47,Drip,92,Barley,Barley,Maize,High,183,20,41,63961,/content/drive/MyDrive/dataset/CyAUG-Dataset/Yellow_Soil/y (2320).jpeg
Sandy,6.49,45,15,32,42,Flood,52,Groundnut,Barley,Cotton,High,142,31,59,44261,/content/drive/MyDrive/dataset/CyAUG-Dataset/Yellow_Soil/y (2494).jpeg
Loamy,6.53,50,34,20,43,Sprinkler,68,Wheat,Soybean,Barley,High,169,30,53,32374,/content/drive/MyDrive/dataset/CyAUG-Dataset/Yellow_Soil/y (2459).jpeg
Sandy,6.48,56,31,32,67,Drip,60,Maize,Rice,Wheat,Medium,55,29,61,78492,/content/drive/MyDrive/dataset/CyAUG-Dataset/Yellow_Soil/y (1838).jpeg
Sandy,6.75,35,28,49,35,Drip,54,Barley,Wheat,Soybean,Low,51,32,77,42628,/content/drive/MyDrive/dataset/CyAUG-Dataset/Yellow_Soil/y (1845).jpeg
Silty,6.76,57,40,26,58,Sprinkler,92,Maize,Cotton,Cotton,High,197,30,72,22659,/content/drive/MyDrive/dataset/CyAUG-Dataset/Yellow_Soil/y (2428).jpeg
Silty,7.19,33,23,44,79,Drip,63,Groundnut,Rice,Soybean,High,72,24,78,38168,/content/drive/MyDrive/dataset/CyAUG-Dataset/Yellow_Soil/y (1766).jpeg
Loamy,6.97,53,27,21,45,Sprinkler,52,Millet,Sugarcane,Maize,High,138,34,90,30951,/content/drive/MyDrive/dataset/CyAUG-Dataset/Yellow_Soil/y (2412).jpeg
Loamy,5.64,31,32,43,66,Flood,80,Sugarcane,Vegetables,Sugarcane,Medium,170,25,55,72008,/content/drive/MyDrive/dataset/CyAUG-Dataset/Yellow_Soil/y (2087).jpeg
Sandy,5.62,48,37,27,58,Flood,84,Cotton,Millet,Maize,Medium,126,33,74,35543,/content/drive/MyDrive/dataset/CyAUG-Dataset/Yellow_Soil/y (2264).jpeg
Sandy,6.67,32,24,29,52,Flood,50,Groundnut,Soybean,Wheat,Medium,139,32,53,24764,/content/drive/MyDrive/dataset/CyAUG-Dataset/Yellow_Soil/y (1630).jpeg
Sandy,6.22,33,28,48,45,Flood,60,Vegetables,Barley,Sugarcane,High,138,35,41,29476,/content/drive/MyDrive/dataset/CyAUG-Dataset/Yellow_Soil/y (1741).jpeg
Sandy,7.14,53,25,47,62,Drip,83,Barley,Soybean,Cotton,Medium,111,27,49,73705,/content/drive/MyDrive/dataset/CyAUG-Dataset/Yellow_Soil/y (2036).jpeg
Clay,5.74,20,23,34,62,Drip,58,Maize,Groundnut,Millet,High,102,28,66,51677,/content/drive/MyDrive/dataset/CyAUG-Dataset/Yellow_Soil/y (2268).jpeg
Silty,7.41,50,40,36,73,Drip,58,Sugarcane,Wheat,Cotton,Medium,141,35,51,52269,/content/drive/MyDrive/dataset/CyAUG-Dataset/Yellow_Soil/y (1984).jpeg
Silty,6.96,45,32,49,73,Sprinkler,84,Millet,Sugarcane,Barley,Low,184,20,54,33399,/content/drive/MyDrive/dataset/CyAUG-Dataset/Yellow_Soil/y (1937).jpeg
Loamy,5.97,29,39,32,69,Sprinkler,56,Barley,Cotton,Sugarcane,High,118,21,83,47107,/content/drive/MyDrive/dataset/CyAUG-Dataset/Yellow_Soil/y (2460).jpeg
Silty,6.45,26,24,30,57,Drip,55,Vegetables,Barley,Cotton,Low,63,25,58,46447,/content/drive/MyDrive/dataset/CyAUG-Dataset/Yellow_Soil/y (1760).jpeg
Sandy,6.22,27,24,37,43,Drip,56,Vegetables,Cotton,Soybean,Low,114,25,87,63707,/content/drive/MyDrive/dataset/CyAUG-Dataset/Yellow_Soil/y (2381).jpeg
Sandy,6.03,23,33,31,68,Flood,93,Groundnut,Vegetables,Rice,High,56,31,70,35119,/content/drive/MyDrive/dataset/CyAUG-Dataset/Yellow_Soil/y (2003).jpeg
Sandy,5.99,33,39,45,32,Flood,61,Sugarcane,Maize,Cotton,Medium,93,22,67,75035,/content/drive/MyDrive/dataset/CyAUG-Dataset/Yellow_Soil/y (2047).jpeg
Silty,6.63,24,34,44,74,Sprinkler,71,Millet,Rice,Wheat,High,81,32,43,42934,/content/drive/MyDrive/dataset/CyAUG-Dataset/Yellow_Soil/y (2312).jpeg
Silty,5.63,42,40,42,68,Flood,75,Sugarcane,Barley,Maize,Low,171,24,70,24495,/content/drive/MyDrive/dataset/CyAUG-Dataset/Yellow_Soil/y (1870).jpeg
Silty,7.34,55,19,45,66,Flood,88,Millet,Rice,Cotton,Low,155,29,40,76308,/content/drive/MyDrive/dataset/CyAUG-Dataset/Yellow_Soil/y (2450).jpeg
Sandy,6.25,55,26,21,58,Flood,67,Wheat,Vegetables,Maize,Medium,179,30,43,32728,/content/drive/MyDrive/dataset/CyAUG-Dataset/Yellow_Soil/y (2063).jpeg
Silty,7.03,21,21,26,50,Flood,61,Sugarcane,Millet,Millet,Medium,65,31,77,77202,/content/drive/MyDrive/dataset/CyAUG-Dataset/Yellow_Soil/y (2360).jpeg
Silty,6.54,55,35,34,30,Drip,66,Sugarcane,Sugarcane,Sugarcane,High,182,29,54,47489,/content/drive/MyDrive/dataset/CyAUG-Dataset/Yellow_Soil/y (1736).jpeg
Loamy,6.08,47,24,36,70,Flood,74,Barley,Wheat,Maize,Low,72,23,54,58936,/content/drive/MyDrive/dataset/CyAUG-Dataset/Yellow_Soil/y (2041).jpeg
Loamy,6.36,42,31,22,52,Flood,78,Soybean,Rice,Maize,High,153,20,84,48915,/content/drive/MyDrive/dataset/CyAUG-Dataset/Yellow_Soil/y (1675).jpeg
Sandy,6.97,53,18,33,34,Drip,59,Millet,Soybean,Vegetables,High,119,25,83,43765,/content/drive/MyDrive/dataset/CyAUG-Dataset/Yellow_Soil/y (2420).jpeg
Clay,6.63,34,31,41,79,Drip,83,Groundnut,Vegetables,Sugarcane,Medium,198,25,42,23680,/content/drive/MyDrive/dataset/CyAUG-Dataset/Yellow_Soil/y (1696).jpeg
Clay,7.08,29,29,28,48,Flood,78,Sugarcane,Vegetables,Sugarcane,Low,61,20,80,61389,/content/drive/MyDrive/dataset/CyAUG-Dataset/Yellow_Soil/y (1645).jpeg
Silty,6.87,56,35,49,31,Flood,59,Vegetables,Soybean,Cotton,Low,62,29,89,65758,/content/drive/MyDrive/dataset/CyAUG-Dataset/Yellow_Soil/y (1652).jpeg
Loamy,6.58,33,31,44,44,Sprinkler,54,Vegetables,Wheat,Maize,High,59,33,72,23069,/content/drive/MyDrive/dataset/CyAUG-Dataset/Yellow_Soil/y (2453).jpeg
Silty,6.68,45,35,38,66,Flood,83,Wheat,Rice,Cotton,Low,67,31,55,66421,/content/drive/MyDrive/dataset/CyAUG-Dataset/Yellow_Soil/y (2248).jpeg
Loamy,7.34,39,39,46,61,Sprinkler,50,Wheat,Wheat,Barley,Medium,173,26,42,63667,/content/drive/MyDrive/dataset/CyAUG-Dataset/Yellow_Soil/y (2468).jpeg
Loamy,5.65,41,39,45,60,Sprinkler,93,Maize,Rice,Cotton,Medium,156,25,72,27295,/content/drive/MyDrive/dataset/CyAUG-Dataset/Yellow_Soil/y (2203).jpeg
Sandy,7.1,28,28,36,49,Flood,72,Soybean,Rice,Soybean,Low,93,26,73,49596,/content/drive/MyDrive/dataset/CyAUG-Dataset/Yellow_Soil/y (2207).jpeg
Silty,6.42,49,20,30,63,Sprinkler,57,Millet,Sugarcane,Vegetables,Medium,112,33,42,32341,/content/drive/MyDrive/dataset/CyAUG-Dataset/Yellow_Soil/y (2316).jpeg
Loamy,5.63,44,25,24,66,Sprinkler,56,Cotton,Wheat,Vegetables,High,70,31,64,36611,/content/drive/MyDrive/dataset/CyAUG-Dataset/Yellow_Soil/y (1826).jpeg
Clay,6.61,48,15,42,72,Sprinkler,63,Wheat,Soybean,Millet,Low,187,28,66,41689,/content/drive/MyDrive/dataset/CyAUG-Dataset/Yellow_Soil/y (1771).jpeg
Silty,5.59,26,28,37,45,Drip,93,Vegetables,Cotton,Sugarcane,Low,80,33,48,21238,/content/drive/MyDrive/dataset/CyAUG-Dataset/Yellow_Soil/y (1881).jpeg
Loamy,5.78,46,16,38,45,Drip,86,Millet,Wheat,Maize,Low,120,27,60,29639,/content/drive/MyDrive/dataset/CyAUG-Dataset/Yellow_Soil/y (2493).jpeg
Silty,6.24,39,17,47,67,Sprinkler,55,Maize,Groundnut,Wheat,High,136,20,62,47454,/content/drive/MyDrive/dataset/CyAUG-Dataset/Yellow_Soil/y (1775).jpeg
Silty,6.55,51,24,48,48,Drip,76,Vegetables,Cotton,Rice,Medium,122,23,85,79951,/content/drive/MyDrive/dataset/CyAUG-Dataset/Yellow_Soil/y (2365).jpeg
Silty,5.75,22,28,32,50,Drip,63,Barley,Maize,Rice,High,89,29,61,79225,/content/drive/MyDrive/dataset/CyAUG-Dataset/Yellow_Soil/y (2328).jpeg
Loamy,7.17,57,15,27,65,Sprinkler,92,Cotton,Groundnut,Groundnut,High,89,20,83,60280,/content/drive/MyDrive/dataset/CyAUG-Dataset/Yellow_Soil/y (1857).jpeg
Sandy,6.45,28,35,39,79,Sprinkler,82,Barley,Soybean,Wheat,Medium,181,35,51,40724,/content/drive/MyDrive/dataset/CyAUG-Dataset/Yellow_Soil/y (1637).jpeg
Sandy,6.69,44,25,43,36,Flood,89,Soybean,Vegetables,Maize,Low,139,20,40,44733,/content/drive/MyDrive/dataset/CyAUG-Dataset/Yellow_Soil/y (1651).jpeg
Loamy,7.41,57,19,45,40,Flood,73,Maize,Wheat,Wheat,High,184,28,86,61866,/content/drive/MyDrive/dataset/CyAUG-Dataset/Yellow_Soil/y (2406).jpeg
Silty,6.77,35,31,31,61,Drip,84,Millet,Groundnut,Sugarcane,High,189,35,42,36857,/content/drive/MyDrive/dataset/CyAUG-Dataset/Yellow_Soil/y (1688).jpeg
Loamy,7.4,59,16,32,59,Sprinkler,84,Vegetables,Millet,Barley,Medium,188,23,86,48104,/content/drive/MyDrive/dataset/CyAUG-Dataset/Yellow_Soil/y (1869).jpeg
Clay,6.75,28,23,37,46,Drip,88,Wheat,Groundnut,Cotton,Medium,150,25,66,26189,/content/drive/MyDrive/dataset/CyAUG-Dataset/Yellow_Soil/y (1706).jpeg
Loamy,6.92,58,16,44,67,Flood,83,Soybean,Sugarcane,Barley,Medium,69,22,75,20819,/content/drive/MyDrive/dataset/CyAUG-Dataset/Yellow_Soil/y (1896).jpeg
Silty,6.62,31,15,26,34,Drip,83,Vegetables,Sugarcane,Rice,High,111,23,81,48120,/content/drive/MyDrive/dataset/CyAUG-Dataset/Yellow_Soil/y (2012).jpeg
Sandy,6.1,23,16,36,60,Sprinkler,88,Vegetables,Millet,Vegetables,Low,103,34,77,48417,/content/drive/MyDrive/dataset/CyAUG-Dataset/Yellow_Soil/y (2372).jpeg
Clay,7.1,41,19,32,32,Sprinkler,51,Groundnut,Vegetables,Cotton,Low,199,28,44,28846,/content/drive/MyDrive/dataset/CyAUG-Dataset/Yellow_Soil/y (2028).jpeg
Silty,7.4,37,18,22,64,Drip,71,Millet,Groundnut,Rice,Low,75,35,53,28964,/content/drive/MyDrive/dataset/CyAUG-Dataset/Yellow_Soil/y (1843).jpeg
Loamy,5.89,39,18,24,54,Flood,57,Groundnut,Millet,Soybean,Medium,131,21,46,28069,/content/drive/MyDrive/dataset/CyAUG-Dataset/Yellow_Soil/y (2415).jpeg
Loamy,6.55,47,38,38,78,Drip,75,Sugarcane,Maize,Millet,Medium,168,20,81,52460,/content/drive/MyDrive/dataset/CyAUG-Dataset/Yellow_Soil/y (2349).jpeg
Sandy,5.74,21,19,42,51,Sprinkler,78,Maize,Soybean,Groundnut,Medium,57,28,69,45496,/content/drive/MyDrive/dataset/CyAUG-Dataset/Yellow_Soil/y (2076).jpeg
Sandy,6.92,22,17,47,70,Drip,54,Cotton,Groundnut,Maize,High,60,34,58,72402,/content/drive/MyDrive/dataset/CyAUG-Dataset/Yellow_Soil/y (2137).jpeg
Sandy,6.28,48,37,40,66,Flood,67,Soybean,Wheat,Vegetables,High,145,33,42,47991,/content/drive/MyDrive/dataset/CyAUG-Dataset/Yellow_Soil/y (2200).jpeg
Loamy,7.07,54,24,23,47,Flood,68,Sugarcane,Vegetables,Groundnut,Medium,63,20,48,36412,/content/drive/MyDrive/dataset/CyAUG-Dataset/Yellow_Soil/y (2265).jpeg
Clay,7.5,24,22,49,70,Sprinkler,83,Soybean,Cotton,Maize,Low,116,21,62,41849,/content/drive/MyDrive/dataset/CyAUG-Dataset/Yellow_Soil/y (2136).jpeg
Silty,6.06,30,19,34,41,Flood,87,Groundnut,Maize,Sugarcane,Medium,155,22,51,38151,/content/drive/MyDrive/dataset/CyAUG-Dataset/Yellow_Soil/y (1839).jpeg
Silty,5.78,28,39,50,76,Flood,50,Soybean,Maize,Millet,Medium,126,33,85,43776,/content/drive/MyDrive/dataset/CyAUG-Dataset/Yellow_Soil/y (2313).jpeg
Loamy,6.13,42,30,50,45,Flood,52,Soybean,Vegetables,Soybean,High,104,25,80,41875,/content/drive/MyDrive/dataset/CyAUG-Dataset/Yellow_Soil/y (2169).jpeg
Silty,5.78,38,37,43,69,Flood,62,Barley,Millet,Maize,High,76,27,77,71413,/content/drive/MyDrive/dataset/CyAUG-Dataset/Yellow_Soil/y (1805).jpeg
Sandy,6.42,58,27,47,63,Flood,74,Groundnut,Cotton,Millet,Medium,115,20,62,31501,/content/drive/MyDrive/dataset/CyAUG-Dataset/Yellow_Soil/y (2471).jpeg
Sandy,6.32,39,20,41,34,Flood,71,Sugarcane,Maize,Barley,Low,186,32,44,42351,/content/drive/MyDrive/dataset/CyAUG-Dataset/Yellow_Soil/y (1976).jpeg
Silty,5.55,47,37,49,68,Drip,66,Wheat,Cotton,Sugarcane,Low,191,22,85,52089,/content/drive/MyDrive/dataset/CyAUG-Dataset/Yellow_Soil/y (2481).jpeg
Loamy,6.43,35,32,28,65,Flood,67,Soybean,Millet,Rice,Low,140,30,74,77611,/content/drive/MyDrive/dataset/CyAUG-Dataset/Yellow_Soil/y (2400).jpeg
Silty,6.48,33,24,48,69,Sprinkler,79,Sugarcane,Maize,Wheat,High,126,25,40,47831,/content/drive/MyDrive/dataset/CyAUG-Dataset/Yellow_Soil/y (2449).jpeg
Sandy,5.98,54,20,27,52,Flood,88,Vegetables,Barley,Millet,Low,60,35,49,62026,/content/drive/MyDrive/dataset/CyAUG-Dataset/Yellow_Soil/y (1793).jpeg
Loamy,7.02,24,15,22,48,Flood,89,Millet,Sugarcane,Soybean,Medium,107,28,65,74762,/content/drive/MyDrive/dataset/CyAUG-Dataset/Yellow_Soil/y (2013).jpeg
Loamy,6.13,60,21,26,66,Sprinkler,59,Groundnut,Vegetables,Wheat,Low,88,35,61,66387,/content/drive/MyDrive/dataset/CyAUG-Dataset/Yellow_Soil/y (1747).jpeg
Sandy,6.49,47,15,22,56,Flood,95,Millet,Vegetables,Vegetables,Low,78,26,67,59250,/content/drive/MyDrive/dataset/CyAUG-Dataset/Yellow_Soil/y (1927).jpeg
Clay,6.0,46,16,28,33,Drip,65,Rice,Rice,Groundnut,Medium,133,34,41,28779,/content/drive/MyDrive/dataset/CyAUG-Dataset/Yellow_Soil/y (2463).jpeg
Silty,7.47,22,21,47,31,Flood,89,Millet,Maize,Vegetables,Medium,83,30,46,26114,/content/drive/MyDrive/dataset/CyAUG-Dataset/Yellow_Soil/y (1993).jpeg
Sandy,6.4,23,23,39,50,Sprinkler,84,Sugarcane,Rice,Cotton,High,143,34,49,39540,/content/drive/MyDrive/dataset/CyAUG-Dataset/Yellow_Soil/y (1796).jpeg
Sandy,6.87,21,33,50,77,Sprinkler,64,Soybean,Groundnut,Rice,Medium,82,22,55,68580,/content/drive/MyDrive/dataset/CyAUG-Dataset/Yellow_Soil/y (2020).jpeg
Clay,6.66,45,17,49,55,Flood,68,Rice,Rice,Sugarcane,Medium,98,25,43,22114,/content/drive/MyDrive/dataset/CyAUG-Dataset/Yellow_Soil/y (2127).jpeg
Loamy,6.89,28,37,27,45,Drip,82,Cotton,Wheat,Soybean,High,153,34,43,41675,/content/drive/MyDrive/dataset/CyAUG-Dataset/Yellow_Soil/y (2282).jpeg
Clay,5.87,20,36,37,72,Flood,88,Wheat,Sugarcane,Vegetables,Low,174,31,86,49079,/content/drive/MyDrive/dataset/CyAUG-Dataset/Yellow_Soil/y (2155).jpeg
Silty,5.73,20,18,36,71,Flood,68,Vegetables,Vegetables,Cotton,Medium,92,22,41,41618,/content/drive/MyDrive/dataset/CyAUG-Dataset/Yellow_Soil/y (1876).jpeg
Clay,6.28,47,36,22,46,Flood,57,Soybean,Sugarcane,Soybean,Low,182,21,83,43467,/content/drive/MyDrive/dataset/CyAUG-Dataset/Yellow_Soil/y (2209).jpeg
Silty,6.26,54,39,28,49,Sprinkler,68,Millet,Millet,Sugarcane,Medium,143,21,85,44921,/content/drive/MyDrive/dataset/CyAUG-Dataset/Yellow_Soil/y (2112).jpeg
Clay,5.86,36,37,48,64,Flood,51,Groundnut,Barley,Maize,Low,101,35,42,35399,/content/drive/MyDrive/dataset/CyAUG-Dataset/Yellow_Soil/y (1899).jpeg
Loamy,7.28,56,26,47,38,Drip,86,Sugarcane,Soybean,Soybean,Low,165,23,71,31973,/content/drive/MyDrive/dataset/CyAUG-Dataset/Yellow_Soil/y (2109).jpeg
Clay,5.98,21,34,26,45,Drip,86,Rice,Sugarcane,Millet,High,140,27,42,53243,/content/drive/MyDrive/dataset/CyAUG-Dataset/Yellow_Soil/y (1929).jpeg
Clay,7.08,37,34,45,48,Flood,86,Barley,Cotton,Maize,Low,59,33,75,28222,/content/drive/MyDrive/dataset/CyAUG-Dataset/Yellow_Soil/y (2178).jpeg
Sandy,6.47,34,18,30,59,Flood,58,Maize,Soybean,Vegetables,Low,110,29,45,20297,/content/drive/MyDrive/dataset/CyAUG-Dataset/Yellow_Soil/y (1920).jpeg
Sandy,7.07,47,19,44,56,Sprinkler,85,Sugarcane,Wheat,Maize,Low,72,34,56,73493,/content/drive/MyDrive/dataset/CyAUG-Dataset/Yellow_Soil/y (2358).jpeg
Silty,6.0,51,33,27,34,Drip,59,Barley,Groundnut,Vegetables,High,108,23,49,26933,/content/drive/MyDrive/dataset/CyAUG-Dataset/Yellow_Soil/y (1910).jpeg
Silty,6.37,44,36,25,45,Sprinkler,74,Soybean,Rice,Sugarcane,Low,166,33,46,49965,/content/drive/MyDrive/dataset/CyAUG-Dataset/Yellow_Soil/y (2495).jpeg
Loamy,7.48,50,32,21,48,Flood,69,Millet,Millet,Maize,Medium,165,26,89,20526,/content/drive/MyDrive/dataset/CyAUG-Dataset/Yellow_Soil/y (2226).jpeg
Silty,6.43,30,22,44,57,Flood,59,Cotton,Barley,Millet,Low,126,33,81,73766,/content/drive/MyDrive/dataset/CyAUG-Dataset/Yellow_Soil/y (2070).jpeg
Loamy,6.61,25,24,27,73,Drip,76,Millet,Vegetables,Soybean,Medium,137,24,50,27705,/content/drive/MyDrive/dataset/CyAUG-Dataset/Yellow_Soil/y (1699).jpeg
Silty,6.3,41,31,27,47,Sprinkler,69,Vegetables,Millet,Rice,High,127,31,67,37675,/content/drive/MyDrive/dataset/CyAUG-Dataset/Yellow_Soil/y (2269).jpeg
Clay,7.11,56,17,29,60,Drip,52,Soybean,Maize,Sugarcane,High,146,23,78,25160,/content/drive/MyDrive/dataset/CyAUG-Dataset/Yellow_Soil/y (2183).jpeg
Loamy,5.57,20,25,37,77,Flood,81,Groundnut,Groundnut,Cotton,High,165,22,80,33833,/content/drive/MyDrive/dataset/CyAUG-Dataset/Yellow_Soil/y (2129).jpeg
Sandy,7.22,50,16,28,40,Drip,66,Sugarcane,Millet,Soybean,High,61,28,89,26428,/content/drive/MyDrive/dataset/CyAUG-Dataset/Yellow_Soil/y (1916).jpeg
Silty,7.02,29,16,45,38,Drip,69,Barley,Maize,Cotton,Medium,152,35,54,66496,/content/drive/MyDrive/dataset/CyAUG-Dataset/Yellow_Soil/y (2115).jpeg
Silty,7.09,33,36,42,69,Drip,89,Soybean,Vegetables,Sugarcane,High,90,28,85,59492,/content/drive/MyDrive/dataset/CyAUG-Dataset/Yellow_Soil/y (2056).jpeg
Silty,6.52,23,24,36,41,Sprinkler,68,Groundnut,Sugarcane,Cotton,Low,65,32,46,51136,/content/drive/MyDrive/dataset/CyAUG-Dataset/Yellow_Soil/y (2480).jpeg
Clay,7.1,47,39,20,60,Drip,65,Sugarcane,Rice,Vegetables,Medium,111,23,58,33085,/content/drive/MyDrive/dataset/CyAUG-Dataset/Yellow_Soil/y (2113).jpeg
Clay,5.74,42,19,47,70,Flood,77,Vegetables,Wheat,Millet,High,199,33,43,73304,/content/drive/MyDrive/dataset/CyAUG-Dataset/Yellow_Soil/y (1964).jpeg
Silty,7.13,28,40,36,75,Flood,92,Cotton,Barley,Maize,Medium,169,34,41,24621,/content/drive/MyDrive/dataset/CyAUG-Dataset/Yellow_Soil/y (1665).jpeg
Clay,5.53,59,19,26,54,Flood,87,Sugarcane,Rice,Vegetables,Medium,188,27,80,62528,/content/drive/MyDrive/dataset/CyAUG-Dataset/Yellow_Soil/y (2222).jpeg
Loamy,6.12,48,33,50,53,Flood,92,Wheat,Soybean,Sugarcane,Medium,72,26,40,30441,/content/drive/MyDrive/dataset/CyAUG-Dataset/Yellow_Soil/y (2456).jpeg
Loamy,7.26,54,22,33,54,Sprinkler,79,Sugarcane,Millet,Maize,Low,61,33,79,22961,/content/drive/MyDrive/dataset/CyAUG-Dataset/Yellow_Soil/y (2196).jpeg
Clay,7.33,27,28,44,36,Flood,86,Soybean,Millet,Barley,High,99,25,72,54655,/content/drive/MyDrive/dataset/CyAUG-Dataset/Yellow_Soil/y (2402).jpeg
Sandy,6.44,55,16,50,52,Flood,73,Barley,Vegetables,Millet,High,93,26,67,25012,/content/drive/MyDrive/dataset/CyAUG-Dataset/Yellow_Soil/y (2434).jpeg
Silty,5.6,22,40,25,78,Sprinkler,58,Wheat,Vegetables,Wheat,High,183,28,48,68378,/content/drive/MyDrive/dataset/CyAUG-Dataset/Yellow_Soil/y (1745).jpeg
Loamy,5.73,23,36,46,32,Drip,61,Cotton,Cotton,Barley,Medium,173,20,49,75419,/content/drive/MyDrive/dataset/CyAUG-Dataset/Yellow_Soil/y (2187).jpeg
Silty,7.02,31,36,42,77,Flood,75,Maize,Wheat,Soybean,Low,56,29,75,60359,/content/drive/MyDrive/dataset/CyAUG-Dataset/Yellow_Soil/y (2327).jpeg
Sandy,6.73,32,32,42,68,Sprinkler,57,Maize,Maize,Millet,Low,183,23,71,57843,/content/drive/MyDrive/dataset/CyAUG-Dataset/Yellow_Soil/y (2084).jpeg
Sandy,5.84,48,20,27,56,Drip,74,Barley,Maize,Barley,Medium,161,25,59,37146,/content/drive/MyDrive/dataset/CyAUG-Dataset/Yellow_Soil/y (1669).jpeg
Clay,6.1,31,29,49,51,Drip,84,Cotton,Vegetables,Vegetables,High,126,34,89,74457,/content/drive/MyDrive/dataset/CyAUG-Dataset/Yellow_Soil/y (2095).jpeg
Loamy,5.89,35,37,31,77,Flood,80,Wheat,Cotton,Groundnut,High,151,31,45,74051,/content/drive/MyDrive/dataset/CyAUG-Dataset/Yellow_Soil/y (2364).jpeg
Sandy,7.37,56,34,40,64,Flood,80,Soybean,Soybean,Soybean,Low,172,26,71,64600,/content/drive/MyDrive/dataset/CyAUG-Dataset/Yellow_Soil/y (1935).jpeg
Loamy,5.79,44,21,34,60,Drip,85,Groundnut,Barley,Vegetables,Medium,97,30,50,48077,/content/drive/MyDrive/dataset/CyAUG-Dataset/Yellow_Soil/y (2251).jpeg
Clay,6.07,47,22,41,49,Flood,95,Vegetables,Cotton,Wheat,Low,187,31,44,55684,/content/drive/MyDrive/dataset/CyAUG-Dataset/Yellow_Soil/y (2352).jpeg
Clay,6.59,40,25,41,55,Drip,79,Cotton,Soybean,Millet,Medium,115,35,78,48634,/content/drive/MyDrive/dataset/CyAUG-Dataset/Yellow_Soil/y (1846).jpeg
Clay,6.91,53,39,24,50,Flood,93,Groundnut,Sugarcane,Barley,Low,54,24,66,24444,/content/drive/MyDrive/dataset/CyAUG-Dataset/Yellow_Soil/y (2259).jpeg
Silty,6.7,51,22,31,58,Flood,59,Soybean,Sugarcane,Millet,Low,51,34,84,22593,/content/drive/MyDrive/dataset/CyAUG-Dataset/Yellow_Soil/y (1721).jpeg
Clay,5.57,32,21,28,45,Drip,73,Barley,Soybean,Millet,Medium,189,31,65,55166,/content/drive/MyDrive/dataset/CyAUG-Dataset/Yellow_Soil/y (2124).jpeg
Clay,6.31,51,27,40,54,Sprinkler,84,Vegetables,Cotton,Vegetables,Medium,141,35,78,70051,/content/drive/MyDrive/dataset/CyAUG-Dataset/Yellow_Soil/y (2342).jpeg
Loamy,5.66,54,40,20,34,Sprinkler,52,Millet,Groundnut,Groundnut,Medium,186,31,86,75759,/content/drive/MyDrive/dataset/CyAUG-Dataset/Yellow_Soil/y (1863).jpeg
Loamy,6.17,21,29,45,32,Flood,52,Millet,Wheat,Cotton,Medium,110,24,42,60248,/content/drive/MyDrive/dataset/CyAUG-Dataset/Yellow_Soil/y (2345).jpeg
Silty,6.24,20,24,47,30,Drip,57,Groundnut,Cotton,Rice,Medium,101,28,64,42184,/content/drive/MyDrive/dataset/CyAUG-Dataset/Yellow_Soil/y (1799).jpeg
Sandy,5.66,25,19,20,74,Drip,67,Vegetables,Barley,Rice,Low,170,25,46,68913,/content/drive/MyDrive/dataset/CyAUG-Dataset/Yellow_Soil/y (2309).jpeg
Loamy,5.88,25,18,23,46,Sprinkler,78,Groundnut,Sugarcane,Millet,High,148,33,89,60865,/content/drive/MyDrive/dataset/CyAUG-Dataset/Yellow_Soil/y (2431).jpeg
Silty,6.46,24,30,32,34,Drip,76,Vegetables,Barley,Barley,Low,157,24,68,50642,/content/drive/MyDrive/dataset/CyAUG-Dataset/Yellow_Soil/y (1813).jpeg
Clay,6.16,55,25,41,62,Flood,83,Millet,Rice,Rice,Medium,132,30,69,48701,/content/drive/MyDrive/dataset/CyAUG-Dataset/Yellow_Soil/y (2156).jpeg
Silty,6.71,51,17,40,62,Flood,69,Millet,Barley,Rice,Low,177,32,85,40224,/content/drive/MyDrive/dataset/CyAUG-Dataset/Yellow_Soil/y (2010).jpeg
Sandy,6.12,39,30,34,32,Drip,54,Wheat,Rice,Cotton,Low,67,20,74,72837,/content/drive/MyDrive/dataset/CyAUG-Dataset/Yellow_Soil/y (2228).jpeg
Silty,5.75,46,17,32,62,Flood,78,Groundnut,Rice,Rice,Medium,93,25,68,61860,/content/drive/MyDrive/dataset/CyAUG-Dataset/Yellow_Soil/y (2246).jpeg
Silty,6.72,42,36,23,63,Drip,68,Sugarcane,Sugarcane,Vegetables,Medium,62,27,47,62906,/content/drive/MyDrive/dataset/CyAUG-Dataset/Yellow_Soil/y (1912).jpeg
Clay,6.42,59,20,40,33,Drip,73,Millet,Maize,Maize,Medium,93,29,77,67071,/content/drive/MyDrive/dataset/CyAUG-Dataset/Yellow_Soil/y (2377).jpeg
Loamy,6.04,31,24,38,41,Drip,60,Wheat,Maize,Millet,Medium,196,33,52,32731,/content/drive/MyDrive/dataset/CyAUG-Dataset/Yellow_Soil/y (2055).jpeg
Sandy,7.01,58,26,50,53,Flood,85,Barley,Cotton,Sugarcane,Medium,165,35,43,24983,/content/drive/MyDrive/dataset/CyAUG-Dataset/Yellow_Soil/y (2446).jpeg
Sandy,5.8,46,26,42,60,Flood,57,Barley,Barley,Vegetables,Medium,89,25,46,50970,/content/drive/MyDrive/dataset/CyAUG-Dataset/Yellow_Soil/y (1861).jpeg
Sandy,6.47,30,19,31,80,Sprinkler,82,Wheat,Soybean,Vegetables,Medium,184,24,85,61765,/content/drive/MyDrive/dataset/CyAUG-Dataset/Yellow_Soil/y (2369).jpeg
Silty,5.69,34,32,44,35,Drip,60,Barley,Wheat,Sugarcane,Medium,83,28,75,79280,/content/drive/MyDrive/dataset/CyAUG-Dataset/Yellow_Soil/y (1956).jpeg
Sandy,7.16,20,32,22,77,Sprinkler,69,Groundnut,Vegetables,Cotton,Low,130,33,64,25205,/content/drive/MyDrive/dataset/CyAUG-Dataset/Yellow_Soil/y (2029).jpeg
Sandy,6.89,56,16,26,79,Drip,93,Rice,Barley,Soybean,Low,153,28,53,37675,/content/drive/MyDrive/dataset/CyAUG-Dataset/Yellow_Soil/y (2182).jpeg
Clay,5.88,49,35,25,41,Sprinkler,76,Groundnut,Vegetables,Maize,Low,111,33,82,36880,/content/drive/MyDrive/dataset/CyAUG-Dataset/Yellow_Soil/y (1827).jpeg
Loamy,7.36,45,22,43,63,Drip,88,Maize,Cotton,Cotton,Medium,115,34,53,21902,/content/drive/MyDrive/dataset/CyAUG-Dataset/Yellow_Soil/y (2023).jpeg
Loamy,7.4,41,22,27,64,Drip,88,Barley,Sugarcane,Wheat,Medium,174,28,89,41405,/content/drive/MyDrive/dataset/CyAUG-Dataset/Yellow_Soil/y (2219).jpeg
Clay,6.11,31,25,41,57,Flood,72,Groundnut,Barley,Millet,Medium,68,32,40,76955,/content/drive/MyDrive/dataset/CyAUG-Dataset/Yellow_Soil/y (2394).jpeg
Clay,6.26,39,38,33,61,Drip,91,Maize,Millet,Maize,High,132,21,84,65429,/content/drive/MyDrive/dataset/CyAUG-Dataset/Yellow_Soil/y (2437).jpeg
Silty,6.4,44,35,34,67,Drip,87,Maize,Vegetables,Vegetables,High,138,27,54,27822,/content/drive/MyDrive/dataset/CyAUG-Dataset/Yellow_Soil/y (1667).jpeg
Sandy,6.19,44,40,23,74,Sprinkler,67,Rice,Soybean,Millet,Medium,172,30,84,44225,/content/drive/MyDrive/dataset/CyAUG-Dataset/Yellow_Soil/y (2395).jpeg
Silty,6.11,49,37,42,66,Sprinkler,58,Groundnut,Millet,Vegetables,Low,195,29,88,68512,/content/drive/MyDrive/dataset/CyAUG-Dataset/Yellow_Soil/y (2205).jpeg
Clay,6.4,45,24,47,52,Flood,63,Barley,Rice,Sugarcane,Medium,186,21,88,30212,/content/drive/MyDrive/dataset/CyAUG-Dataset/Yellow_Soil/y (2413).jpeg
Clay,7.33,32,15,35,75,Drip,79,Soybean,Soybean,Vegetables,Low,191,26,68,23230,/content/drive/MyDrive/dataset/CyAUG-Dataset/Yellow_Soil/y (1874).jpeg
Clay,6.48,42,33,33,79,Drip,51,Sugarcane,Cotton,Groundnut,High,89,27,59,71069,/content/drive/MyDrive/dataset/CyAUG-Dataset/Yellow_Soil/y (2186).jpeg
Clay,6.77,33,24,37,57,Drip,70,Maize,Vegetables,Sugarcane,High,200,24,46,56790,/content/drive/MyDrive/dataset/CyAUG-Dataset/Yellow_Soil/y (1986).jpeg
Clay,6.14,58,15,43,44,Flood,59,Barley,Wheat,Vegetables,Low,92,29,51,55039,/content/drive/MyDrive/dataset/CyAUG-Dataset/Yellow_Soil/y (1966).jpeg
Sandy,5.68,60,21,48,32,Drip,82,Sugarcane,Millet,Rice,Medium,101,21,60,53223,/content/drive/MyDrive/dataset/CyAUG-Dataset/Yellow_Soil/y (1726).jpeg
Silty,5.88,59,24,47,75,Drip,78,Groundnut,Soybean,Groundnut,Medium,87,33,75,43193,/content/drive/MyDrive/dataset/CyAUG-Dataset/Yellow_Soil/y (1782).jpeg
Silty,6.28,42,40,27,72,Sprinkler,63,Barley,Vegetables,Vegetables,Low,133,27,68,68144,/content/drive/MyDrive/dataset/CyAUG-Dataset/Yellow_Soil/y (2396).jpeg
Clay,5.9,35,32,50,30,Sprinkler,77,Wheat,Groundnut,Groundnut,Medium,190,29,46,72152,/content/drive/MyDrive/dataset/CyAUG-Dataset/Yellow_Soil/y (1788).jpeg
Loamy,6.92,59,16,25,69,Sprinkler,62,Millet,Barley,Groundnut,High,152,24,70,56703,/content/drive/MyDrive/dataset/CyAUG-Dataset/Yellow_Soil/y (2052).jpeg
Sandy,5.68,54,30,46,62,Sprinkler,82,Sugarcane,Vegetables,Cotton,Medium,110,30,89,37088,/content/drive/MyDrive/dataset/CyAUG-Dataset/Yellow_Soil/y (2118).jpeg
Loamy,6.92,35,22,34,38,Drip,71,Rice,Cotton,Groundnut,High,156,29,47,63410,/content/drive/MyDrive/dataset/CyAUG-Dataset/Yellow_Soil/y (2408).jpeg
Loamy,7.1,46,29,40,31,Sprinkler,55,Rice,Sugarcane,Wheat,Medium,71,34,58,49378,/content/drive/MyDrive/dataset/CyAUG-Dataset/Yellow_Soil/y (2011).jpeg
Clay,6.63,22,20,26,48,Flood,82,Maize,Vegetables,Rice,Low,104,25,69,71058,/content/drive/MyDrive/dataset/CyAUG-Dataset/Yellow_Soil/y (1738).jpeg
Silty,5.82,24,16,37,63,Drip,88,Cotton,Soybean,Maize,Low,143,22,44,51158,/content/drive/MyDrive/dataset/CyAUG-Dataset/Yellow_Soil/y (2150).jpeg
Sandy,6.7,47,27,22,41,Drip,73,Groundnut,Millet,Barley,High,187,21,40,28223,/content/drive/MyDrive/dataset/CyAUG-Dataset/Yellow_Soil/y (1658).jpeg
Silty,5.58,56,16,47,50,Sprinkler,71,Barley,Soybean,Millet,Low,137,28,68,34438,/content/drive/MyDrive/dataset/CyAUG-Dataset/Yellow_Soil/y (1992).jpeg
Silty,6.94,48,18,47,40,Flood,91,Wheat,Sugarcane,Vegetables,Low,105,20,87,24401,/content/drive/MyDrive/dataset/CyAUG-Dataset/Yellow_Soil/y (2102).jpeg
Sandy,6.28,48,25,22,65,Drip,51,Wheat,Soybean,Wheat,High,64,30,56,66521,/content/drive/MyDrive/dataset/CyAUG-Dataset/Yellow_Soil/y (2298).jpeg
Clay,6.39,24,25,20,60,Drip,80,Barley,Groundnut,Groundnut,High,146,34,54,74533,/content/drive/MyDrive/dataset/CyAUG-Dataset/Yellow_Soil/y (2378).jpeg
Silty,6.73,22,34,49,30,Sprinkler,76,Maize,Barley,Rice,Medium,60,33,47,70086,/content/drive/MyDrive/dataset/CyAUG-Dataset/Yellow_Soil/y (2081).jpeg
Clay,5.92,49,30,49,43,Sprinkler,50,Wheat,Millet,Soybean,Low,77,35,83,71526,/content/drive/MyDrive/dataset/CyAUG-Dataset/Yellow_Soil/y (2247).jpeg
Silty,6.25,50,31,47,64,Drip,50,Cotton,Soybean,Cotton,Low,70,29,65,56821,/content/drive/MyDrive/dataset/CyAUG-Dataset/Yellow_Soil/y (2333).jpeg
Sandy,7.36,41,19,36,31,Sprinkler,78,Sugarcane,Maize,Millet,Low,168,31,50,53281,/content/drive/MyDrive/dataset/CyAUG-Dataset/Yellow_Soil/y (1631).jpeg
Sandy,6.17,46,16,22,40,Drip,71,Millet,Cotton,Maize,High,196,29,66,54560,/content/drive/MyDrive/dataset/CyAUG-Dataset/Yellow_Soil/y (1962).jpeg
Loamy,5.78,46,23,38,37,Flood,79,Millet,Millet,Rice,High,96,24,71,25637,/content/drive/MyDrive/dataset/CyAUG-Dataset/Yellow_Soil/y (2441).jpeg
Sandy,6.4,32,16,37,31,Flood,54,Wheat,Groundnut,Soybean,High,75,32,58,63171,/content/drive/MyDrive/dataset/CyAUG-Dataset/Yellow_Soil/y (2418).jpeg
Loamy,6.73,47,32,36,61,Drip,80,Soybean,Cotton,Groundnut,Medium,90,29,40,59536,/content/drive/MyDrive/dataset/CyAUG-Dataset/Yellow_Soil/y (1646).jpeg
Silty,5.81,31,32,32,36,Drip,72,Maize,Wheat,Millet,Low,85,21,86,30374,/content/drive/MyDrive/dataset/CyAUG-Dataset/Yellow_Soil/y (2366).jpeg
Clay,6.06,46,39,41,63,Sprinkler,56,Sugarcane,Vegetables,Groundnut,Low,112,33,52,60593,/content/drive/MyDrive/dataset/CyAUG-Dataset/Yellow_Soil/y (1871).jpeg
Silty,7.31,57,35,31,78,Drip,54,Vegetables,Vegetables,Sugarcane,High,195,20,52,76726,/content/drive/MyDrive/dataset/CyAUG-Dataset/Yellow_Soil/y (2314).jpeg
Loamy,7.2,46,27,37,70,Drip,74,Rice,Wheat,Barley,Medium,106,26,80,34437,/content/drive/MyDrive/dataset/CyAUG-Dataset/Yellow_Soil/y (2083).jpeg
Silty,5.57,49,35,48,80,Flood,74,Soybean,Cotton,Maize,High,50,30,41,36274,/content/drive/MyDrive/dataset/CyAUG-Dataset/Yellow_Soil/y (2435).jpeg
Silty,6.24,58,38,35,34,Flood,56,Vegetables,Groundnut,Groundnut,Medium,64,24,69,78676,/content/drive/MyDrive/dataset/CyAUG-Dataset/Yellow_Soil/y (1784).jpeg
Loamy,5.71,58,30,39,46,Drip,77,Sugarcane,Cotton,Soybean,High,114,27,68,70268,/content/drive/MyDrive/dataset/CyAUG-Dataset/Yellow_Soil/y (1742).jpeg
Silty,6.14,54,18,27,49,Drip,89,Cotton,Barley,Barley,Medium,104,34,43,27885,/content/drive/MyDrive/dataset/CyAUG-Dataset/Yellow_Soil/y (1998).jpeg
Loamy,6.94,56,16,46,74,Sprinkler,94,Soybean,Soybean,Vegetables,Low,113,25,84,33673,/content/drive/MyDrive/dataset/CyAUG-Dataset/Yellow_Soil/y (1873).jpeg
Silty,6.28,23,36,29,39,Drip,60,Millet,Maize,Soybean,High,182,20,53,44920,/content/drive/MyDrive/dataset/CyAUG-Dataset/Yellow_Soil/y (1672).jpeg
Sandy,7.07,22,26,49,40,Drip,90,Groundnut,Vegetables,Barley,Medium,92,33,79,49337,/content/drive/MyDrive/dataset/CyAUG-Dataset/Yellow_Soil/y (1867).jpeg
Sandy,5.58,44,33,44,51,Drip,68,Barley,Rice,Sugarcane,Medium,151,33,76,75415,/content/drive/MyDrive/dataset/CyAUG-Dataset/Yellow_Soil/y (1903).jpeg
Sandy,5.62,25,26,21,42,Drip,62,Wheat,Cotton,Cotton,Low,188,24,53,68067,/content/drive/MyDrive/dataset/CyAUG-Dataset/Yellow_Soil/y (1999).jpeg
Silty,6.24,47,28,20,38,Flood,92,Groundnut,Vegetables,Rice,High,128,30,67,38557,/content/drive/MyDrive/dataset/CyAUG-Dataset/Yellow_Soil/y (2257).jpeg
Clay,6.37,34,37,31,42,Drip,81,Vegetables,Barley,Sugarcane,Medium,119,29,51,45241,/content/drive/MyDrive/dataset/CyAUG-Dataset/Yellow_Soil/y (2241).jpeg
Clay,5.72,46,29,26,69,Sprinkler,84,Wheat,Millet,Groundnut,Low,192,34,79,68518,/content/drive/MyDrive/dataset/CyAUG-Dataset/Yellow_Soil/y (2368).jpeg
Silty,6.7,21,21,37,30,Flood,88,Barley,Maize,Vegetables,High,171,24,61,22143,/content/drive/MyDrive/dataset/CyAUG-Dataset/Yellow_Soil/y (1686).jpeg
Silty,6.4,42,40,32,59,Drip,77,Maize,Soybean,Millet,Low,90,28,79,34871,/content/drive/MyDrive/dataset/CyAUG-Dataset/Yellow_Soil/y (2383).jpeg
Loamy,7.11,44,27,34,46,Sprinkler,65,Cotton,Wheat,Rice,High,181,29,76,32729,/content/drive/MyDrive/dataset/CyAUG-Dataset/Yellow_Soil/y (1744).jpeg
Clay,7.42,47,16,43,50,Drip,72,Millet,Millet,Rice,Low,107,23,80,31174,/content/drive/MyDrive/dataset/CyAUG-Dataset/Yellow_Soil/y (2194).jpeg
Silty,7.17,58,39,42,80,Flood,93,Millet,Soybean,Groundnut,High,117,33,76,36159,/content/drive/MyDrive/dataset/CyAUG-Dataset/Yellow_Soil/y (1739).jpeg
Sandy,6.3,48,24,30,69,Flood,63,Rice,Millet,Groundnut,High,56,34,46,61372,/content/drive/MyDrive/dataset/CyAUG-Dataset/Yellow_Soil/y (1819).jpeg
Clay,6.22,59,22,42,36,Sprinkler,56,Cotton,Cotton,Maize,High,82,31,41,44600,/content/drive/MyDrive/dataset/CyAUG-Dataset/Yellow_Soil/y (2210).jpeg
Loamy,6.97,59,39,41,33,Flood,73,Millet,Groundnut,Cotton,Medium,103,28,56,43153,/content/drive/MyDrive/dataset/CyAUG-Dataset/Yellow_Soil/y (1697).jpeg
Silty,5.83,50,37,40,69,Sprinkler,60,Millet,Soybean,Millet,Medium,123,32,68,46576,/content/drive/MyDrive/dataset/CyAUG-Dataset/Yellow_Soil/y (2097).jpeg
Loamy,6.59,21,26,29,73,Flood,56,Maize,Soybean,Groundnut,High,186,34,57,52274,/content/drive/MyDrive/dataset/CyAUG-Dataset/Yellow_Soil/y (2310).jpeg
Loamy,6.45,30,22,29,62,Sprinkler,57,Maize,Maize,Wheat,High,73,27,84,50285,/content/drive/MyDrive/dataset/CyAUG-Dataset/Yellow_Soil/y (2457).jpeg
Clay,6.42,59,20,29,60,Sprinkler,92,Wheat,Millet,Rice,Medium,68,35,86,79678,/content/drive/MyDrive/dataset/CyAUG-Dataset/Yellow_Soil/y (1853).jpeg
Loamy,7.43,21,40,41,53,Flood,55,Soybean,Cotton,Sugarcane,Medium,155,28,86,69585,/content/drive/MyDrive/dataset/CyAUG-Dataset/Yellow_Soil/y (1639).jpeg
Silty,7.07,31,27,35,32,Flood,69,Soybean,Rice,Millet,Low,179,32,88,43116,/content/drive/MyDrive/dataset/CyAUG-Dataset/Yellow_Soil/y (1659).jpeg
Silty,6.09,28,24,34,51,Sprinkler,80,Millet,Rice,Sugarcane,High,168,23,52,58655,/content/drive/MyDrive/dataset/CyAUG-Dataset/Yellow_Soil/y (1770).jpeg
Sandy,7.4,55,26,43,36,Sprinkler,73,Rice,Wheat,Wheat,Medium,146,22,53,76473,/content/drive/MyDrive/dataset/CyAUG-Dataset/Yellow_Soil/y (2166).jpeg
Loamy,7.31,43,16,26,65,Drip,75,Sugarcane,Cotton,Barley,Medium,168,22,72,68714,/content/drive/MyDrive/dataset/CyAUG-Dataset/Yellow_Soil/y (1702).jpeg
Silty,7.29,26,33,20,58,Sprinkler,88,Sugarcane,Maize,Barley,Medium,75,28,87,37141,/content/drive/MyDrive/dataset/CyAUG-Dataset/Yellow_Soil/y (2159).jpeg
Clay,6.55,32,40,24,56,Sprinkler,65,Vegetables,Wheat,Cotton,Low,155,30,90,60831,/content/drive/MyDrive/dataset/CyAUG-Dataset/Yellow_Soil/y (1969).jpeg
Silty,7.4,51,32,30,78,Drip,56,Wheat,Wheat,Groundnut,High,143,29,51,42335,/content/drive/MyDrive/dataset/CyAUG-Dataset/Yellow_Soil/y (1664).jpeg
Sandy,5.63,48,31,40,33,Sprinkler,79,Millet,Cotton,Millet,High,113,30,44,33078,/content/drive/MyDrive/dataset/CyAUG-Dataset/Yellow_Soil/y (2385).jpeg
Sandy,6.43,51,35,37,46,Sprinkler,61,Vegetables,Groundnut,Millet,High,152,21,51,59179,/content/drive/MyDrive/dataset/CyAUG-Dataset/Yellow_Soil/y (2162).jpeg
Clay,6.68,48,40,31,75,Drip,61,Soybean,Maize,Soybean,High,157,31,63,24334,/content/drive/MyDrive/dataset/CyAUG-Dataset/Yellow_Soil/y (1755).jpeg
Silty,5.85,58,15,38,80,Sprinkler,61,Wheat,Wheat,Wheat,Medium,169,26,55,55948,/content/drive/MyDrive/dataset/CyAUG-Dataset/Yellow_Soil/y (1811).jpeg
Sandy,7.37,42,19,50,62,Sprinkler,64,Groundnut,Rice,Sugarcane,Medium,57,22,63,57510,/content/drive/MyDrive/dataset/CyAUG-Dataset/Yellow_Soil/y (2174).jpeg
Clay,6.54,57,16,47,79,Sprinkler,79,Millet,Maize,Cotton,Medium,128,29,49,46621,/content/drive/MyDrive/dataset/CyAUG-Dataset/Yellow_Soil/y (1915).jpeg
Clay,6.64,24,22,22,50,Flood,89,Millet,Wheat,Soybean,Medium,148,22,48,35671,/content/drive/MyDrive/dataset/CyAUG-Dataset/Yellow_Soil/y (1655).jpeg
Clay,5.8,32,32,40,51,Drip,57,Vegetables,Wheat,Maize,Low,138,28,73,26791,/content/drive/MyDrive/dataset/CyAUG-Dataset/Yellow_Soil/y (1983).jpeg
Clay,6.95,41,28,34,76,Drip,64,Cotton,Wheat,Maize,Medium,55,34,49,73321,/content/drive/MyDrive/dataset/CyAUG-Dataset/Yellow_Soil/y (2218).jpeg
Silty,6.28,53,21,23,32,Drip,61,Cotton,Groundnut,Groundnut,Low,101,20,44,65147,/content/drive/MyDrive/dataset/CyAUG-Dataset/Yellow_Soil/y (1840).jpeg
Clay,7.18,35,27,27,80,Drip,85,Rice,Groundnut,Groundnut,Low,69,34,84,37203,/content/drive/MyDrive/dataset/CyAUG-Dataset/Yellow_Soil/y (2031).jpeg
Clay,6.3,52,34,33,46,Flood,93,Vegetables,Barley,Wheat,High,115,34,64,63764,/content/drive/MyDrive/dataset/CyAUG-Dataset/Yellow_Soil/y (2332).jpeg
Silty,5.6,25,15,37,54,Sprinkler,66,Maize,Cotton,Cotton,High,57,25,53,49083,/content/drive/MyDrive/dataset/CyAUG-Dataset/Yellow_Soil/y (1991).jpeg
Loamy,5.59,47,40,42,44,Drip,68,Barley,Barley,Soybean,Low,101,34,45,37283,/content/drive/MyDrive/dataset/CyAUG-Dataset/Yellow_Soil/y (2223).jpeg
Loamy,6.86,47,39,46,35,Sprinkler,62,Groundnut,Wheat,Barley,High,121,22,47,57791,/content/drive/MyDrive/dataset/CyAUG-Dataset/Yellow_Soil/y (1684).jpeg
Silty,6.35,34,27,50,37,Drip,73,Millet,Maize,Sugarcane,Medium,136,27,60,65578,/content/drive/MyDrive/dataset/CyAUG-Dataset/Yellow_Soil/y (1769).jpeg
Sandy,7.04,42,17,46,33,Drip,92,Sugarcane,Vegetables,Vegetables,High,78,21,57,34783,/content/drive/MyDrive/dataset/CyAUG-Dataset/Yellow_Soil/y (1828).jpeg
Clay,7.23,36,31,33,33,Flood,89,Sugarcane,Rice,Groundnut,High,115,33,57,31961,/content/drive/MyDrive/dataset/CyAUG-Dataset/Yellow_Soil/y (2276).jpeg
Sandy,5.71,58,22,38,47,Flood,63,Sugarcane,Vegetables,Cotton,Low,170,30,55,40160,/content/drive/MyDrive/dataset/CyAUG-Dataset/Yellow_Soil/y (2072).jpeg
Sandy,5.95,57,19,37,46,Sprinkler,59,Wheat,Vegetables,Rice,Low,68,32,48,48952,/content/drive/MyDrive/dataset/CyAUG-Dataset/Yellow_Soil/y (2424).jpeg
Clay,7.14,49,16,43,32,Sprinkler,76,Wheat,Sugarcane,Cotton,Medium,148,34,66,36274,/content/drive/MyDrive/dataset/CyAUG-Dataset/Yellow_Soil/y (2106).jpeg
Loamy,5.67,24,37,48,44,Flood,69,Rice,Sugarcane,Sugarcane,Medium,75,34,60,61663,/content/drive/MyDrive/dataset/CyAUG-Dataset/Yellow_Soil/y (1860).jpeg
Clay,6.2,53,23,35,44,Sprinkler,60,Sugarcane,Vegetables,Cotton,Low,57,28,78,73336,/content/drive/MyDrive/dataset/CyAUG-Dataset/Yellow_Soil/y (2399).jpeg
Sandy,6.14,28,16,49,74,Sprinkler,54,Cotton,Soybean,Sugarcane,High,191,34,83,30670,/content/drive/MyDrive/dataset/CyAUG-Dataset/Yellow_Soil/y (2331).jpeg
Silty,5.91,48,38,27,76,Drip,69,Soybean,Barley,Millet,Low,152,27,79,36645,/content/drive/MyDrive/dataset/CyAUG-Dataset/Yellow_Soil/y (1753).jpeg
Sandy,6.97,54,35,47,67,Sprinkler,87,Barley,Cotton,Maize,High,167,27,83,38574,/content/drive/MyDrive/dataset/CyAUG-Dataset/Yellow_Soil/y (1809).jpeg
Sandy,6.08,49,18,34,62,Drip,90,Cotton,Soybean,Maize,Medium,168,25,84,68215,/content/drive/MyDrive/dataset/CyAUG-Dataset/Yellow_Soil/y (2359).jpeg
Clay,5.64,50,32,20,78,Drip,65,Rice,Maize,Soybean,Medium,160,29,70,52921,/content/drive/MyDrive/dataset/CyAUG-Dataset/Yellow_Soil/y (2376).jpeg
Loamy,6.37,58,35,37,44,Flood,50,Sugarcane,Groundnut,Sugarcane,Medium,134,27,50,51359,/content/drive/MyDrive/dataset/CyAUG-Dataset/Yellow_Soil/y (2370).jpeg
Clay,7.32,50,34,36,47,Flood,82,Wheat,Maize,Cotton,High,152,21,85,42015,/content/drive/MyDrive/dataset/CyAUG-Dataset/Yellow_Soil/y (2252).jpeg
Silty,7.0,39,31,21,36,Drip,71,Wheat,Cotton,Barley,Medium,109,29,64,69306,/content/drive/MyDrive/dataset/CyAUG-Dataset/Yellow_Soil/y (2190).jpeg
Clay,5.75,52,40,49,72,Flood,61,Barley,Rice,Groundnut,Low,181,30,68,75820,/content/drive/MyDrive/dataset/CyAUG-Dataset/Yellow_Soil/y (1866).jpeg
Sandy,5.75,48,31,41,53,Drip,89,Vegetables,Millet,Soybean,High,61,32,40,22117,/content/drive/MyDrive/dataset/CyAUG-Dataset/Yellow_Soil/y (1709).jpeg
Sandy,6.57,37,19,31,64,Drip,54,Groundnut,Rice,Rice,Medium,92,24,57,72183,/content/drive/MyDrive/dataset/CyAUG-Dataset/Yellow_Soil/y (2315).jpeg
Silty,5.87,48,25,47,31,Flood,59,Groundnut,Groundnut,Wheat,Medium,199,33,45,76615,/content/drive/MyDrive/dataset/CyAUG-Dataset/Yellow_Soil/y (2161).jpeg
Silty,6.78,20,29,22,60,Flood,93,Maize,Barley,Groundnut,High,160,27,61,73288,/content/drive/MyDrive/dataset/CyAUG-Dataset/Yellow_Soil/y (2051).jpeg
Silty,6.09,23,17,20,37,Flood,82,Vegetables,Cotton,Wheat,High,162,25,73,41867,/content/drive/MyDrive/dataset/CyAUG-Dataset/Yellow_Soil/y (2419).jpeg
Silty,6.36,45,39,36,40,Flood,78,Wheat,Wheat,Groundnut,Medium,166,21,45,22224,/content/drive/MyDrive/dataset/CyAUG-Dataset/Yellow_Soil/y (2157).jpeg
Silty,7.16,54,22,22,31,Drip,61,Wheat,Maize,Cotton,High,101,25,41,45129,/content/drive/MyDrive/dataset/CyAUG-Dataset/Yellow_Soil/y (1859).jpeg
Clay,6.67,29,31,36,72,Drip,61,Sugarcane,Wheat,Wheat,High,127,22,87,58625,/content/drive/MyDrive/dataset/CyAUG-Dataset/Yellow_Soil/y (2224).jpeg
Silty,6.44,24,23,20,52,Flood,69,Sugarcane,Vegetables,Barley,Low,197,35,65,36202,/content/drive/MyDrive/dataset/CyAUG-Dataset/Yellow_Soil/y (1954).jpeg
Loamy,6.03,48,23,28,71,Flood,81,Millet,Soybean,Sugarcane,High,174,33,84,38568,/content/drive/MyDrive/dataset/CyAUG-Dataset/Yellow_Soil/y (2021).jpeg
Sandy,6.82,52,29,24,34,Flood,87,Groundnut,Maize,Sugarcane,High,101,34,83,57121,/content/drive/MyDrive/dataset/CyAUG-Dataset/Yellow_Soil/y (2229).jpeg
Sandy,7.13,59,15,20,34,Flood,58,Rice,Groundnut,Groundnut,Low,106,25,55,70018,/content/drive/MyDrive/dataset/CyAUG-Dataset/Yellow_Soil/y (2347).jpeg
Clay,6.69,23,23,21,72,Sprinkler,57,Barley,Vegetables,Maize,High,168,20,56,57640,/content/drive/MyDrive/dataset/CyAUG-Dataset/Yellow_Soil/y (2141).jpeg
Sandy,7.29,54,40,45,65,Sprinkler,85,Cotton,Rice,Wheat,Low,61,28,78,64198,/content/drive/MyDrive/dataset/CyAUG-Dataset/Yellow_Soil/y (2296).jpeg
Clay,6.79,28,18,44,75,Flood,61,Soybean,Soybean,Soybean,High,109,22,62,60911,/content/drive/MyDrive/dataset/CyAUG-Dataset/Yellow_Soil/y (1737).jpeg
Clay,6.37,53,15,50,66,Sprinkler,62,Cotton,Soybean,Sugarcane,High,162,34,48,75478,/content/drive/MyDrive/dataset/CyAUG-Dataset/Yellow_Soil/y (1963).jpeg
Clay,5.88,58,31,31,64,Sprinkler,67,Soybean,Maize,Wheat,Medium,55,22,57,24411,/content/drive/MyDrive/dataset/CyAUG-Dataset/Yellow_Soil/y (1914).jpeg
Silty,5.75,24,32,20,50,Sprinkler,72,Wheat,Soybean,Vegetables,High,90,24,78,50927,/content/drive/MyDrive/dataset/CyAUG-Dataset/Yellow_Soil/y (2388).jpeg
Clay,6.83,35,31,31,67,Drip,82,Maize,Maize,Groundnut,Low,150,32,64,76441,/content/drive/MyDrive/dataset/CyAUG-Dataset/Yellow_Soil/y (1757).jpeg
Clay,6.67,39,21,24,40,Sprinkler,68,Maize,Wheat,Rice,Medium,55,20,69,69238,/content/drive/MyDrive/dataset/CyAUG-Dataset/Yellow_Soil/y (2091).jpeg
Silty,7.01,53,25,49,70,Drip,79,Groundnut,Rice,Groundnut,High,51,35,83,46422,/content/drive/MyDrive/dataset/CyAUG-Dataset/Yellow_Soil/y (1825).jpeg
Clay,6.28,27,20,41,60,Sprinkler,74,Sugarcane,Barley,Soybean,Low,101,33,75,64786,/content/drive/MyDrive/dataset/CyAUG-Dataset/Yellow_Soil/y (1882).jpeg
Silty,6.4,24,25,49,49,Drip,72,Vegetables,Wheat,Sugarcane,High,153,24,62,24166,/content/drive/MyDrive/dataset/CyAUG-Dataset/Yellow_Soil/y (1691).jpeg
Sandy,7.23,36,38,22,51,Flood,93,Sugarcane,Millet,Wheat,High,83,32,43,29465,/content/drive/MyDrive/dataset/CyAUG-Dataset/Yellow_Soil/y (2239).jpeg
Silty,7.25,46,22,23,71,Sprinkler,93,Wheat,Rice,Sugarcane,Low,195,23,49,46978,/content/drive/MyDrive/dataset/CyAUG-Dataset/Yellow_Soil/y (2266).jpeg
Clay,5.57,37,15,27,80,Flood,65,Vegetables,Sugarcane,Millet,High,66,35,57,50877,/content/drive/MyDrive/dataset/CyAUG-Dataset/Yellow_Soil/y (2204).jpeg
Loamy,6.44,43,22,46,49,Drip,65,Sugarcane,Soybean,Cotton,Medium,167,24,83,42738,/content/drive/MyDrive/dataset/CyAUG-Dataset/Yellow_Soil/y (2362).jpeg
Clay,6.84,58,37,39,65,Drip,63,Wheat,Maize,Soybean,High,119,33,81,27427,/content/drive/MyDrive/dataset/CyAUG-Dataset/Yellow_Soil/y (1751).jpeg
Sandy,7.45,41,24,39,71,Flood,55,Cotton,Rice,Barley,High,151,22,72,32081,/content/drive/MyDrive/dataset/CyAUG-Dataset/Yellow_Soil/y (2242).jpeg
Silty,6.11,22,34,32,72,Flood,67,Soybean,Cotton,Sugarcane,Low,101,32,62,34770,/content/drive/MyDrive/dataset/CyAUG-Dataset/Yellow_Soil/y (2038).jpeg
Sandy,6.63,48,21,47,73,Sprinkler,79,Barley,Soybean,Maize,High,174,33,46,28525,/content/drive/MyDrive/dataset/CyAUG-Dataset/Yellow_Soil/y (1837).jpeg
Sandy,5.87,59,39,43,36,Drip,77,Millet,Rice,Groundnut,Medium,87,26,51,53438,/content/drive/MyDrive/dataset/CyAUG-Dataset/Yellow_Soil/y (1681).jpeg
Clay,6.07,37,32,42,51,Flood,84,Sugarcane,Groundnut,Cotton,Low,105,21,60,53535,/content/drive/MyDrive/dataset/CyAUG-Dataset/Yellow_Soil/y (1700).jpeg
Loamy,6.75,22,19,45,77,Sprinkler,83,Cotton,Barley,Wheat,Medium,51,27,83,27297,/content/drive/MyDrive/dataset/CyAUG-Dataset/Yellow_Soil/y (2151).jpeg
Loamy,6.41,58,34,23,57,Flood,53,Vegetables,Barley,Vegetables,High,106,34,60,58562,/content/drive/MyDrive/dataset/CyAUG-Dataset/Yellow_Soil/y (1865).jpeg
Sandy,6.01,52,37,45,64,Drip,61,Barley,Rice,Soybean,Medium,124,33,52,44162,/content/drive/MyDrive/dataset/CyAUG-Dataset/Yellow_Soil/y (2211).jpeg
Silty,5.59,34,30,31,57,Drip,89,Maize,Soybean,Barley,Medium,101,20,76,69998,/content/drive/MyDrive/dataset/CyAUG-Dataset/Yellow_Soil/y (1794).jpeg
Silty,6.61,44,30,43,46,Flood,75,Vegetables,Millet,Barley,Low,141,25,78,22026,/content/drive/MyDrive/dataset/CyAUG-Dataset/Yellow_Soil/y (1892).jpeg
Silty,6.97,56,29,47,64,Flood,82,Groundnut,Maize,Sugarcane,Low,71,25,84,55183,/content/drive/MyDrive/dataset/CyAUG-Dataset/Yellow_Soil/y (1624).jpeg
Clay,7.13,47,19,44,66,Sprinkler,81,Barley,Vegetables,Groundnut,Low,147,26,45,62778,/content/drive/MyDrive/dataset/CyAUG-Dataset/Yellow_Soil/y (2280).jpeg
Sandy,6.59,38,31,29,33,Flood,61,Millet,Millet,Vegetables,Low,119,25,57,27925,/content/drive/MyDrive/dataset/CyAUG-Dataset/Yellow_Soil/y (2292).jpeg
Silty,6.52,22,34,43,40,Drip,75,Maize,Groundnut,Sugarcane,Medium,107,34,87,48395,/content/drive/MyDrive/dataset/CyAUG-Dataset/Yellow_Soil/y (2305).jpeg
Silty,7.49,54,23,22,51,Flood,56,Millet,Barley,Wheat,High,199,20,65,65497,/content/drive/MyDrive/dataset/CyAUG-Dataset/Yellow_Soil/y (2193).jpeg
Loamy,6.37,53,18,35,75,Drip,63,Barley,Vegetables,Groundnut,Low,122,35,72,27784,/content/drive/MyDrive/dataset/CyAUG-Dataset/Yellow_Soil/y (1756).jpeg
Loamy,6.62,29,16,24,58,Flood,74,Cotton,Sugarcane,Wheat,Medium,100,29,74,52987,/content/drive/MyDrive/dataset/CyAUG-Dataset/Yellow_Soil/y (2416).jpeg
Loamy,7.49,26,22,21,59,Drip,74,Millet,Vegetables,Cotton,Medium,176,22,54,53118,/content/drive/MyDrive/dataset/CyAUG-Dataset/Yellow_Soil/y (2100).jpeg
Silty,7.18,46,39,39,45,Flood,77,Vegetables,Rice,Sugarcane,High,70,33,65,69855,/content/drive/MyDrive/dataset/CyAUG-Dataset/Yellow_Soil/y (1680).jpeg
Clay,6.2,23,17,35,75,Flood,86,Cotton,Maize,Millet,Medium,109,33,78,35682,/content/drive/MyDrive/dataset/CyAUG-Dataset/Yellow_Soil/y (1733).jpeg
Sandy,6.8,27,28,26,41,Flood,95,Rice,Vegetables,Soybean,Medium,51,23,76,36045,/content/drive/MyDrive/dataset/CyAUG-Dataset/Yellow_Soil/y (1802).jpeg
Silty,6.01,49,16,27,60,Sprinkler,79,Soybean,Soybean,Vegetables,Medium,157,22,54,21012,/content/drive/MyDrive/dataset/CyAUG-Dataset/Yellow_Soil/y (1862).jpeg
Silty,5.59,46,39,35,40,Drip,63,Maize,Maize,Vegetables,High,100,31,66,68874,/content/drive/MyDrive/dataset/CyAUG-Dataset/Yellow_Soil/y (1728).jpeg
Silty,6.31,54,29,38,68,Sprinkler,83,Barley,Soybean,Wheat,High,173,25,47,40637,/content/drive/MyDrive/dataset/CyAUG-Dataset/Yellow_Soil/y (2213).jpeg
Sandy,7.47,39,29,42,74,Sprinkler,55,Millet,Millet,Millet,Low,181,24,79,26621,/content/drive/MyDrive/dataset/CyAUG-Dataset/Yellow_Soil/y (2126).jpeg
Sandy,6.09,54,26,43,48,Sprinkler,68,Cotton,Barley,Groundnut,Low,82,21,71,47862,/content/drive/MyDrive/dataset/CyAUG-Dataset/Yellow_Soil/y (2233).jpeg
Loamy,6.14,29,37,29,42,Sprinkler,51,Cotton,Wheat,Rice,High,125,26,41,77985,/content/drive/MyDrive/dataset/CyAUG-Dataset/Yellow_Soil/y (2132).jpeg
Clay,6.48,33,18,21,64,Sprinkler,60,Rice,Maize,Vegetables,Medium,175,21,48,59702,/content/drive/MyDrive/dataset/CyAUG-Dataset/Yellow_Soil/y (1783).jpeg
Clay,7.44,20,32,42,40,Sprinkler,85,Rice,Cotton,Millet,Low,144,23,77,41837,/content/drive/MyDrive/dataset/CyAUG-Dataset/Yellow_Soil/y (2391).jpeg
Clay,7.0,27,34,30,31,Flood,59,Sugarcane,Barley,Millet,High,68,26,44,29580,/content/drive/MyDrive/dataset/CyAUG-Dataset/Yellow_Soil/y (2004).jpeg
Silty,5.58,48,33,42,59,Sprinkler,85,Groundnut,Sugarcane,Millet,Medium,150,30,41,34046,/content/drive/MyDrive/dataset/CyAUG-Dataset/Yellow_Soil/y (2054).jpeg
Sandy,6.75,45,15,28,42,Drip,53,Sugarcane,Sugarcane,Maize,High,134,26,55,75130,/content/drive/MyDrive/dataset/CyAUG-Dataset/Yellow_Soil/y (2390).jpeg
Loamy,7.17,40,18,47,41,Sprinkler,70,Vegetables,Wheat,Groundnut,High,119,30,46,68725,/content/drive/MyDrive/dataset/CyAUG-Dataset/Yellow_Soil/y (1625).jpeg
Sandy,6.44,35,21,32,46,Drip,60,Cotton,Wheat,Soybean,Medium,84,35,56,58655,/content/drive/MyDrive/dataset/CyAUG-Dataset/Yellow_Soil/y (1832).jpeg
Clay,6.08,57,31,37,77,Sprinkler,84,Wheat,Soybean,Barley,High,190,21,83,26525,/content/drive/MyDrive/dataset/CyAUG-Dataset/Yellow_Soil/y (1649).jpeg
Loamy,6.93,33,16,28,57,Flood,73,Rice,Maize,Wheat,High,180,32,40,52066,/content/drive/MyDrive/dataset/CyAUG-Dataset/Yellow_Soil/y (1650).jpeg
Loamy,6.62,35,26,45,58,Sprinkler,61,Cotton,Cotton,Groundnut,High,78,20,45,74009,/content/drive/MyDrive/dataset/CyAUG-Dataset/Yellow_Soil/y (2371).jpeg
Loamy,5.79,38,23,20,33,Flood,63,Cotton,Groundnut,Soybean,Medium,156,22,78,27081,/content/drive/MyDrive/dataset/CyAUG-Dataset/Yellow_Soil/y (2077).jpeg
Loamy,7.14,33,40,38,78,Sprinkler,82,Groundnut,Vegetables,Millet,High,50,34,47,38249,/content/drive/MyDrive/dataset/CyAUG-Dataset/Yellow_Soil/y (2433).jpeg
Sandy,5.86,55,19,25,60,Flood,57,Barley,Barley,Sugarcane,High,108,33,65,36632,/content/drive/MyDrive/dataset/CyAUG-Dataset/Yellow_Soil/y (1848).jpeg
Loamy,6.23,39,26,31,42,Sprinkler,68,Millet,Maize,Millet,Low,108,23,54,25093,/content/drive/MyDrive/dataset/CyAUG-Dataset/Yellow_Soil/y (1836).jpeg
Sandy,6.34,57,34,25,76,Sprinkler,86,Vegetables,Soybean,Vegetables,Medium,154,29,41,78200,/content/drive/MyDrive/dataset/CyAUG-Dataset/Yellow_Soil/y (2303).jpeg
Sandy,6.77,24,37,44,48,Drip,62,Wheat,Maize,Sugarcane,High,106,35,56,79548,/content/drive/MyDrive/dataset/CyAUG-Dataset/Yellow_Soil/y (2245).jpeg
Loamy,7.13,51,18,41,66,Drip,78,Maize,Cotton,Groundnut,Medium,181,27,60,46625,/content/drive/MyDrive/dataset/CyAUG-Dataset/Yellow_Soil/y (2179).jpeg
Sandy,6.08,43,21,37,41,Flood,69,Vegetables,Soybean,Soybean,High,107,22,44,67676,/content/drive/MyDrive/dataset/CyAUG-Dataset/Yellow_Soil/y (2254).jpeg
Clay,6.06,42,40,32,41,Flood,87,Millet,Millet,Soybean,High,74,26,88,73353,/content/drive/MyDrive/dataset/CyAUG-Dataset/Yellow_Soil/y (1785).jpeg
Clay,5.61,43,30,33,74,Drip,64,Millet,Barley,Cotton,Medium,189,27,90,71764,/content/drive/MyDrive/dataset/CyAUG-Dataset/Yellow_Soil/y (2043).jpeg
Silty,7.25,50,21,47,47,Drip,60,Millet,Wheat,Sugarcane,Low,117,31,76,58565,/content/drive/MyDrive/dataset/CyAUG-Dataset/Yellow_Soil/y (1713).jpeg
Sandy,5.5,42,23,49,53,Flood,77,Soybean,Barley,Sugarcane,Medium,174,32,53,75157,/content/drive/MyDrive/dataset/CyAUG-Dataset/Yellow_Soil/y (2120).jpeg
Sandy,6.51,55,27,50,53,Sprinkler,53,Barley,Vegetables,Sugarcane,Medium,90,28,51,38626,/content/drive/MyDrive/dataset/CyAUG-Dataset/Yellow_Soil/y (1887).jpeg
Sandy,5.81,52,37,24,64,Sprinkler,66,Millet,Vegetables,Cotton,Low,94,35,74,66249,/content/drive/MyDrive/dataset/CyAUG-Dataset/Yellow_Soil/y (1818).jpeg
Loamy,6.89,26,31,38,63,Drip,62,Rice,Groundnut,Millet,High,107,22,50,69543,/content/drive/MyDrive/dataset/CyAUG-Dataset/Yellow_Soil/y (1939).jpeg
Silty,6.84,31,38,33,31,Flood,80,Vegetables,Millet,Cotton,Low,89,27,43,41395,/content/drive/MyDrive/dataset/CyAUG-Dataset/Yellow_Soil/y (1789).jpeg
Loamy,6.3,58,20,38,64,Sprinkler,81,Maize,Groundnut,Wheat,High,136,28,65,60394,/content/drive/MyDrive/dataset/CyAUG-Dataset/Yellow_Soil/y (1767).jpeg
Loamy,7.36,25,40,31,76,Sprinkler,70,Barley,Millet,Maize,High,110,22,46,56339,/content/drive/MyDrive/dataset/CyAUG-Dataset/Yellow_Soil/y (2458).jpeg
Silty,6.55,54,28,24,75,Flood,59,Groundnut,Rice,Cotton,Medium,63,31,51,27562,/content/drive/MyDrive/dataset/CyAUG-Dataset/Yellow_Soil/y (2392).jpeg
Loamy,7.34,46,35,25,71,Drip,63,Soybean,Vegetables,Sugarcane,Low,173,25,51,25585,/content/drive/MyDrive/dataset/CyAUG-Dataset/Yellow_Soil/y (2181).jpeg
Silty,6.61,60,18,29,42,Sprinkler,95,Cotton,Vegetables,Vegetables,Low,121,26,52,57543,/content/drive/MyDrive/dataset/CyAUG-Dataset/Yellow_Soil/y (2244).jpeg
Loamy,6.36,32,39,35,78,Flood,62,Maize,Millet,Cotton,Low,101,28,67,35388,/content/drive/MyDrive/dataset/CyAUG-Dataset/Yellow_Soil/y (2444).jpeg
Silty,7.18,38,18,37,46,Sprinkler,77,Rice,Soybean,Vegetables,Medium,95,25,70,59084,/content/drive/MyDrive/dataset/CyAUG-Dataset/Yellow_Soil/y (2299).jpeg
Sandy,6.25,57,23,29,63,Sprinkler,56,Maize,Wheat,Millet,Medium,164,33,40,45508,/content/drive/MyDrive/dataset/CyAUG-Dataset/Yellow_Soil/y (2138).jpeg
Silty,7.08,55,17,20,39,Sprinkler,92,Groundnut,Rice,Maize,Low,192,22,46,51952,/content/drive/MyDrive/dataset/CyAUG-Dataset/Yellow_Soil/y (2002).jpeg
Sandy,6.28,44,37,50,79,Flood,72,Barley,Maize,Rice,Low,181,30,49,20776,/content/drive/MyDrive/dataset/CyAUG-Dataset/Yellow_Soil/y (2139).jpeg
Clay,6.91,41,32,24,65,Drip,50,Wheat,Wheat,Soybean,High,80,31,43,20051,/content/drive/MyDrive/dataset/CyAUG-Dataset/Yellow_Soil/y (2300).jpeg
Silty,6.11,30,27,21,57,Flood,59,Millet,Millet,Cotton,High,117,23,78,26288,/content/drive/MyDrive/dataset/CyAUG-Dataset/Yellow_Soil/y (2107).jpeg
Clay,6.78,41,17,29,69,Drip,86,Wheat,Wheat,Cotton,High,80,22,52,23371,/content/drive/MyDrive/dataset/CyAUG-Dataset/Yellow_Soil/y (1958).jpeg
Silty,5.62,48,18,49,47,Sprinkler,85,Barley,Cotton,Sugarcane,Low,136,34,52,58001,/content/drive/MyDrive/dataset/CyAUG-Dataset/Yellow_Soil/y (2176).jpeg
Sandy,7.26,36,40,27,62,Drip,51,Cotton,Groundnut,Sugarcane,Medium,67,25,76,36895,/content/drive/MyDrive/dataset/CyAUG-Dataset/Yellow_Soil/y (1666).jpeg
Sandy,5.83,27,37,41,31,Sprinkler,94,Millet,Wheat,Maize,High,70,23,44,78588,/content/drive/MyDrive/dataset/CyAUG-Dataset/Yellow_Soil/y (2110).jpeg
Clay,6.83,43,38,35,36,Flood,75,Sugarcane,Wheat,Groundnut,Medium,193,32,75,53939,/content/drive/MyDrive/dataset/CyAUG-Dataset/Yellow_Soil/y (2249).jpeg
Loamy,6.7,33,26,42,36,Flood,86,Barley,Groundnut,Rice,High,138,23,47,35861,/content/drive/MyDrive/dataset/CyAUG-Dataset/Yellow_Soil/y (2180).jpeg
Silty,7.44,47,21,32,43,Sprinkler,53,Wheat,Millet,Cotton,Low,177,26,71,69462,/content/drive/MyDrive/dataset/CyAUG-Dataset/Yellow_Soil/y (1777).jpeg
Loamy,5.95,60,25,32,72,Flood,56,Maize,Cotton,Vegetables,Medium,123,33,68,26906,/content/drive/MyDrive/dataset/CyAUG-Dataset/Yellow_Soil/y (2170).jpeg
Silty,6.6,35,35,28,72,Flood,60,Wheat,Soybean,Wheat,Medium,191,20,68,65009,/content/drive/MyDrive/dataset/CyAUG-Dataset/Yellow_Soil/y (1735).jpeg
Sandy,6.98,46,39,20,60,Sprinkler,94,Barley,Millet,Soybean,High,65,27,71,49556,/content/drive/MyDrive/dataset/CyAUG-Dataset/Yellow_Soil/y (1670).jpeg
Sandy,6.0,58,33,32,75,Drip,69,Barley,Maize,Cotton,Low,89,31,67,74526,/content/drive/MyDrive/dataset/CyAUG-Dataset/Yellow_Soil/y (2037).jpeg
Silty,7.38,57,36,20,71,Flood,52,Maize,Sugarcane,Groundnut,High,153,20,76,61435,/content/drive/MyDrive/dataset/CyAUG-Dataset/Yellow_Soil/y (1948).jpeg
Loamy,6.44,25,38,49,38,Flood,68,Barley,Barley,Millet,Low,134,32,85,34377,/content/drive/MyDrive/dataset/CyAUG-Dataset/Yellow_Soil/y (2016).jpeg
Silty,6.92,46,16,45,48,Sprinkler,70,Sugarcane,Maize,Vegetables,Medium,62,23,52,27897,/content/drive/MyDrive/dataset/CyAUG-Dataset/Yellow_Soil/y (2008).jpeg
Sandy,6.36,41,23,48,70,Sprinkler,77,Millet,Maize,Barley,Low,148,33,64,20634,/content/drive/MyDrive/dataset/CyAUG-Dataset/Yellow_Soil/y (2080).jpeg
Silty,7.08,42,30,39,48,Flood,84,Soybean,Rice,Maize,Low,171,27,57,72629,/content/drive/MyDrive/dataset/CyAUG-Dataset/Yellow_Soil/y (1685).jpeg
Sandy,7.32,54,38,48,63,Flood,87,Soybean,Barley,Soybean,Low,138,24,46,54569,/content/drive/MyDrive/dataset/CyAUG-Dataset/Yellow_Soil/y (1900).jpeg
Sandy,6.33,59,36,33,73,Drip,88,Soybean,Cotton,Cotton,High,123,30,60,60298,/content/drive/MyDrive/dataset/CyAUG-Dataset/Yellow_Soil/y (2172).jpeg
Loamy,6.33,36,35,42,65,Sprinkler,57,Rice,Maize,Rice,Low,51,22,70,58711,/content/drive/MyDrive/dataset/CyAUG-Dataset/Yellow_Soil/y (2053).jpeg
Sandy,6.18,59,15,35,36,Drip,81,Barley,Vegetables,Wheat,Low,175,29,65,50477,/content/drive/MyDrive/dataset/CyAUG-Dataset/Yellow_Soil/y (2221).jpeg
Silty,6.92,46,39,33,64,Flood,88,Soybean,Barley,Rice,High,176,27,45,53106,/content/drive/MyDrive/dataset/CyAUG-Dataset/Yellow_Soil/y (2380).jpeg
Sandy,5.77,55,27,46,55,Sprinkler,90,Cotton,Vegetables,Groundnut,High,113,30,44,36780,/content/drive/MyDrive/dataset/CyAUG-Dataset/Yellow_Soil/y (1701).jpeg
Clay,6.63,45,25,45,56,Sprinkler,62,Cotton,Rice,Vegetables,High,86,21,67,73545,/content/drive/MyDrive/dataset/CyAUG-Dataset/Yellow_Soil/y (2046).jpeg
Clay,6.34,50,31,20,55,Drip,60,Millet,Barley,Wheat,Low,197,22,51,64641,/content/drive/MyDrive/dataset/CyAUG-Dataset/Yellow_Soil/y (2361).jpeg
Silty,5.58,29,28,37,57,Sprinkler,74,Cotton,Groundnut,Wheat,High,187,25,87,27762,/content/drive/MyDrive/dataset/CyAUG-Dataset/Yellow_Soil/y (1626).jpeg
Sandy,6.05,22,19,29,50,Flood,64,Soybean,Millet,Soybean,Low,93,30,80,22312,/content/drive/MyDrive/dataset/CyAUG-Dataset/Yellow_Soil/y (2485).jpeg
Loamy,6.0,46,17,45,30,Drip,83,Soybean,Groundnut,Wheat,Medium,80,27,64,46067,/content/drive/MyDrive/dataset/CyAUG-Dataset/Yellow_Soil/y (2339).jpeg
Loamy,7.48,26,19,44,47,Drip,67,Rice,Sugarcane,Wheat,Medium,186,26,44,26944,/content/drive/MyDrive/dataset/CyAUG-Dataset/Yellow_Soil/y (2093).jpeg
Loamy,7.2,23,15,42,44,Flood,83,Barley,Millet,Maize,Low,180,31,66,59714,/content/drive/MyDrive/dataset/CyAUG-Dataset/Yellow_Soil/y (1981).jpeg
Sandy,7.49,31,15,40,54,Sprinkler,94,Cotton,Groundnut,Millet,Low,121,21,62,57865,/content/drive/MyDrive/dataset/CyAUG-Dataset/Yellow_Soil/y (2071).jpeg
Silty,7.2,34,31,20,35,Flood,84,Wheat,Millet,Rice,Medium,191,29,84,39936,/content/drive/MyDrive/dataset/CyAUG-Dataset/Yellow_Soil/y (1632).jpeg
Sandy,6.01,27,17,21,62,Drip,81,Soybean,Vegetables,Sugarcane,Medium,183,31,55,60220,/content/drive/MyDrive/dataset/CyAUG-Dataset/Yellow_Soil/y (1711).jpeg
Silty,7.3,46,30,22,80,Sprinkler,86,Soybean,Sugarcane,Millet,Low,135,25,65,48533,/content/drive/MyDrive/dataset/CyAUG-Dataset/Yellow_Soil/y (1720).jpeg
Silty,6.48,57,34,32,46,Sprinkler,82,Soybean,Rice,Rice,High,168,20,88,33927,/content/drive/MyDrive/dataset/CyAUG-Dataset/Yellow_Soil/y (1772).jpeg
Loamy,6.25,50,20,34,69,Flood,89,Soybean,Sugarcane,Groundnut,High,170,28,62,79945,/content/drive/MyDrive/dataset/CyAUG-Dataset/Yellow_Soil/y (2277).jpeg
Clay,7.29,25,39,44,37,Flood,85,Groundnut,Barley,Soybean,High,97,26,62,32337,/content/drive/MyDrive/dataset/CyAUG-Dataset/Yellow_Soil/y (2497).jpeg
Loamy,6.04,54,28,36,44,Drip,55,Maize,Maize,Groundnut,Medium,91,25,65,21221,/content/drive/MyDrive/dataset/CyAUG-Dataset/Yellow_Soil/y (2085).jpeg
Sandy,6.53,49,22,47,31,Flood,55,Soybean,Millet,Barley,High,150,22,77,76679,/content/drive/MyDrive/dataset/CyAUG-Dataset/Yellow_Soil/y (2146).jpeg
Sandy,6.84,42,21,50,79,Flood,75,Vegetables,Millet,Wheat,Medium,160,33,76,20170,/content/drive/MyDrive/dataset/CyAUG-Dataset/Yellow_Soil/y (2078).jpeg
Silty,6.03,48,31,26,39,Drip,77,Vegetables,Sugarcane,Vegetables,Low,55,22,77,61639,/content/drive/MyDrive/dataset/CyAUG-Dataset/Yellow_Soil/y (2330).jpeg
Sandy,7.2,50,28,48,51,Drip,91,Rice,Wheat,Soybean,Medium,143,32,83,51875,/content/drive/MyDrive/dataset/CyAUG-Dataset/Yellow_Soil/y (1773).jpeg
Sandy,6.85,21,21,41,50,Sprinkler,64,Rice,Millet,Sugarcane,Medium,121,21,71,66278,/content/drive/MyDrive/dataset/CyAUG-Dataset/Yellow_Soil/y (1979).jpeg
Silty,6.87,23,20,21,46,Flood,73,Rice,Groundnut,Barley,Medium,144,35,80,70225,/content/drive/MyDrive/dataset/CyAUG-Dataset/Yellow_Soil/y (1629).jpeg
Loamy,7.28,35,32,23,79,Drip,54,Wheat,Sugarcane,Cotton,High,140,34,90,22717,/content/drive/MyDrive/dataset/CyAUG-Dataset/Yellow_Soil/y (2478).jpeg
Loamy,6.62,47,15,41,44,Drip,62,Groundnut,Maize,Cotton,Medium,162,32,62,45791,/content/drive/MyDrive/dataset/CyAUG-Dataset/Yellow_Soil/y (1989).jpeg
Clay,6.52,41,24,28,58,Drip,80,Barley,Maize,Vegetables,High,162,26,76,44786,/content/drive/MyDrive/dataset/CyAUG-Dataset/Yellow_Soil/y (2445).jpeg
Clay,5.73,35,21,40,78,Flood,51,Groundnut,Maize,Groundnut,High,125,21,66,42267,/content/drive/MyDrive/dataset/CyAUG-Dataset/Yellow_Soil/y (1926).jpeg
Sandy,6.09,53,30,37,68,Flood,55,Wheat,Millet,Groundnut,Low,90,31,59,71598,/content/drive/MyDrive/dataset/CyAUG-Dataset/Yellow_Soil/y (1959).jpeg
Clay,5.57,24,17,48,42,Flood,70,Wheat,Groundnut,Vegetables,High,166,27,42,74181,/content/drive/MyDrive/dataset/CyAUG-Dataset/Yellow_Soil/y (2363).jpeg
Silty,6.06,30,29,21,36,Flood,59,Sugarcane,Cotton,Sugarcane,High,149,20,68,62175,/content/drive/MyDrive/dataset/CyAUG-Dataset/Yellow_Soil/y (1922).jpeg
Silty,5.81,51,19,41,43,Sprinkler,89,Wheat,Barley,Barley,High,173,32,75,64255,/content/drive/MyDrive/dataset/CyAUG-Dataset/Yellow_Soil/y (1687).jpeg
Sandy,5.6,32,18,26,31,Flood,78,Wheat,Rice,Groundnut,Low,185,31,69,47700,/content/drive/MyDrive/dataset/CyAUG-Dataset/Yellow_Soil/y (2270).jpeg
Loamy,7.3,47,35,40,74,Flood,62,Groundnut,Groundnut,Maize,High,193,23,55,69918,/content/drive/MyDrive/dataset/CyAUG-Dataset/Yellow_Soil/y (1864).jpeg
Loamy,5.57,52,39,50,65,Flood,91,Maize,Soybean,Rice,Low,186,32,44,43003,/content/drive/MyDrive/dataset/CyAUG-Dataset/Yellow_Soil/y (1831).jpeg
Sandy,6.29,51,24,42,62,Drip,76,Groundnut,Sugarcane,Millet,High,106,29,78,50316,/content/drive/MyDrive/dataset/CyAUG-Dataset/Yellow_Soil/y (2442).jpeg
Sandy,7.31,33,16,34,52,Flood,89,Wheat,Sugarcane,Wheat,Low,181,27,52,67969,/content/drive/MyDrive/dataset/CyAUG-Dataset/Yellow_Soil/y (1719).jpeg
Clay,5.82,56,16,29,64,Sprinkler,93,Barley,Millet,Groundnut,Medium,177,29,41,45169,/content/drive/MyDrive/dataset/CyAUG-Dataset/Yellow_Soil/y (1834).jpeg
Clay,5.96,36,34,25,50,Sprinkler,77,Barley,Maize,Barley,Low,151,35,71,78752,/content/drive/MyDrive/dataset/CyAUG-Dataset/Yellow_Soil/y (1950).jpeg
Silty,7.05,22,19,49,75,Sprinkler,74,Soybean,Vegetables,Vegetables,Medium,90,24,43,65855,/content/drive/MyDrive/dataset/CyAUG-Dataset/Yellow_Soil/y (1746).jpeg
Loamy,6.07,49,32,44,66,Sprinkler,56,Sugarcane,Groundnut,Soybean,Low,94,32,79,23143,/content/drive/MyDrive/dataset/CyAUG-Dataset/Yellow_Soil/y (1987).jpeg
Silty,7.42,44,20,49,31,Drip,58,Wheat,Wheat,Wheat,High,82,25,77,42811,/content/drive/MyDrive/dataset/CyAUG-Dataset/Yellow_Soil/y (2410).jpeg
Silty,7.49,57,28,30,65,Drip,51,Sugarcane,Barley,Wheat,Low,117,35,71,47315,/content/drive/MyDrive/dataset/CyAUG-Dataset/Yellow_Soil/y (2033).jpeg
Sandy,7.31,24,16,32,41,Sprinkler,77,Wheat,Vegetables,Maize,Medium,196,30,42,66466,/content/drive/MyDrive/dataset/CyAUG-Dataset/Yellow_Soil/y (2114).jpeg
Loamy,5.72,44,39,50,57,Sprinkler,91,Millet,Millet,Rice,Medium,120,33,75,20541,/content/drive/MyDrive/dataset/CyAUG-Dataset/Yellow_Soil/y (1842).jpeg
Loamy,6.84,45,22,26,76,Sprinkler,50,Cotton,Soybean,Millet,Low,60,35,53,52611,/content/drive/MyDrive/dataset/CyAUG-Dataset/Yellow_Soil/y (2317).jpeg
Clay,6.28,34,15,31,75,Sprinkler,56,Sugarcane,Groundnut,Rice,Medium,166,23,63,53873,/content/drive/MyDrive/dataset/CyAUG-Dataset/Yellow_Soil/y (2417).jpeg
Silty,7.5,33,38,50,32,Flood,64,Rice,Groundnut,Maize,Medium,148,20,48,55171,/content/drive/MyDrive/dataset/CyAUG-Dataset/Yellow_Soil/y (1722).jpeg
Clay,7.21,51,19,20,71,Flood,70,Soybean,Maize,Cotton,Low,98,31,54,27218,/content/drive/MyDrive/dataset/CyAUG-Dataset/Yellow_Soil/y (2199).jpeg
Loamy,6.65,37,39,41,68,Sprinkler,70,Soybean,Cotton,Wheat,Medium,137,26,53,56172,/content/drive/MyDrive/dataset/CyAUG-Dataset/Yellow_Soil/y (1936).jpeg
Sandy,6.8,53,38,23,38,Drip,85,Millet,Groundnut,Maize,Medium,157,29,80,57364,/content/drive/MyDrive/dataset/CyAUG-Dataset/Yellow_Soil/y (2334).jpeg
Clay,6.61,53,26,34,33,Sprinkler,94,Vegetables,Cotton,Groundnut,High,196,29,63,62648,/content/drive/MyDrive/dataset/CyAUG-Dataset/Yellow_Soil/y (1879).jpeg
Silty,6.66,29,21,23,57,Sprinkler,54,Wheat,Barley,Soybean,Low,109,23,68,50596,/content/drive/MyDrive/dataset/CyAUG-Dataset/Yellow_Soil/y (2143).jpeg
Silty,6.36,27,22,30,39,Drip,79,Maize,Sugarcane,Maize,High,174,26,59,51599,/content/drive/MyDrive/dataset/CyAUG-Dataset/Yellow_Soil/y (2184).jpeg
Loamy,5.51,46,39,50,78,Flood,77,Millet,Soybean,Millet,Low,168,31,53,44703,/content/drive/MyDrive/dataset/CyAUG-Dataset/Yellow_Soil/y (1844).jpeg
Sandy,7.44,49,39,47,48,Drip,54,Maize,Millet,Wheat,High,51,21,62,25896,/content/drive/MyDrive/dataset/CyAUG-Dataset/Yellow_Soil/y (1797).jpeg
Loamy,6.8,43,27,36,72,Sprinkler,53,Barley,Cotton,Vegetables,Low,98,29,68,23360,/content/drive/MyDrive/dataset/CyAUG-Dataset/Yellow_Soil/y (2111).jpeg
Sandy,7.29,33,23,39,67,Drip,73,Wheat,Barley,Wheat,High,62,26,58,73166,/content/drive/MyDrive/dataset/CyAUG-Dataset/Yellow_Soil/y (1678).jpeg
Loamy,7.07,47,36,32,40,Sprinkler,52,Maize,Maize,Sugarcane,High,122,29,50,21029,/content/drive/MyDrive/dataset/CyAUG-Dataset/Yellow_Soil/y (2322).jpeg
Loamy,6.37,53,20,22,80,Drip,51,Maize,Millet,Groundnut,High,113,21,47,43701,/content/drive/MyDrive/dataset/CyAUG-Dataset/Yellow_Soil/y (1971).jpeg
Clay,7.21,37,20,49,55,Drip,90,Groundnut,Cotton,Maize,Medium,152,28,83,63409,/content/drive/MyDrive/dataset/CyAUG-Dataset/Yellow_Soil/y (2476).jpeg
Loamy,7.43,56,29,25,30,Sprinkler,69,Rice,Vegetables,Millet,Medium,125,32,56,23816,/content/drive/MyDrive/dataset/CyAUG-Dataset/Yellow_Soil/y (2284).jpeg
Clay,6.01,43,25,41,57,Sprinkler,63,Vegetables,Wheat,Vegetables,Medium,76,34,79,21591,/content/drive/MyDrive/dataset/CyAUG-Dataset/Yellow_Soil/y (2131).jpeg
Loamy,6.74,32,21,22,78,Drip,78,Groundnut,Vegetables,Sugarcane,High,140,29,65,23528,/content/drive/MyDrive/dataset/CyAUG-Dataset/Yellow_Soil/y (2135).jpeg
Clay,5.8,23,28,25,33,Drip,66,Rice,Wheat,Barley,Low,150,22,68,65213,/content/drive/MyDrive/dataset/CyAUG-Dataset/Yellow_Soil/y (2288).jpeg
Sandy,5.75,25,35,50,69,Flood,76,Wheat,Maize,Rice,Medium,143,25,42,22627,/content/drive/MyDrive/dataset/CyAUG-Dataset/Yellow_Soil/y (1884).jpeg
Sandy,7.05,49,33,44,70,Flood,50,Groundnut,Barley,Cotton,Medium,62,23,75,34965,/content/drive/MyDrive/dataset/CyAUG-Dataset/Yellow_Soil/y (2192).jpeg
Loamy,6.81,45,22,22,42,Sprinkler,80,Groundnut,Barley,Sugarcane,Low,188,31,54,68765,/content/drive/MyDrive/dataset/CyAUG-Dataset/Yellow_Soil/y (2160).jpeg
Loamy,7.15,52,39,30,42,Sprinkler,91,Vegetables,Vegetables,Maize,Low,87,28,69,43520,/content/drive/MyDrive/dataset/CyAUG-Dataset/Yellow_Soil/y (2343).jpeg
Loamy,7.28,52,25,20,47,Sprinkler,88,Millet,Sugarcane,Vegetables,Medium,158,21,70,24713,/content/drive/MyDrive/dataset/CyAUG-Dataset/Yellow_Soil/y (1643).jpeg
Loamy,7.41,21,16,43,35,Flood,61,Vegetables,Wheat,Soybean,Low,155,22,73,22588,/content/drive/MyDrive/dataset/CyAUG-Dataset/Yellow_Soil/y (2217).jpeg
Loamy,7.14,54,17,33,32,Sprinkler,81,Soybean,Groundnut,Wheat,Low,100,33,79,77982,/content/drive/MyDrive/dataset/CyAUG-Dataset/Yellow_Soil/y (2263).jpeg
Silty,7.25,38,20,46,60,Drip,51,Wheat,Millet,Sugarcane,Low,85,30,77,70376,/content/drive/MyDrive/dataset/CyAUG-Dataset/Yellow_Soil/y (1674).jpeg
Sandy,6.53,38,34,26,56,Sprinkler,85,Barley,Rice,Soybean,High,158,28,85,60379,/content/drive/MyDrive/dataset/CyAUG-Dataset/Yellow_Soil/y (1872).jpeg
Loamy,5.98,60,23,36,77,Sprinkler,55,Soybean,Maize,Soybean,Medium,119,29,70,62437,/content/drive/MyDrive/dataset/CyAUG-Dataset/Yellow_Soil/y (1628).jpeg
Sandy,7.01,57,38,34,40,Flood,62,Barley,Sugarcane,Soybean,Low,133,32,87,69999,/content/drive/MyDrive/dataset/CyAUG-Dataset/Yellow_Soil/y (1875).jpeg
Clay,6.13,25,33,33,57,Flood,91,Sugarcane,Rice,Barley,Medium,150,34,57,48028,/content/drive/MyDrive/dataset/CyAUG-Dataset/Yellow_Soil/y (2338).jpeg
Loamy,5.73,56,17,25,43,Flood,52,Barley,Vegetables,Cotton,Medium,90,32,67,20750,/content/drive/MyDrive/dataset/CyAUG-Dataset/Yellow_Soil/y (2255).jpeg
Sandy,7.12,29,37,24,57,Flood,71,Sugarcane,Cotton,Vegetables,Low,89,24,65,66371,/content/drive/MyDrive/dataset/CyAUG-Dataset/Yellow_Soil/y (1824).jpeg
Sandy,5.99,57,22,25,51,Flood,74,Cotton,Vegetables,Cotton,Low,88,25,75,53474,/content/drive/MyDrive/dataset/CyAUG-Dataset/Yellow_Soil/y (2067).jpeg
Clay,6.85,28,38,26,59,Sprinkler,76,Barley,Soybean,Groundnut,High,148,22,49,44060,/content/drive/MyDrive/dataset/CyAUG-Dataset/Yellow_Soil/y (2393).jpeg
Silty,5.51,24,36,48,35,Drip,56,Sugarcane,Soybean,Maize,High,156,29,83,67986,/content/drive/MyDrive/dataset/CyAUG-Dataset/Yellow_Soil/y (2489).jpeg
Sandy,6.12,53,22,38,67,Flood,71,Wheat,Soybean,Wheat,Low,140,20,76,46196,/content/drive/MyDrive/dataset/CyAUG-Dataset/Yellow_Soil/y (2005).jpeg
Loamy,7.18,50,39,45,70,Drip,70,Barley,Maize,Millet,High,140,22,58,39731,/content/drive/MyDrive/dataset/CyAUG-Dataset/Yellow_Soil/y (2142).jpeg
Loamy,5.79,26,30,24,47,Flood,88,Rice,Sugarcane,Millet,Medium,86,29,42,67084,/content/drive/MyDrive/dataset/CyAUG-Dataset/Yellow_Soil/y (1841).jpeg
Loamy,6.07,47,27,50,70,Drip,90,Barley,Maize,Rice,High,192,26,52,26858,/content/drive/MyDrive/dataset/CyAUG-Dataset/Yellow_Soil/y (2439).jpeg
Clay,5.96,22,17,30,57,Flood,58,Soybean,Groundnut,Maize,Low,161,30,79,60449,/content/drive/MyDrive/dataset/CyAUG-Dataset/Yellow_Soil/y (2000).jpeg
Clay,6.16,29,28,24,50,Flood,85,Rice,Millet,Cotton,High,81,20,64,54353,/content/drive/MyDrive/dataset/CyAUG-Dataset/Yellow_Soil/y (1810).jpeg
Loamy,6.62,36,15,26,66,Sprinkler,89,Cotton,Vegetables,Wheat,High,126,26,66,78556,/content/drive/MyDrive/dataset/CyAUG-Dataset/Yellow_Soil/y (1634).jpeg
Silty,6.04,57,38,37,51,Sprinkler,85,Wheat,Soybean,Sugarcane,Low,144,27,56,78167,/content/drive/MyDrive/dataset/CyAUG-Dataset/Yellow_Soil/y (2461).jpeg
Silty,6.67,38,22,26,41,Flood,93,Millet,Vegetables,Rice,Medium,192,26,67,71808,/content/drive/MyDrive/dataset/CyAUG-Dataset/Yellow_Soil/y (1934).jpeg
Sandy,6.17,40,19,36,31,Flood,53,Maize,Soybean,Millet,Low,140,28,52,65042,/content/drive/MyDrive/dataset/CyAUG-Dataset/Yellow_Soil/y (1661).jpeg
Loamy,5.77,22,25,24,75,Drip,95,Groundnut,Groundnut,Sugarcane,Medium,120,24,61,77507,/content/drive/MyDrive/dataset/CyAUG-Dataset/Yellow_Soil/y (1723).jpeg
Clay,5.61,60,28,41,60,Flood,88,Groundnut,Vegetables,Vegetables,Medium,149,30,52,58520,/content/drive/MyDrive/dataset/CyAUG-Dataset/Yellow_Soil/y (2374).jpeg
Silty,6.89,41,30,39,39,Sprinkler,58,Groundnut,Wheat,Barley,High,123,34,83,38675,/content/drive/MyDrive/dataset/CyAUG-Dataset/Yellow_Soil/y (1975).jpeg
Silty,6.67,46,37,36,65,Drip,53,Soybean,Wheat,Maize,Low,79,22,75,50447,/content/drive/MyDrive/dataset/CyAUG-Dataset/Yellow_Soil/y (1880).jpeg
Clay,7.06,37,29,22,74,Flood,68,Cotton,Sugarcane,Millet,High,115,20,77,27508,/content/drive/MyDrive/dataset/CyAUG-Dataset/Yellow_Soil/y (2032).jpeg
Silty,7.15,42,36,37,76,Sprinkler,85,Wheat,Millet,Barley,Medium,170,25,76,21538,/content/drive/MyDrive/dataset/CyAUG-Dataset/Yellow_Soil/y (1638).jpeg
Silty,6.97,56,35,25,44,Flood,71,Vegetables,Millet,Barley,Low,73,32,57,38023,/content/drive/MyDrive/dataset/CyAUG-Dataset/Yellow_Soil/y (2346).jpeg
Loamy,7.28,20,30,24,35,Flood,70,Rice,Rice,Millet,Medium,113,23,62,50473,/content/drive/MyDrive/dataset/CyAUG-Dataset/Yellow_Soil/y (2389).jpeg
Silty,6.34,59,32,47,51,Sprinkler,50,Vegetables,Barley,Groundnut,High,153,30,48,33616,/content/drive/MyDrive/dataset/CyAUG-Dataset/Yellow_Soil/y (2014).jpeg
Clay,7.17,35,30,27,55,Flood,62,Maize,Groundnut,Millet,Low,54,35,68,76519,/content/drive/MyDrive/dataset/CyAUG-Dataset/Yellow_Soil/y (2206).jpeg
Sandy,7.16,21,32,40,72,Flood,59,Groundnut,Sugarcane,Groundnut,Low,102,21,55,48111,/content/drive/MyDrive/dataset/CyAUG-Dataset/Yellow_Soil/y (1750).jpeg
Sandy,6.21,48,16,37,55,Drip,61,Wheat,Groundnut,Rice,High,192,31,50,74343,/content/drive/MyDrive/dataset/CyAUG-Dataset/Yellow_Soil/y (1933).jpeg
Silty,6.81,35,35,28,54,Flood,85,Sugarcane,Sugarcane,Wheat,Low,167,31,81,31248,/content/drive/MyDrive/dataset/CyAUG-Dataset/Yellow_Soil/y (1835).jpeg
Loamy,7.14,36,29,22,36,Flood,63,Cotton,Wheat,Vegetables,Medium,200,24,48,52763,/content/drive/MyDrive/dataset/CyAUG-Dataset/Yellow_Soil/y (1694).jpeg
Silty,5.93,31,23,23,45,Drip,72,Sugarcane,Groundnut,Sugarcane,Medium,61,23,45,35671,/content/drive/MyDrive/dataset/CyAUG-Dataset/Yellow_Soil/y (2098).jpeg
Clay,6.68,37,24,32,46,Sprinkler,95,Maize,Groundnut,Maize,Low,119,25,51,44372,/content/drive/MyDrive/dataset/CyAUG-Dataset/Yellow_Soil/y (2232).jpeg
Loamy,7.44,30,24,43,64,Drip,58,Wheat,Wheat,Rice,High,82,27,88,62458,/content/drive/MyDrive/dataset/CyAUG-Dataset/Yellow_Soil/y (2144).jpeg
Sandy,6.61,35,34,44,62,Flood,73,Groundnut,Cotton,Rice,Low,74,27,84,56472,/content/drive/MyDrive/dataset/CyAUG-Dataset/Yellow_Soil/y (1656).jpeg
Loamy,5.61,31,38,34,45,Sprinkler,68,Vegetables,Wheat,Cotton,High,131,29,59,22754,/content/drive/MyDrive/dataset/CyAUG-Dataset/Yellow_Soil/y (2007).jpeg
Sandy,6.23,29,33,24,42,Drip,79,Millet,Vegetables,Vegetables,High,121,34,63,49013,/content/drive/MyDrive/dataset/CyAUG-Dataset/Yellow_Soil/y (2030).jpeg
Sandy,5.64,23,29,23,76,Flood,54,Wheat,Cotton,Rice,Low,184,27,53,55745,/content/drive/MyDrive/dataset/CyAUG-Dataset/Yellow_Soil/y (2022).jpeg
Silty,6.49,21,39,32,70,Sprinkler,90,Soybean,Millet,Cotton,Medium,78,31,67,39386,/content/drive/MyDrive/dataset/CyAUG-Dataset/Yellow_Soil/y (2488).jpeg
Sandy,7.24,35,24,47,65,Flood,78,Vegetables,Millet,Rice,Low,72,22,80,56968,/content/drive/MyDrive/dataset/CyAUG-Dataset/Yellow_Soil/y (2094).jpeg
Clay,6.27,31,20,27,79,Flood,66,Maize,Millet,Vegetables,High,133,34,61,66549,/content/drive/MyDrive/dataset/CyAUG-Dataset/Yellow_Soil/y (1978).jpeg
Silty,7.18,26,37,42,64,Drip,87,Maize,Soybean,Cotton,Medium,189,21,41,73262,/content/drive/MyDrive/dataset/CyAUG-Dataset/Yellow_Soil/y (2273).jpeg
Clay,5.85,58,28,33,39,Flood,94,Sugarcane,Barley,Groundnut,High,149,21,82,46311,/content/drive/MyDrive/dataset/CyAUG-Dataset/Yellow_Soil/y (1792).jpeg
Loamy,7.48,29,40,39,54,Flood,81,Maize,Vegetables,Rice,High,111,33,84,41055,/content/drive/MyDrive/dataset/CyAUG-Dataset/Yellow_Soil/y (2140).jpeg
Clay,6.5,58,25,42,68,Drip,87,Maize,Millet,Maize,High,189,33,45,76826,/content/drive/MyDrive/dataset/CyAUG-Dataset/Yellow_Soil/y (2283).jpeg
Clay,6.65,54,24,33,46,Sprinkler,95,Groundnut,Maize,Rice,High,114,23,76,62567,/content/drive/MyDrive/dataset/CyAUG-Dataset/Yellow_Soil/y (2324).jpeg
Sandy,5.69,54,16,34,67,Sprinkler,80,Wheat,Soybean,Millet,High,101,25,82,57130,/content/drive/MyDrive/dataset/CyAUG-Dataset/Yellow_Soil/y (2227).jpeg
Loamy,6.58,42,19,48,78,Flood,89,Wheat,Barley,Groundnut,Medium,103,30,58,79684,/content/drive/MyDrive/dataset/CyAUG-Dataset/Yellow_Soil/y (1901).jpeg
Loamy,6.19,36,23,50,79,Sprinkler,73,Maize,Vegetables,Rice,Medium,53,23,61,53078,/content/drive/MyDrive/dataset/CyAUG-Dataset/Yellow_Soil/y (2407).jpeg
Sandy,6.53,27,40,38,35,Flood,86,Barley,Cotton,Cotton,Medium,128,27,62,67077,/content/drive/MyDrive/dataset/CyAUG-Dataset/Yellow_Soil/y (1941).jpeg
Clay,7.34,54,30,50,39,Sprinkler,87,Soybean,Wheat,Cotton,Medium,54,25,49,42896,/content/drive/MyDrive/dataset/CyAUG-Dataset/Yellow_Soil/y (1654).jpeg
Clay,6.92,20,27,40,55,Drip,86,Cotton,Rice,Rice,High,124,35,54,44852,/content/drive/MyDrive/dataset/CyAUG-Dataset/Yellow_Soil/y (2262).jpeg
Clay,6.2,35,25,22,39,Flood,75,Groundnut,Soybean,Wheat,Medium,73,33,90,74806,/content/drive/MyDrive/dataset/CyAUG-Dataset/Yellow_Soil/y (1909).jpeg
Silty,6.91,21,24,40,49,Sprinkler,61,Sugarcane,Sugarcane,Vegetables,High,143,25,83,63757,/content/drive/MyDrive/dataset/CyAUG-Dataset/Yellow_Soil/y (2122).jpeg
Sandy,7.44,20,34,37,77,Flood,79,Maize,Maize,Maize,Medium,98,27,51,69523,/content/drive/MyDrive/dataset/CyAUG-Dataset/Yellow_Soil/y (2261).jpeg
Clay,5.98,50,27,44,63,Sprinkler,51,Groundnut,Rice,Groundnut,Low,73,29,72,24497,/content/drive/MyDrive/dataset/CyAUG-Dataset/Yellow_Soil/y (1918).jpeg
Clay,6.09,57,21,50,65,Sprinkler,82,Soybean,Barley,Cotton,Medium,175,30,90,65528,/content/drive/MyDrive/dataset/CyAUG-Dataset/Yellow_Soil/y (2086).jpeg
Silty,7.4,44,37,43,61,Sprinkler,90,Millet,Maize,Sugarcane,High,135,22,77,65358,/content/drive/MyDrive/dataset/CyAUG-Dataset/Yellow_Soil/y (2092).jpeg
Clay,6.5,57,15,29,68,Sprinkler,68,Vegetables,Barley,Millet,Low,157,32,49,27734,/content/drive/MyDrive/dataset/CyAUG-Dataset/Yellow_Soil/y (2149).jpeg
Sandy,5.94,46,15,34,72,Flood,85,Vegetables,Barley,Rice,Medium,57,24,75,33506,/content/drive/MyDrive/dataset/CyAUG-Dataset/Yellow_Soil/y (1854).jpeg
Silty,5.79,26,33,37,36,Drip,68,Soybean,Rice,Barley,High,100,29,70,72185,/content/drive/MyDrive/dataset/CyAUG-Dataset/Yellow_Soil/y (2240).jpeg
Sandy,6.56,41,30,35,34,Drip,59,Wheat,Maize,Millet,Medium,196,24,73,46379,/content/drive/MyDrive/dataset/CyAUG-Dataset/Yellow_Soil/y (2425).jpeg
Sandy,5.68,31,15,46,65,Sprinkler,56,Cotton,Cotton,Millet,High,93,22,54,51911,/content/drive/MyDrive/dataset/CyAUG-Dataset/Yellow_Soil/y (1806).jpeg
Clay,6.78,49,31,24,75,Sprinkler,76,Groundnut,Vegetables,Vegetables,Low,172,34,86,41820,/content/drive/MyDrive/dataset/CyAUG-Dataset/Yellow_Soil/y (1708).jpeg
Silty,7.27,56,26,26,34,Flood,61,Barley,Groundnut,Groundnut,Low,66,28,44,70483,/content/drive/MyDrive/dataset/CyAUG-Dataset/Yellow_Soil/y (1690).jpeg
Silty,5.51,20,22,41,58,Drip,80,Sugarcane,Soybean,Maize,Low,108,34,59,43291,/content/drive/MyDrive/dataset/CyAUG-Dataset/Yellow_Soil/y (2404).jpeg
Clay,7.31,35,35,28,35,Drip,83,Barley,Groundnut,Sugarcane,Medium,87,33,79,39554,/content/drive/MyDrive/dataset/CyAUG-Dataset/Yellow_Soil/y (1761).jpeg
Sandy,7.48,43,31,28,39,Flood,84,Millet,Rice,Groundnut,Low,121,35,77,23826,/content/drive/MyDrive/dataset/CyAUG-Dataset/Yellow_Soil/y (1889).jpeg
Clay,7.12,53,23,37,78,Drip,85,Barley,Cotton,Wheat,Low,100,27,49,33797,/content/drive/MyDrive/dataset/CyAUG-Dataset/Yellow_Soil/y (2231).jpeg
Loamy,5.96,24,20,36,70,Sprinkler,61,Millet,Cotton,Cotton,Medium,69,25,43,69200,/content/drive/MyDrive/dataset/CyAUG-Dataset/Yellow_Soil/y (1868).jpeg
Loamy,6.22,43,26,21,78,Sprinkler,66,Barley,Sugarcane,Vegetables,Medium,137,23,47,76458,/content/drive/MyDrive/dataset/CyAUG-Dataset/Yellow_Soil/y (2414).jpeg
Clay,6.46,39,21,36,40,Drip,76,Barley,Groundnut,Rice,High,153,20,75,29345,/content/drive/MyDrive/dataset/CyAUG-Dataset/Yellow_Soil/y (2426).jpeg
Loamy,7.14,58,17,50,42,Drip,71,Barley,Vegetables,Barley,Medium,120,35,66,76324,/content/drive/MyDrive/dataset/CyAUG-Dataset/Yellow_Soil/y (1791).jpeg
Clay,7.36,38,19,40,34,Sprinkler,88,Wheat,Rice,Rice,Low,152,28,40,66195,/content/drive/MyDrive/dataset/CyAUG-Dataset/Yellow_Soil/y (2202).jpeg
Clay,7.43,21,40,22,57,Drip,88,Maize,Cotton,Wheat,Low,65,25,66,53410,/content/drive/MyDrive/dataset/CyAUG-Dataset/Yellow_Soil/y (1725).jpeg
Sandy,5.7,37,17,33,75,Flood,94,Millet,Sugarcane,Maize,High,107,21,83,49881,/content/drive/MyDrive/dataset/CyAUG-Dataset/Yellow_Soil/y (2304).jpeg
Silty,6.97,34,27,27,72,Flood,77,Barley,Rice,Groundnut,High,133,34,86,31739,/content/drive/MyDrive/dataset/CyAUG-Dataset/Yellow_Soil/y (1798).jpeg
Silty,7.2,41,30,28,61,Flood,82,Maize,Maize,Maize,Low,99,32,89,64900,/content/drive/MyDrive/dataset/CyAUG-Dataset/Yellow_Soil/y (1938).jpeg
Silty,6.84,53,35,36,44,Sprinkler,65,Groundnut,Soybean,Barley,Medium,193,31,71,75014,/content/drive/MyDrive/dataset/CyAUG-Dataset/Yellow_Soil/y (2191).jpeg
Loamy,6.16,46,26,30,50,Drip,73,Soybean,Maize,Barley,Low,181,30,75,20419,/content/drive/MyDrive/dataset/CyAUG-Dataset/Yellow_Soil/y (1730).jpeg
Silty,6.07,34,17,33,39,Flood,86,Groundnut,Millet,Soybean,High,80,27,57,61835,/content/drive/MyDrive/dataset/CyAUG-Dataset/Yellow_Soil/y (2152).jpeg
Silty,7.46,24,18,35,59,Drip,73,Maize,Maize,Vegetables,High,119,23,74,26874,/content/drive/MyDrive/dataset/CyAUG-Dataset/Yellow_Soil/y (2301).jpeg
Clay,5.8,31,24,32,55,Sprinkler,93,Vegetables,Vegetables,Barley,Medium,142,23,84,31049,/content/drive/MyDrive/dataset/CyAUG-Dataset/Yellow_Soil/y (1633).jpeg
Loamy,5.95,22,15,37,50,Sprinkler,73,Wheat,Rice,Millet,Medium,88,22,54,46551,/content/drive/MyDrive/dataset/CyAUG-Dataset/Yellow_Soil/y (1762).jpeg
Loamy,6.31,29,21,50,53,Drip,74,Vegetables,Rice,Wheat,Low,87,30,51,43602,/content/drive/MyDrive/dataset/CyAUG-Dataset/Yellow_Soil/y (1904).jpeg
Loamy,6.25,22,19,49,50,Drip,94,Maize,Groundnut,Rice,Medium,141,22,45,74512,/content/drive/MyDrive/dataset/CyAUG-Dataset/Yellow_Soil/y (1786).jpeg
Clay,6.35,23,25,50,76,Drip,78,Vegetables,Vegetables,Groundnut,High,178,26,64,42352,/content/drive/MyDrive/dataset/CyAUG-Dataset/Yellow_Soil/y (1932).jpeg
Loamy,6.9,37,39,38,73,Flood,75,Barley,Maize,Wheat,High,109,29,89,27166,/content/drive/MyDrive/dataset/CyAUG-Dataset/Yellow_Soil/y (2089).jpeg
Sandy,6.58,43,39,23,31,Drip,56,Groundnut,Maize,Wheat,Medium,105,30,89,43860,/content/drive/MyDrive/dataset/CyAUG-Dataset/Yellow_Soil/y (2329).jpeg
Sandy,6.12,39,24,20,57,Sprinkler,93,Cotton,Groundnut,Millet,Medium,74,25,65,34355,/content/drive/MyDrive/dataset/CyAUG-Dataset/Yellow_Soil/y (1990).jpeg
Clay,6.22,23,35,21,70,Flood,71,Maize,Vegetables,Soybean,Low,134,28,48,66850,/content/drive/MyDrive/dataset/CyAUG-Dataset/Yellow_Soil/y (2454).jpeg
Clay,6.51,20,28,42,55,Drip,91,Groundnut,Groundnut,Millet,Medium,77,35,81,35868,/content/drive/MyDrive/dataset/CyAUG-Dataset/Yellow_Soil/y (1925).jpeg
Loamy,6.57,20,38,22,54,Sprinkler,88,Wheat,Cotton,Cotton,Low,155,27,66,64983,/content/drive/MyDrive/dataset/CyAUG-Dataset/Yellow_Soil/y (2397).jpeg
Loamy,5.54,51,33,23,47,Drip,73,Rice,Sugarcane,Soybean,Low,159,35,41,50928,/content/drive/MyDrive/dataset/CyAUG-Dataset/Yellow_Soil/y (2164).jpeg
Loamy,6.64,20,33,21,72,Sprinkler,87,Wheat,Wheat,Wheat,High,84,31,53,22869,/content/drive/MyDrive/dataset/CyAUG-Dataset/Yellow_Soil/y (1928).jpeg
Sandy,5.95,45,24,46,42,Sprinkler,63,Millet,Cotton,Vegetables,High,186,23,54,70306,/content/drive/MyDrive/dataset/CyAUG-Dataset/Yellow_Soil/y (1663).jpeg
Silty,5.76,55,16,45,68,Drip,50,Sugarcane,Cotton,Groundnut,High,160,33,59,45773,/content/drive/MyDrive/dataset/CyAUG-Dataset/Yellow_Soil/y (2198).jpeg
Sandy,5.97,52,32,36,50,Drip,82,Maize,Barley,Maize,High,184,25,59,28656,/content/drive/MyDrive/dataset/CyAUG-Dataset/Yellow_Soil/y (1712).jpeg
Loamy,6.89,51,19,23,38,Sprinkler,93,Cotton,Groundnut,Sugarcane,Medium,69,24,54,59123,/content/drive/MyDrive/dataset/CyAUG-Dataset/Yellow_Soil/y (1994).jpeg
Loamy,7.19,34,19,20,55,Drip,50,Maize,Rice,Maize,Low,200,22,53,33359,/content/drive/MyDrive/dataset/CyAUG-Dataset/Yellow_Soil/y (2279).jpeg
Sandy,6.38,32,35,39,40,Drip,82,Barley,Barley,Groundnut,High,97,31,54,27138,/content/drive/MyDrive/dataset/CyAUG-Dataset/Yellow_Soil/y (2104).jpeg
Sandy,5.75,29,37,35,42,Flood,87,Maize,Wheat,Sugarcane,Low,190,20,47,23811,/content/drive/MyDrive/dataset/CyAUG-Dataset/Yellow_Soil/y (2337).jpeg
Silty,5.89,39,38,48,31,Drip,58,Maize,Soybean,Barley,High,128,34,75,70302,/content/drive/MyDrive/dataset/CyAUG-Dataset/Yellow_Soil/y (1822).jpeg
Loamy,6.92,41,20,38,51,Drip,93,Cotton,Maize,Soybean,Low,165,20,69,39773,/content/drive/MyDrive/dataset/CyAUG-Dataset/Yellow_Soil/y (1951).jpeg
Clay,7.27,52,15,48,56,Flood,90,Millet,Cotton,Millet,Low,190,29,65,54391,/content/drive/MyDrive/dataset/CyAUG-Dataset/Yellow_Soil/y (2035).jpeg
Silty,7.16,42,20,41,33,Sprinkler,91,Vegetables,Groundnut,Vegetables,Medium,141,29,84,51351,/content/drive/MyDrive/dataset/CyAUG-Dataset/Yellow_Soil/y (1858).jpeg
Silty,7.41,45,24,30,70,Drip,89,Millet,Soybean,Rice,Low,53,35,59,38887,/content/drive/MyDrive/dataset/CyAUG-Dataset/Yellow_Soil/y (1816).jpeg
Sandy,5.67,25,28,45,77,Flood,56,Vegetables,Soybean,Barley,Low,139,30,60,50905,/content/drive/MyDrive/dataset/CyAUG-Dataset/Yellow_Soil/y (1955).jpeg
Silty,5.73,60,29,29,59,Sprinkler,60,Vegetables,Sugarcane,Millet,Low,78,25,89,33054,/content/drive/MyDrive/dataset/CyAUG-Dataset/Yellow_Soil/y (2060).jpeg
Loamy,7.13,22,17,37,38,Drip,89,Vegetables,Sugarcane,Sugarcane,Low,63,20,74,44503,/content/drive/MyDrive/dataset/CyAUG-Dataset/Yellow_Soil/y (2133).jpeg
Silty,7.01,53,23,34,38,Sprinkler,54,Wheat,Groundnut,Millet,Medium,67,33,87,62134,/content/drive/MyDrive/dataset/CyAUG-Dataset/Yellow_Soil/y (1988).jpeg
Loamy,6.13,30,35,33,47,Sprinkler,92,Vegetables,Maize,Soybean,Medium,57,29,63,25637,/content/drive/MyDrive/dataset/CyAUG-Dataset/Yellow_Soil/y (2073).jpeg
Silty,6.58,44,29,36,51,Drip,79,Maize,Sugarcane,Soybean,Low,124,23,81,36153,/content/drive/MyDrive/dataset/CyAUG-Dataset/Yellow_Soil/y (2286).jpeg
Silty,7.21,44,36,34,73,Flood,94,Groundnut,Groundnut,Maize,High,57,26,76,56580,/content/drive/MyDrive/dataset/CyAUG-Dataset/Yellow_Soil/y (2027).jpeg
Loamy,5.9,22,16,50,41,Flood,68,Rice,Maize,Groundnut,Medium,110,35,67,54278,/content/drive/MyDrive/dataset/CyAUG-Dataset/Yellow_Soil/y (2486).jpeg
Clay,5.98,34,40,49,61,Drip,58,Wheat,Cotton,Soybean,Low,122,25,62,61894,/content/drive/MyDrive/dataset/CyAUG-Dataset/Yellow_Soil/y (1943).jpeg
Clay,6.3,33,40,20,40,Flood,95,Rice,Wheat,Soybean,Low,121,26,58,76074,/content/drive/MyDrive/dataset/CyAUG-Dataset/Yellow_Soil/y (2096).jpeg
Loamy,6.28,44,40,32,77,Flood,68,Rice,Groundnut,Groundnut,Medium,129,30,61,23664,/content/drive/MyDrive/dataset/CyAUG-Dataset/Yellow_Soil/y (1921).jpeg
Sandy,6.93,52,16,49,67,Flood,79,Sugarcane,Groundnut,Maize,Medium,81,31,78,36792,/content/drive/MyDrive/dataset/CyAUG-Dataset/Yellow_Soil/y (1931).jpeg
Clay,6.95,30,37,46,58,Flood,54,Sugarcane,Wheat,Barley,High,156,32,45,48568,/content/drive/MyDrive/dataset/CyAUG-Dataset/Yellow_Soil/y (2175).jpeg
Sandy,6.45,50,15,29,61,Flood,52,Maize,Maize,Maize,Low,51,27,45,45280,/content/drive/MyDrive/dataset/CyAUG-Dataset/Yellow_Soil/y (2099).jpeg
Silty,5.63,26,29,47,37,Sprinkler,79,Cotton,Millet,Barley,High,70,33,88,22936,/content/drive/MyDrive/dataset/CyAUG-Dataset/Yellow_Soil/y (2291).jpeg
Silty,6.6,27,15,43,59,Sprinkler,86,Maize,Vegetables,Sugarcane,Medium,177,33,80,49406,/content/drive/MyDrive/dataset/CyAUG-Dataset/Yellow_Soil/y (2438).jpeg
Loamy,5.84,21,16,29,43,Flood,62,Soybean,Rice,Wheat,Medium,174,31,42,20791,/content/drive/MyDrive/dataset/CyAUG-Dataset/Yellow_Soil/y (2061).jpeg
Sandy,5.69,54,31,45,58,Flood,52,Soybean,Soybean,Maize,High,86,22,64,78003,/content/drive/MyDrive/dataset/CyAUG-Dataset/Yellow_Soil/y (2001).jpeg
Silty,6.55,36,38,30,71,Drip,74,Vegetables,Maize,Maize,Low,99,22,61,27094,/content/drive/MyDrive/dataset/CyAUG-Dataset/Yellow_Soil/y (2243).jpeg
Silty,6.59,35,34,43,40,Sprinkler,60,Sugarcane,Sugarcane,Groundnut,Low,158,32,60,56065,/content/drive/MyDrive/dataset/CyAUG-Dataset/Yellow_Soil/y (1814).jpeg
Silty,7.07,43,15,31,30,Flood,83,Maize,Soybean,Rice,Medium,80,29,62,74509,/content/drive/MyDrive/dataset/CyAUG-Dataset/Yellow_Soil/y (1823).jpeg
Loamy,5.95,41,29,30,51,Drip,66,Rice,Wheat,Cotton,Medium,117,28,67,40506,/content/drive/MyDrive/dataset/CyAUG-Dataset/Yellow_Soil/y (2373).jpeg
Silty,6.44,55,17,22,41,Sprinkler,95,Wheat,Soybean,Cotton,High,171,32,77,49983,/content/drive/MyDrive/dataset/CyAUG-Dataset/Yellow_Soil/y (2208).jpeg
Clay,6.69,47,32,29,51,Sprinkler,89,Rice,Maize,Sugarcane,Medium,72,33,85,54704,/content/drive/MyDrive/dataset/CyAUG-Dataset/Yellow_Soil/y (1660).jpeg
Clay,6.23,60,33,22,64,Flood,54,Sugarcane,Millet,Rice,High,135,31,58,37550,/content/drive/MyDrive/dataset/CyAUG-Dataset/Yellow_Soil/y (2201).jpeg
Sandy,7.49,39,33,44,33,Sprinkler,88,Soybean,Vegetables,Vegetables,Low,125,35,84,54632,/content/drive/MyDrive/dataset/CyAUG-Dataset/Yellow_Soil/y (2103).jpeg
Silty,6.39,39,30,22,66,Flood,50,Barley,Soybean,Sugarcane,Medium,140,32,63,59762,/content/drive/MyDrive/dataset/CyAUG-Dataset/Yellow_Soil/y (2302).jpeg
Sandy,6.06,43,29,23,72,Sprinkler,73,Rice,Soybean,Maize,High,80,34,70,79999,/content/drive/MyDrive/dataset/CyAUG-Dataset/Yellow_Soil/y (2050).jpeg
Sandy,6.93,47,20,37,80,Drip,85,Barley,Vegetables,Wheat,High,125,32,44,32484,/content/drive/MyDrive/dataset/CyAUG-Dataset/Yellow_Soil/y (1689).jpeg
Clay,5.54,43,25,43,61,Flood,95,Sugarcane,Sugarcane,Soybean,High,175,25,88,69204,/content/drive/MyDrive/dataset/CyAUG-Dataset/Yellow_Soil/y (1970).jpeg
Clay,6.16,23,34,24,55,Flood,77,Wheat,Rice,Sugarcane,Medium,199,32,66,35019,/content/drive/MyDrive/dataset/CyAUG-Dataset/Yellow_Soil/y (1260).jpeg
Sandy,7.27,22,19,47,31,Flood,67,Millet,Maize,Millet,High,98,35,80,77215,/content/drive/MyDrive/dataset/CyAUG-Dataset/Yellow_Soil/y (1449).jpeg
Clay,6.53,22,18,31,40,Flood,93,Cotton,Soybean,Vegetables,Medium,75,24,44,46117,/content/drive/MyDrive/dataset/CyAUG-Dataset/Yellow_Soil/y (1216).jpeg
Sandy,6.66,44,18,21,74,Flood,56,Soybean,Groundnut,Wheat,Medium,122,30,69,78133,/content/drive/MyDrive/dataset/CyAUG-Dataset/Yellow_Soil/y (1249).jpeg
Clay,6.17,21,30,44,79,Sprinkler,50,Millet,Millet,Millet,Low,143,25,77,45889,/content/drive/MyDrive/dataset/CyAUG-Dataset/Yellow_Soil/41b.jpg
Sandy,6.81,34,18,48,43,Flood,92,Soybean,Cotton,Maize,High,146,24,43,52038,/content/drive/MyDrive/dataset/CyAUG-Dataset/Yellow_Soil/y (1554).jpeg
Silty,6.49,28,28,21,58,Flood,76,Rice,Millet,Wheat,Low,132,25,44,40551,/content/drive/MyDrive/dataset/CyAUG-Dataset/Yellow_Soil/y (1202).jpeg
Sandy,7.35,57,38,30,67,Drip,77,Sugarcane,Sugarcane,Millet,Medium,61,29,63,59243,/content/drive/MyDrive/dataset/CyAUG-Dataset/Yellow_Soil/22b.jpg
Clay,7.26,56,31,35,61,Flood,52,Rice,Millet,Soybean,Medium,141,26,67,64501,/content/drive/MyDrive/dataset/CyAUG-Dataset/Yellow_Soil/y (1436).jpeg
Loamy,5.72,43,37,42,65,Drip,85,Millet,Millet,Groundnut,High,77,31,41,71030,/content/drive/MyDrive/dataset/CyAUG-Dataset/Yellow_Soil/y (1253).jpeg
Loamy,6.77,34,34,39,46,Sprinkler,83,Rice,Vegetables,Sugarcane,Low,156,31,65,52422,/content/drive/MyDrive/dataset/CyAUG-Dataset/Yellow_Soil/41.jpg
Loamy,6.67,26,30,43,64,Flood,70,Rice,Soybean,Soybean,Low,199,29,74,21360,/content/drive/MyDrive/dataset/CyAUG-Dataset/Yellow_Soil/y (1572).jpeg
Loamy,7.21,36,21,39,38,Sprinkler,73,Cotton,Barley,Rice,Low,181,22,80,21894,/content/drive/MyDrive/dataset/CyAUG-Dataset/Yellow_Soil/y (1539).jpeg
Silty,6.99,37,36,28,43,Flood,83,Wheat,Rice,Cotton,Low,163,25,47,43148,/content/drive/MyDrive/dataset/CyAUG-Dataset/Yellow_Soil/y (1391).jpeg
Clay,5.6,40,33,48,35,Drip,78,Maize,Rice,Sugarcane,High,82,22,80,58558,/content/drive/MyDrive/dataset/CyAUG-Dataset/Yellow_Soil/y (1289).jpeg
Sandy,6.34,52,30,46,59,Flood,79,Vegetables,Barley,Soybean,Low,136,28,83,63524,/content/drive/MyDrive/dataset/CyAUG-Dataset/Yellow_Soil/y (1400).jpeg
Silty,5.92,41,15,37,32,Flood,90,Wheat,Maize,Maize,Medium,128,24,72,51399,/content/drive/MyDrive/dataset/CyAUG-Dataset/Yellow_Soil/y (1610).jpeg
Clay,5.68,49,28,24,39,Flood,56,Vegetables,Rice,Soybean,High,169,27,79,46408,/content/drive/MyDrive/dataset/CyAUG-Dataset/Yellow_Soil/y (1592).jpeg
Silty,6.67,44,29,35,63,Sprinkler,89,Vegetables,Barley,Groundnut,Medium,107,33,50,28143,/content/drive/MyDrive/dataset/CyAUG-Dataset/Yellow_Soil/y (1440).jpeg
Clay,5.64,41,19,22,79,Sprinkler,58,Wheat,Sugarcane,Millet,Low,84,24,45,22102,/content/drive/MyDrive/dataset/CyAUG-Dataset/Yellow_Soil/y (1281).jpeg
Loamy,7.26,29,20,36,59,Sprinkler,68,Groundnut,Barley,Barley,Low,167,22,51,37657,/content/drive/MyDrive/dataset/CyAUG-Dataset/Yellow_Soil/y (1299).jpeg
Silty,5.55,41,26,20,67,Drip,63,Millet,Groundnut,Vegetables,High,122,20,41,40619,/content/drive/MyDrive/dataset/CyAUG-Dataset/Yellow_Soil/y (1437).jpeg
Silty,7.39,26,35,25,48,Drip,82,Millet,Maize,Vegetables,Medium,80,33,83,50293,/content/drive/MyDrive/dataset/CyAUG-Dataset/Yellow_Soil/y (1492).jpeg
Silty,6.66,46,32,47,57,Drip,87,Cotton,Rice,Barley,High,87,24,62,66326,/content/drive/MyDrive/dataset/CyAUG-Dataset/Yellow_Soil/y (1181).jpeg
Sandy,6.06,24,34,21,38,Drip,51,Rice,Maize,Maize,Medium,173,29,59,61361,/content/drive/MyDrive/dataset/CyAUG-Dataset/Yellow_Soil/y (1187).jpeg
Clay,7.08,55,27,44,64,Sprinkler,75,Sugarcane,Millet,Groundnut,Low,171,26,61,44539,/content/drive/MyDrive/dataset/CyAUG-Dataset/Yellow_Soil/y (1279).jpeg
Clay,7.03,60,33,27,65,Sprinkler,65,Wheat,Cotton,Maize,Medium,187,30,50,44052,/content/drive/MyDrive/dataset/CyAUG-Dataset/Yellow_Soil/41d.jpg
Loamy,6.94,51,26,33,63,Sprinkler,54,Vegetables,Maize,Soybean,High,85,23,47,36778,/content/drive/MyDrive/dataset/CyAUG-Dataset/Yellow_Soil/y (1412).jpeg
Silty,7.25,45,28,35,76,Drip,84,Barley,Barley,Soybean,Low,139,21,77,36789,/content/drive/MyDrive/dataset/CyAUG-Dataset/Yellow_Soil/y (1301).jpeg
Clay,6.92,25,27,21,50,Sprinkler,53,Wheat,Cotton,Rice,High,85,23,88,76223,/content/drive/MyDrive/dataset/CyAUG-Dataset/Yellow_Soil/35.jpg
Silty,5.57,47,30,47,41,Drip,88,Cotton,Barley,Rice,Medium,143,34,59,54096,/content/drive/MyDrive/dataset/CyAUG-Dataset/Yellow_Soil/y (1242).jpeg
Loamy,5.85,38,31,37,77,Flood,73,Barley,Millet,Barley,High,186,25,90,74066,/content/drive/MyDrive/dataset/CyAUG-Dataset/Yellow_Soil/y (1178).jpeg
Silty,6.05,21,30,46,38,Drip,62,Rice,Millet,Cotton,Medium,72,28,53,79642,/content/drive/MyDrive/dataset/CyAUG-Dataset/Yellow_Soil/37.jpg
Clay,6.43,51,28,27,65,Flood,55,Rice,Groundnut,Vegetables,High,66,22,53,54285,/content/drive/MyDrive/dataset/CyAUG-Dataset/Yellow_Soil/y (1208).jpeg
Sandy,7.22,33,38,32,68,Drip,50,Wheat,Millet,Cotton,Medium,76,34,42,20375,/content/drive/MyDrive/dataset/CyAUG-Dataset/Yellow_Soil/y (1334).jpeg
Sandy,5.69,40,24,46,72,Drip,89,Soybean,Barley,Rice,High,200,35,77,21697,/content/drive/MyDrive/dataset/CyAUG-Dataset/Yellow_Soil/y (1432).jpeg
Loamy,6.32,49,33,25,61,Flood,64,Soybean,Sugarcane,Cotton,Low,138,25,62,53925,/content/drive/MyDrive/dataset/CyAUG-Dataset/Yellow_Soil/y (1371).jpeg
Clay,6.19,60,17,48,72,Drip,95,Millet,Vegetables,Barley,High,128,22,55,32807,/content/drive/MyDrive/dataset/CyAUG-Dataset/Yellow_Soil/y (1548).jpeg
Sandy,7.01,50,30,24,77,Sprinkler,81,Barley,Sugarcane,Groundnut,Medium,198,34,66,75284,/content/drive/MyDrive/dataset/CyAUG-Dataset/Yellow_Soil/y (1392).jpeg
Clay,6.78,36,27,20,33,Drip,73,Maize,Maize,Millet,Medium,179,28,76,67217,/content/drive/MyDrive/dataset/CyAUG-Dataset/Yellow_Soil/y (1353).jpeg
Loamy,5.85,48,27,26,48,Drip,62,Groundnut,Rice,Barley,Medium,76,30,77,55308,/content/drive/MyDrive/dataset/CyAUG-Dataset/Yellow_Soil/y (1335).jpeg
Silty,6.68,22,39,47,51,Drip,68,Barley,Wheat,Millet,Low,129,34,47,51752,/content/drive/MyDrive/dataset/CyAUG-Dataset/Yellow_Soil/y (1575).jpeg
Loamy,5.85,39,26,24,68,Drip,91,Wheat,Cotton,Rice,Low,144,31,54,36666,/content/drive/MyDrive/dataset/CyAUG-Dataset/Yellow_Soil/y (1185).jpeg
Clay,7.04,25,20,35,80,Drip,85,Wheat,Barley,Groundnut,Medium,117,23,75,65527,/content/drive/MyDrive/dataset/CyAUG-Dataset/Yellow_Soil/y (1243).jpeg
Silty,5.9,58,37,22,45,Drip,58,Sugarcane,Vegetables,Millet,Medium,106,24,41,55729,/content/drive/MyDrive/dataset/CyAUG-Dataset/Yellow_Soil/y (1304).jpeg
Sandy,5.77,23,38,39,52,Flood,79,Sugarcane,Cotton,Wheat,Medium,80,22,90,24357,/content/drive/MyDrive/dataset/CyAUG-Dataset/Yellow_Soil/y (1476).jpeg
Silty,6.85,22,40,44,37,Drip,90,Sugarcane,Millet,Vegetables,Low,61,35,66,75292,/content/drive/MyDrive/dataset/CyAUG-Dataset/Yellow_Soil/y (1506).jpeg
Loamy,6.72,21,26,37,75,Flood,74,Barley,Millet,Groundnut,Medium,105,21,72,39820,/content/drive/MyDrive/dataset/CyAUG-Dataset/Yellow_Soil/y (1328).jpeg
Sandy,7.26,52,27,28,58,Sprinkler,66,Barley,Cotton,Vegetables,Low,146,22,62,28715,/content/drive/MyDrive/dataset/CyAUG-Dataset/Yellow_Soil/y (1327).jpeg
Clay,5.92,33,32,43,42,Drip,90,Groundnut,Soybean,Vegetables,Medium,124,32,40,57049,/content/drive/MyDrive/dataset/CyAUG-Dataset/Yellow_Soil/y (1502).jpeg
Silty,6.61,38,16,24,48,Drip,67,Maize,Vegetables,Cotton,Low,139,20,69,69445,/content/drive/MyDrive/dataset/CyAUG-Dataset/Yellow_Soil/y (1397).jpeg
Loamy,7.25,27,16,38,54,Flood,77,Cotton,Barley,Sugarcane,High,124,35,55,73959,/content/drive/MyDrive/dataset/CyAUG-Dataset/Yellow_Soil/y (1198).jpeg
Loamy,6.19,39,36,41,75,Drip,50,Rice,Rice,Millet,Medium,77,26,75,41504,/content/drive/MyDrive/dataset/CyAUG-Dataset/Yellow_Soil/y (1325).jpeg
Sandy,6.33,43,24,50,75,Flood,81,Sugarcane,Cotton,Barley,Medium,157,25,79,32116,/content/drive/MyDrive/dataset/CyAUG-Dataset/Yellow_Soil/y (1547).jpeg
Clay,5.91,46,24,24,69,Sprinkler,76,Sugarcane,Vegetables,Barley,High,71,26,71,25090,/content/drive/MyDrive/dataset/CyAUG-Dataset/Yellow_Soil/y (1189).jpeg
Silty,6.34,29,33,41,64,Drip,85,Barley,Rice,Rice,High,138,31,50,36729,/content/drive/MyDrive/dataset/CyAUG-Dataset/Yellow_Soil/213.jpg
Loamy,6.0,28,25,21,38,Drip,95,Groundnut,Wheat,Maize,Low,162,25,69,64222,/content/drive/MyDrive/dataset/CyAUG-Dataset/Yellow_Soil/y (1170).jpeg
Sandy,7.31,41,30,32,77,Sprinkler,95,Wheat,Vegetables,Rice,Low,62,35,46,21274,/content/drive/MyDrive/dataset/CyAUG-Dataset/Yellow_Soil/y (1322).jpeg
Sandy,6.92,50,24,22,70,Flood,51,Cotton,Sugarcane,Maize,Low,153,33,43,57197,/content/drive/MyDrive/dataset/CyAUG-Dataset/Yellow_Soil/25b.jpg
Loamy,6.39,29,26,37,32,Sprinkler,92,Barley,Sugarcane,Wheat,Medium,123,29,64,57777,/content/drive/MyDrive/dataset/CyAUG-Dataset/Yellow_Soil/y (1333).jpeg
Clay,6.26,49,33,49,64,Flood,78,Barley,Soybean,Millet,Low,92,35,81,39162,/content/drive/MyDrive/dataset/CyAUG-Dataset/Yellow_Soil/y (1403).jpeg
Silty,6.05,50,26,35,73,Sprinkler,67,Groundnut,Maize,Sugarcane,High,192,24,46,22286,/content/drive/MyDrive/dataset/CyAUG-Dataset/Yellow_Soil/y (1433).jpeg
Sandy,6.37,21,28,28,74,Flood,56,Soybean,Soybean,Groundnut,Low,124,29,89,47059,/content/drive/MyDrive/dataset/CyAUG-Dataset/Yellow_Soil/y (1284).jpeg
Clay,6.94,42,34,32,32,Flood,50,Rice,Rice,Wheat,Medium,160,28,55,46341,/content/drive/MyDrive/dataset/CyAUG-Dataset/Yellow_Soil/y (1495).jpeg
Sandy,5.69,49,36,45,67,Sprinkler,56,Sugarcane,Wheat,Millet,High,112,32,80,75834,/content/drive/MyDrive/dataset/CyAUG-Dataset/Yellow_Soil/y (1401).jpeg
Loamy,6.0,59,22,47,45,Sprinkler,74,Barley,Rice,Groundnut,Low,137,32,85,32787,/content/drive/MyDrive/dataset/CyAUG-Dataset/Yellow_Soil/y (1394).jpeg
Clay,6.02,21,24,35,40,Sprinkler,86,Sugarcane,Groundnut,Vegetables,High,82,25,43,32809,/content/drive/MyDrive/dataset/CyAUG-Dataset/Yellow_Soil/y (1305).jpeg
Loamy,6.15,60,15,45,48,Drip,93,Maize,Cotton,Rice,Medium,179,22,70,38962,/content/drive/MyDrive/dataset/CyAUG-Dataset/Yellow_Soil/y (1452).jpeg
Silty,7.24,32,32,35,74,Sprinkler,68,Maize,Soybean,Maize,High,95,32,84,20496,/content/drive/MyDrive/dataset/CyAUG-Dataset/Yellow_Soil/y (1546).jpeg
Silty,6.56,53,27,26,62,Drip,67,Groundnut,Groundnut,Sugarcane,Low,160,28,43,64691,/content/drive/MyDrive/dataset/CyAUG-Dataset/Yellow_Soil/y (1585).jpeg
Sandy,5.63,40,30,29,60,Flood,88,Groundnut,Rice,Millet,Low,62,31,61,78823,/content/drive/MyDrive/dataset/CyAUG-Dataset/Yellow_Soil/y (1496).jpeg
Sandy,7.49,27,20,36,78,Drip,82,Groundnut,Sugarcane,Maize,Medium,127,29,66,41637,/content/drive/MyDrive/dataset/CyAUG-Dataset/Yellow_Soil/26.jpg
Silty,6.08,35,33,31,69,Drip,86,Soybean,Wheat,Sugarcane,Medium,158,35,52,39990,/content/drive/MyDrive/dataset/CyAUG-Dataset/Yellow_Soil/y (1369).jpeg
Sandy,5.91,26,16,39,65,Sprinkler,57,Barley,Millet,Maize,Medium,168,26,89,62917,/content/drive/MyDrive/dataset/CyAUG-Dataset/Yellow_Soil/y (1381).jpeg
Loamy,5.51,45,20,27,66,Flood,67,Millet,Rice,Soybean,Low,146,30,57,72496,/content/drive/MyDrive/dataset/CyAUG-Dataset/Yellow_Soil/y (1612).jpeg
Loamy,5.88,27,17,26,52,Drip,68,Groundnut,Barley,Cotton,High,95,33,67,34135,/content/drive/MyDrive/dataset/CyAUG-Dataset/Yellow_Soil/y (1558).jpeg
Sandy,6.32,22,17,26,50,Flood,67,Wheat,Cotton,Wheat,Low,170,22,52,53922,/content/drive/MyDrive/dataset/CyAUG-Dataset/Yellow_Soil/y (1434).jpeg
Loamy,7.28,42,28,48,59,Flood,59,Sugarcane,Soybean,Wheat,High,183,20,70,36634,/content/drive/MyDrive/dataset/CyAUG-Dataset/Yellow_Soil/y (1407).jpeg
Loamy,5.94,36,23,38,73,Flood,50,Wheat,Barley,Maize,Low,154,33,47,64825,/content/drive/MyDrive/dataset/CyAUG-Dataset/Yellow_Soil/23.jpg
Silty,6.07,54,38,26,66,Drip,95,Cotton,Maize,Wheat,Low,74,22,69,74962,/content/drive/MyDrive/dataset/CyAUG-Dataset/Yellow_Soil/y (1584).jpeg
Loamy,6.29,37,28,42,41,Drip,88,Rice,Wheat,Millet,Low,149,25,41,43035,/content/drive/MyDrive/dataset/CyAUG-Dataset/Yellow_Soil/y (1268).jpeg
Clay,6.39,27,20,27,36,Sprinkler,82,Soybean,Groundnut,Cotton,Low,200,20,46,52129,/content/drive/MyDrive/dataset/CyAUG-Dataset/Yellow_Soil/y (1252).jpeg
Clay,6.98,45,24,44,54,Drip,72,Rice,Sugarcane,Barley,High,171,32,49,31400,/content/drive/MyDrive/dataset/CyAUG-Dataset/Yellow_Soil/y (1204).jpeg
Silty,6.12,51,32,46,80,Sprinkler,53,Maize,Cotton,Soybean,Medium,173,25,74,58593,/content/drive/MyDrive/dataset/CyAUG-Dataset/Yellow_Soil/y (1261).jpeg
Clay,7.42,57,40,45,60,Sprinkler,78,Cotton,Wheat,Groundnut,High,150,30,74,47007,/content/drive/MyDrive/dataset/CyAUG-Dataset/Yellow_Soil/y (1604).jpeg
Sandy,6.33,28,24,36,65,Flood,94,Maize,Barley,Vegetables,Low,175,20,41,22008,/content/drive/MyDrive/dataset/CyAUG-Dataset/Yellow_Soil/y (1343).jpeg
Sandy,7.11,28,40,39,69,Flood,92,Wheat,Soybean,Wheat,Low,136,29,52,37143,/content/drive/MyDrive/dataset/CyAUG-Dataset/Yellow_Soil/y (1461).jpeg
Clay,5.67,48,27,34,49,Sprinkler,91,Vegetables,Soybean,Sugarcane,Low,78,34,48,37838,/content/drive/MyDrive/dataset/CyAUG-Dataset/Yellow_Soil/y (1285).jpeg
Silty,5.56,36,30,25,74,Flood,61,Vegetables,Vegetables,Cotton,High,97,30,86,50443,/content/drive/MyDrive/dataset/CyAUG-Dataset/Yellow_Soil/y (1421).jpeg
Silty,7.13,41,20,20,36,Drip,60,Rice,Vegetables,Barley,High,127,21,73,51564,/content/drive/MyDrive/dataset/CyAUG-Dataset/Yellow_Soil/y (1505).jpeg
Sandy,6.39,34,21,37,34,Sprinkler,52,Barley,Soybean,Barley,High,78,30,61,65715,/content/drive/MyDrive/dataset/CyAUG-Dataset/Yellow_Soil/y (1351).jpeg
Clay,5.9,48,31,36,62,Sprinkler,59,Sugarcane,Wheat,Cotton,High,58,28,71,40833,/content/drive/MyDrive/dataset/CyAUG-Dataset/Yellow_Soil/y (1307).jpeg
Loamy,6.97,49,35,38,33,Drip,70,Maize,Millet,Groundnut,Medium,170,21,68,39551,/content/drive/MyDrive/dataset/CyAUG-Dataset/Yellow_Soil/82.jpg
Sandy,6.59,41,38,46,44,Sprinkler,75,Soybean,Cotton,Maize,High,171,21,48,64425,/content/drive/MyDrive/dataset/CyAUG-Dataset/Yellow_Soil/y (1332).jpeg
Sandy,6.63,38,18,48,73,Flood,77,Millet,Maize,Soybean,Medium,146,24,78,30793,/content/drive/MyDrive/dataset/CyAUG-Dataset/Yellow_Soil/y (1582).jpeg
Clay,6.88,39,35,29,63,Drip,89,Groundnut,Cotton,Wheat,Low,69,27,69,50614,/content/drive/MyDrive/dataset/CyAUG-Dataset/Yellow_Soil/y (1508).jpeg
Clay,7.46,30,20,36,61,Flood,81,Sugarcane,Millet,Sugarcane,Low,197,31,63,23078,/content/drive/MyDrive/dataset/CyAUG-Dataset/Yellow_Soil/y (1240).jpeg
Clay,6.56,36,27,40,64,Flood,60,Rice,Wheat,Wheat,Medium,53,26,75,52595,/content/drive/MyDrive/dataset/CyAUG-Dataset/Yellow_Soil/y (1424).jpeg
Silty,7.49,48,16,23,59,Drip,81,Millet,Soybean,Wheat,High,145,25,52,78632,/content/drive/MyDrive/dataset/CyAUG-Dataset/Yellow_Soil/68.jpg
Sandy,7.22,25,29,50,32,Drip,56,Rice,Groundnut,Vegetables,High,66,21,59,71856,/content/drive/MyDrive/dataset/CyAUG-Dataset/Yellow_Soil/y (1603).jpeg
Clay,7.49,28,39,49,46,Flood,87,Millet,Soybean,Wheat,Medium,149,23,43,37066,/content/drive/MyDrive/dataset/CyAUG-Dataset/Yellow_Soil/y (1232).jpeg
Clay,6.96,28,27,31,56,Flood,93,Rice,Sugarcane,Sugarcane,Medium,133,20,85,78607,/content/drive/MyDrive/dataset/CyAUG-Dataset/Yellow_Soil/y (1497).jpeg
Clay,6.16,52,26,30,47,Drip,84,Vegetables,Maize,Sugarcane,High,125,27,75,65978,/content/drive/MyDrive/dataset/CyAUG-Dataset/Yellow_Soil/34.jpg
Sandy,7.41,53,36,35,40,Flood,85,Maize,Millet,Groundnut,Low,123,27,60,51002,/content/drive/MyDrive/dataset/CyAUG-Dataset/Yellow_Soil/y (1262).jpeg
Sandy,5.68,50,37,24,33,Flood,90,Millet,Groundnut,Wheat,Low,174,27,62,75521,/content/drive/MyDrive/dataset/CyAUG-Dataset/Yellow_Soil/y (1431).jpeg
Sandy,5.86,37,35,42,39,Drip,86,Millet,Millet,Maize,Medium,144,25,51,71980,/content/drive/MyDrive/dataset/CyAUG-Dataset/Yellow_Soil/y (1568).jpeg
Sandy,7.24,43,37,49,35,Sprinkler,89,Sugarcane,Vegetables,Wheat,High,76,21,72,20890,/content/drive/MyDrive/dataset/CyAUG-Dataset/Yellow_Soil/y (1493).jpeg
Clay,6.4,30,27,34,55,Sprinkler,87,Wheat,Groundnut,Soybean,High,171,33,73,37734,/content/drive/MyDrive/dataset/CyAUG-Dataset/Yellow_Soil/y (1238).jpeg
Sandy,5.64,59,32,48,71,Sprinkler,80,Vegetables,Rice,Wheat,Medium,102,26,50,48011,/content/drive/MyDrive/dataset/CyAUG-Dataset/Yellow_Soil/y (1573).jpeg
Sandy,5.54,24,15,28,30,Sprinkler,65,Rice,Maize,Wheat,High,55,35,59,53945,/content/drive/MyDrive/dataset/CyAUG-Dataset/Yellow_Soil/y (1385).jpeg
Silty,6.16,20,19,40,62,Sprinkler,65,Millet,Groundnut,Soybean,Low,164,25,58,44519,/content/drive/MyDrive/dataset/CyAUG-Dataset/Yellow_Soil/y (1387).jpeg
Loamy,6.17,45,15,21,68,Drip,90,Rice,Vegetables,Cotton,Low,171,26,48,46979,/content/drive/MyDrive/dataset/CyAUG-Dataset/Yellow_Soil/25a.jpg
Sandy,5.69,43,38,35,62,Sprinkler,83,Sugarcane,Maize,Millet,Medium,171,35,55,77952,/content/drive/MyDrive/dataset/CyAUG-Dataset/Yellow_Soil/y (1174).jpeg
Clay,6.24,28,19,35,39,Drip,63,Maize,Maize,Barley,Medium,120,35,56,66061,/content/drive/MyDrive/dataset/CyAUG-Dataset/Yellow_Soil/y (1409).jpeg
Silty,6.41,23,29,37,56,Flood,72,Soybean,Sugarcane,Cotton,Medium,65,21,87,53758,/content/drive/MyDrive/dataset/CyAUG-Dataset/Yellow_Soil/y (1553).jpeg
Silty,5.81,45,33,50,59,Sprinkler,61,Cotton,Soybean,Rice,High,135,21,70,24534,/content/drive/MyDrive/dataset/CyAUG-Dataset/Yellow_Soil/y (1239).jpeg
Silty,6.55,59,35,22,41,Flood,93,Groundnut,Cotton,Sugarcane,Medium,199,32,76,21261,/content/drive/MyDrive/dataset/CyAUG-Dataset/Yellow_Soil/y (1510).jpeg
Sandy,6.44,38,37,40,35,Drip,60,Cotton,Cotton,Groundnut,Medium,60,26,72,36007,/content/drive/MyDrive/dataset/CyAUG-Dataset/Yellow_Soil/y (1376).jpeg
Sandy,7.34,21,29,36,33,Sprinkler,82,Soybean,Millet,Soybean,Medium,95,24,82,72986,/content/drive/MyDrive/dataset/CyAUG-Dataset/Yellow_Soil/y (1540).jpeg
Sandy,5.53,49,23,40,63,Drip,51,Rice,Maize,Cotton,Low,62,26,57,31515,/content/drive/MyDrive/dataset/CyAUG-Dataset/Yellow_Soil/y (1317).jpeg
Clay,7.09,20,33,42,52,Drip,93,Vegetables,Cotton,Maize,Low,147,34,80,34171,/content/drive/MyDrive/dataset/CyAUG-Dataset/Yellow_Soil/y (1587).jpeg
Clay,5.62,43,16,38,73,Sprinkler,64,Sugarcane,Wheat,Wheat,Low,189,35,75,25329,/content/drive/MyDrive/dataset/CyAUG-Dataset/Yellow_Soil/y (1481).jpeg
Silty,7.22,29,31,38,68,Drip,62,Rice,Maize,Wheat,Medium,125,30,43,78909,/content/drive/MyDrive/dataset/CyAUG-Dataset/Yellow_Soil/y (1234).jpeg
Loamy,7.27,28,35,31,65,Drip,92,Vegetables,Sugarcane,Rice,High,72,32,59,58596,/content/drive/MyDrive/dataset/CyAUG-Dataset/Yellow_Soil/y (1402).jpeg
Sandy,5.67,28,23,45,62,Sprinkler,70,Millet,Soybean,Sugarcane,Medium,161,21,49,74059,/content/drive/MyDrive/dataset/CyAUG-Dataset/Yellow_Soil/y (1427).jpeg
Loamy,5.84,47,25,26,30,Flood,90,Cotton,Sugarcane,Millet,High,183,26,54,22050,/content/drive/MyDrive/dataset/CyAUG-Dataset/Yellow_Soil/y (1474).jpeg
Silty,6.16,29,24,48,58,Flood,70,Groundnut,Cotton,Soybean,High,108,22,54,59476,/content/drive/MyDrive/dataset/CyAUG-Dataset/Yellow_Soil/y (1352).jpeg
Clay,7.38,59,37,31,60,Drip,63,Cotton,Sugarcane,Millet,Low,110,25,78,36636,/content/drive/MyDrive/dataset/CyAUG-Dataset/Yellow_Soil/y (1259).jpeg
Sandy,6.06,58,38,39,66,Sprinkler,63,Barley,Vegetables,Groundnut,Medium,55,20,55,48466,/content/drive/MyDrive/dataset/CyAUG-Dataset/Yellow_Soil/y (1246).jpeg
Silty,7.21,45,32,26,62,Drip,66,Soybean,Vegetables,Rice,Low,81,28,88,35896,/content/drive/MyDrive/dataset/CyAUG-Dataset/Yellow_Soil/y (1377).jpeg
Silty,6.84,26,25,27,45,Flood,93,Groundnut,Barley,Vegetables,Medium,100,33,75,54508,/content/drive/MyDrive/dataset/CyAUG-Dataset/Yellow_Soil/y (1293).jpeg
Loamy,6.27,20,25,23,76,Drip,59,Rice,Wheat,Soybean,High,98,29,77,68183,/content/drive/MyDrive/dataset/CyAUG-Dataset/Yellow_Soil/y (1541).jpeg
Sandy,6.27,53,33,24,52,Drip,81,Groundnut,Sugarcane,Rice,Medium,68,27,65,25831,/content/drive/MyDrive/dataset/CyAUG-Dataset/Yellow_Soil/y (1256).jpeg
Silty,6.89,53,29,43,48,Drip,65,Maize,Sugarcane,Soybean,Low,155,33,61,41171,/content/drive/MyDrive/dataset/CyAUG-Dataset/Yellow_Soil/16.jpg
Loamy,7.48,26,27,25,78,Flood,52,Soybean,Groundnut,Cotton,High,182,27,69,34467,/content/drive/MyDrive/dataset/CyAUG-Dataset/Yellow_Soil/y (1230).jpeg
Silty,6.21,36,25,28,54,Sprinkler,94,Sugarcane,Millet,Rice,High,193,32,76,37053,/content/drive/MyDrive/dataset/CyAUG-Dataset/Yellow_Soil/y (1363).jpeg
Sandy,5.81,42,36,48,45,Sprinkler,64,Wheat,Sugarcane,Sugarcane,Medium,151,23,57,30049,/content/drive/MyDrive/dataset/CyAUG-Dataset/Yellow_Soil/y (1399).jpeg
Clay,5.71,47,31,31,36,Drip,59,Maize,Millet,Wheat,High,158,27,55,69700,/content/drive/MyDrive/dataset/CyAUG-Dataset/Yellow_Soil/y (1614).jpeg
Sandy,7.41,32,36,35,54,Flood,80,Sugarcane,Sugarcane,Barley,Medium,83,21,48,45407,/content/drive/MyDrive/dataset/CyAUG-Dataset/Yellow_Soil/y (1236).jpeg
Sandy,7.32,28,30,20,78,Drip,78,Groundnut,Maize,Soybean,High,185,34,52,35370,/content/drive/MyDrive/dataset/CyAUG-Dataset/Yellow_Soil/y (1183).jpeg
Sandy,5.7,21,38,33,76,Drip,95,Barley,Groundnut,Rice,High,167,31,69,60136,/content/drive/MyDrive/dataset/CyAUG-Dataset/Yellow_Soil/y (1206).jpeg
Loamy,6.86,45,20,49,74,Sprinkler,91,Wheat,Rice,Maize,High,52,21,51,37241,/content/drive/MyDrive/dataset/CyAUG-Dataset/Yellow_Soil/21.jpg
Silty,6.1,60,38,44,52,Drip,56,Rice,Barley,Rice,Medium,159,24,90,24193,/content/drive/MyDrive/dataset/CyAUG-Dataset/Yellow_Soil/2.jpg
Clay,5.73,27,20,50,45,Flood,81,Maize,Barley,Rice,Low,153,20,54,70026,/content/drive/MyDrive/dataset/CyAUG-Dataset/Yellow_Soil/y (1619).jpeg
Loamy,7.37,50,25,28,60,Flood,82,Groundnut,Millet,Cotton,Low,142,24,69,43094,/content/drive/MyDrive/dataset/CyAUG-Dataset/Yellow_Soil/y (1226).jpeg
Silty,5.72,32,25,44,48,Drip,59,Vegetables,Wheat,Soybean,Medium,51,34,74,77499,/content/drive/MyDrive/dataset/CyAUG-Dataset/Yellow_Soil/y (1484).jpeg
Sandy,7.46,60,19,26,30,Flood,95,Soybean,Rice,Rice,Low,112,26,62,39134,/content/drive/MyDrive/dataset/CyAUG-Dataset/Yellow_Soil/y (1566).jpeg
Loamy,5.67,37,26,35,62,Drip,65,Soybean,Maize,Sugarcane,High,165,20,85,54140,/content/drive/MyDrive/dataset/CyAUG-Dataset/Yellow_Soil/y (1535).jpeg
Silty,6.64,51,18,50,34,Sprinkler,92,Wheat,Cotton,Rice,Medium,135,32,68,69565,/content/drive/MyDrive/dataset/CyAUG-Dataset/Yellow_Soil/y (1552).jpeg
Sandy,6.95,35,35,49,53,Drip,87,Rice,Sugarcane,Maize,Low,121,26,85,21413,/content/drive/MyDrive/dataset/CyAUG-Dataset/Yellow_Soil/y (1415).jpeg
Sandy,5.98,26,17,27,57,Drip,52,Rice,Soybean,Sugarcane,Medium,52,35,57,63761,/content/drive/MyDrive/dataset/CyAUG-Dataset/Yellow_Soil/y (1468).jpeg
Silty,7.03,50,15,47,64,Flood,57,Millet,Maize,Millet,Medium,102,22,81,72769,/content/drive/MyDrive/dataset/CyAUG-Dataset/Yellow_Soil/y (1521).jpeg
Clay,7.19,53,27,28,54,Drip,88,Wheat,Cotton,Wheat,High,66,34,43,47800,/content/drive/MyDrive/dataset/CyAUG-Dataset/Yellow_Soil/y (1475).jpeg
Sandy,6.29,29,33,49,68,Flood,56,Sugarcane,Millet,Cotton,High,171,35,77,32513,/content/drive/MyDrive/dataset/CyAUG-Dataset/Yellow_Soil/y (1179).jpeg
Loamy,7.13,28,37,34,44,Drip,89,Maize,Maize,Millet,Medium,106,34,86,30368,/content/drive/MyDrive/dataset/CyAUG-Dataset/Yellow_Soil/213a.jpg
Clay,6.32,58,17,43,80,Drip,68,Rice,Groundnut,Sugarcane,Medium,121,21,64,48080,/content/drive/MyDrive/dataset/CyAUG-Dataset/Yellow_Soil/y (1272).jpeg
Loamy,5.56,42,39,33,75,Sprinkler,69,Barley,Groundnut,Millet,Low,185,33,62,22297,/content/drive/MyDrive/dataset/CyAUG-Dataset/Yellow_Soil/y (1360).jpeg
Sandy,6.01,57,36,33,49,Sprinkler,50,Wheat,Wheat,Millet,Medium,173,20,83,71081,/content/drive/MyDrive/dataset/CyAUG-Dataset/Yellow_Soil/y (1451).jpeg
Silty,5.88,41,37,24,67,Sprinkler,68,Groundnut,Groundnut,Maize,Low,153,31,69,74823,/content/drive/MyDrive/dataset/CyAUG-Dataset/Yellow_Soil/y (1254).jpeg
Sandy,6.89,35,34,48,73,Sprinkler,80,Soybean,Cotton,Sugarcane,Medium,151,27,52,71902,/content/drive/MyDrive/dataset/CyAUG-Dataset/Yellow_Soil/y (1231).jpeg
Silty,7.01,36,17,23,55,Sprinkler,95,Sugarcane,Cotton,Maize,High,150,28,46,33803,/content/drive/MyDrive/dataset/CyAUG-Dataset/Yellow_Soil/106.jpg
Sandy,7.25,31,38,41,40,Flood,74,Maize,Barley,Rice,High,76,21,46,25269,/content/drive/MyDrive/dataset/CyAUG-Dataset/Yellow_Soil/36.jpg
Loamy,7.09,41,20,21,44,Sprinkler,89,Rice,Rice,Vegetables,Medium,191,26,63,62573,/content/drive/MyDrive/dataset/CyAUG-Dataset/Yellow_Soil/y (1456).jpeg
Sandy,7.4,26,30,36,40,Flood,62,Soybean,Barley,Sugarcane,Medium,160,35,42,57415,/content/drive/MyDrive/dataset/CyAUG-Dataset/Yellow_Soil/y (1212).jpeg
Silty,7.23,30,22,21,68,Drip,79,Maize,Soybean,Maize,Low,138,20,49,40319,/content/drive/MyDrive/dataset/CyAUG-Dataset/Yellow_Soil/y (1430).jpeg
Silty,6.13,60,38,45,62,Flood,53,Cotton,Rice,Rice,Medium,100,28,64,73627,/content/drive/MyDrive/dataset/CyAUG-Dataset/Yellow_Soil/y (1345).jpeg
Loamy,6.24,57,25,38,74,Sprinkler,78,Rice,Rice,Groundnut,Low,133,20,73,70733,/content/drive/MyDrive/dataset/CyAUG-Dataset/Yellow_Soil/y (1337).jpeg
Silty,6.62,52,33,42,66,Drip,70,Barley,Barley,Maize,Low,53,23,90,34480,/content/drive/MyDrive/dataset/CyAUG-Dataset/Yellow_Soil/y (1314).jpeg
Clay,6.07,35,20,47,52,Drip,59,Cotton,Vegetables,Cotton,Low,117,35,55,48280,/content/drive/MyDrive/dataset/CyAUG-Dataset/Yellow_Soil/y (1329).jpeg
Silty,7.11,58,22,29,32,Flood,76,Cotton,Rice,Groundnut,High,183,28,64,74589,/content/drive/MyDrive/dataset/CyAUG-Dataset/Yellow_Soil/y (1356).jpeg
Loamy,5.6,36,24,50,41,Flood,82,Rice,Wheat,Maize,High,199,25,53,34564,/content/drive/MyDrive/dataset/CyAUG-Dataset/Yellow_Soil/y (1263).jpeg
Loamy,7.11,24,26,50,47,Drip,68,Millet,Maize,Millet,High,176,32,90,48237,/content/drive/MyDrive/dataset/CyAUG-Dataset/Yellow_Soil/y (1408).jpeg
Sandy,5.51,21,32,32,70,Sprinkler,79,Cotton,Maize,Soybean,Medium,98,32,50,23156,/content/drive/MyDrive/dataset/CyAUG-Dataset/Yellow_Soil/y (1418).jpeg
Clay,7.27,57,40,45,49,Flood,91,Cotton,Groundnut,Sugarcane,Low,98,33,70,58216,/content/drive/MyDrive/dataset/CyAUG-Dataset/Yellow_Soil/y (1280).jpeg
Silty,6.01,38,15,50,72,Drip,53,Rice,Millet,Vegetables,Medium,93,21,75,37127,/content/drive/MyDrive/dataset/CyAUG-Dataset/Yellow_Soil/y (1616).jpeg
Clay,5.61,33,25,38,52,Flood,71,Wheat,Soybean,Rice,Medium,148,34,46,66632,/content/drive/MyDrive/dataset/CyAUG-Dataset/Yellow_Soil/y (1414).jpeg
Clay,6.32,43,16,36,70,Drip,59,Maize,Sugarcane,Wheat,High,52,32,45,44126,/content/drive/MyDrive/dataset/CyAUG-Dataset/Yellow_Soil/y (1561).jpeg
Loamy,6.19,36,19,46,75,Drip,91,Maize,Wheat,Cotton,High,53,25,69,68434,/content/drive/MyDrive/dataset/CyAUG-Dataset/Yellow_Soil/y (1326).jpeg
Loamy,6.34,26,29,28,50,Flood,91,Soybean,Vegetables,Cotton,Medium,141,26,62,25611,/content/drive/MyDrive/dataset/CyAUG-Dataset/Yellow_Soil/46.jpg
Clay,6.81,52,31,50,80,Sprinkler,76,Millet,Maize,Maize,Low,195,31,65,58679,/content/drive/MyDrive/dataset/CyAUG-Dataset/Yellow_Soil/y (1380).jpeg
Clay,6.41,43,16,40,48,Flood,77,Vegetables,Vegetables,Soybean,High,54,34,83,53022,/content/drive/MyDrive/dataset/CyAUG-Dataset/Yellow_Soil/y (1543).jpeg
Loamy,6.82,30,32,22,47,Sprinkler,78,Cotton,Wheat,Groundnut,Low,76,31,64,49688,/content/drive/MyDrive/dataset/CyAUG-Dataset/Yellow_Soil/y (1428).jpeg
Loamy,6.08,20,23,37,65,Sprinkler,77,Groundnut,Cotton,Groundnut,Low,151,29,53,20372,/content/drive/MyDrive/dataset/CyAUG-Dataset/Yellow_Soil/17.jpg
Loamy,6.79,20,30,26,44,Flood,71,Maize,Vegetables,Groundnut,High,169,26,66,71406,/content/drive/MyDrive/dataset/CyAUG-Dataset/Yellow_Soil/y (1570).jpeg
Loamy,6.36,39,15,32,65,Drip,72,Millet,Groundnut,Rice,Low,140,35,69,49445,/content/drive/MyDrive/dataset/CyAUG-Dataset/Yellow_Soil/y (1311).jpeg
Silty,5.95,20,40,29,51,Drip,81,Wheat,Wheat,Soybean,Medium,65,21,66,53059,/content/drive/MyDrive/dataset/CyAUG-Dataset/Yellow_Soil/y (1342).jpeg
Sandy,6.98,26,39,35,69,Flood,52,Sugarcane,Sugarcane,Vegetables,Medium,178,31,87,77424,/content/drive/MyDrive/dataset/CyAUG-Dataset/Yellow_Soil/53.jpg
Sandy,6.68,60,24,50,30,Sprinkler,60,Wheat,Vegetables,Barley,High,59,33,76,60279,/content/drive/MyDrive/dataset/CyAUG-Dataset/Yellow_Soil/y (1201).jpeg
Loamy,7.19,27,27,41,31,Sprinkler,71,Wheat,Soybean,Wheat,Low,70,26,63,45250,/content/drive/MyDrive/dataset/CyAUG-Dataset/Yellow_Soil/y (1177).jpeg
Silty,6.52,40,39,49,66,Sprinkler,52,Millet,Soybean,Rice,Medium,117,20,62,44266,/content/drive/MyDrive/dataset/CyAUG-Dataset/Yellow_Soil/y (1373).jpeg
Silty,7.39,22,39,28,68,Drip,55,Millet,Vegetables,Millet,Low,119,27,75,20713,/content/drive/MyDrive/dataset/CyAUG-Dataset/Yellow_Soil/y (1283).jpeg
Sandy,6.43,27,36,29,70,Drip,55,Cotton,Rice,Sugarcane,High,171,28,66,57021,/content/drive/MyDrive/dataset/CyAUG-Dataset/Yellow_Soil/59.jpg
Clay,6.14,26,17,32,71,Flood,95,Soybean,Wheat,Sugarcane,High,147,20,78,65880,/content/drive/MyDrive/dataset/CyAUG-Dataset/Yellow_Soil/y (1609).jpeg
Clay,6.3,51,18,42,40,Sprinkler,53,Barley,Vegetables,Sugarcane,Low,199,29,67,24301,/content/drive/MyDrive/dataset/CyAUG-Dataset/Yellow_Soil/y (1).jpeg
Loamy,6.73,40,32,38,50,Drip,55,Maize,Sugarcane,Barley,High,157,20,76,40078,/content/drive/MyDrive/dataset/CyAUG-Dataset/Yellow_Soil/y (1485).jpeg
Loamy,7.16,48,31,32,63,Sprinkler,95,Vegetables,Soybean,Maize,Low,189,28,67,28457,/content/drive/MyDrive/dataset/CyAUG-Dataset/Yellow_Soil/y (1618).jpeg
Sandy,6.68,51,24,34,55,Drip,52,Sugarcane,Millet,Maize,Low,80,26,87,39247,/content/drive/MyDrive/dataset/CyAUG-Dataset/Yellow_Soil/y (1581).jpeg
Clay,5.68,21,23,31,70,Drip,76,Rice,Soybean,Groundnut,Low,140,35,70,26750,/content/drive/MyDrive/dataset/CyAUG-Dataset/Yellow_Soil/y (1538).jpeg
Clay,5.57,22,15,42,36,Drip,55,Rice,Rice,Sugarcane,High,102,21,59,53706,/content/drive/MyDrive/dataset/CyAUG-Dataset/Yellow_Soil/y (1562).jpeg
Loamy,6.8,34,32,49,54,Flood,95,Soybean,Barley,Cotton,Medium,61,31,72,69578,/content/drive/MyDrive/dataset/CyAUG-Dataset/Yellow_Soil/y (1200).jpeg
Clay,5.92,30,28,40,70,Flood,92,Vegetables,Millet,Cotton,High,58,33,88,32551,/content/drive/MyDrive/dataset/CyAUG-Dataset/Yellow_Soil/y (1300).jpeg
Sandy,5.96,49,15,21,49,Sprinkler,56,Vegetables,Groundnut,Millet,Low,156,24,74,76587,/content/drive/MyDrive/dataset/CyAUG-Dataset/Yellow_Soil/y (1560).jpeg
Sandy,6.97,32,21,39,40,Flood,54,Sugarcane,Barley,Wheat,High,115,20,49,51940,/content/drive/MyDrive/dataset/CyAUG-Dataset/Yellow_Soil/y (1544).jpeg
Clay,7.27,59,35,21,65,Sprinkler,92,Sugarcane,Vegetables,Barley,Medium,178,25,77,54388,/content/drive/MyDrive/dataset/CyAUG-Dataset/Yellow_Soil/y (1622).jpeg
Clay,5.88,27,15,39,72,Flood,68,Rice,Cotton,Wheat,Medium,87,35,54,29599,/content/drive/MyDrive/dataset/CyAUG-Dataset/Yellow_Soil/y (1442).jpeg
Silty,5.64,55,21,23,61,Drip,72,Vegetables,Barley,Cotton,Medium,52,31,57,65895,/content/drive/MyDrive/dataset/CyAUG-Dataset/Yellow_Soil/y (1331).jpeg
Clay,6.36,28,17,40,75,Drip,84,Barley,Barley,Wheat,Low,168,25,82,48630,/content/drive/MyDrive/dataset/CyAUG-Dataset/Yellow_Soil/y (1513).jpeg
Sandy,6.94,44,34,21,59,Drip,73,Maize,Groundnut,Barley,Low,81,22,63,63059,/content/drive/MyDrive/dataset/CyAUG-Dataset/Yellow_Soil/54.jpg
Clay,7.28,35,36,33,40,Sprinkler,87,Vegetables,Rice,Vegetables,High,171,34,71,48371,/content/drive/MyDrive/dataset/CyAUG-Dataset/Yellow_Soil/y (1175).jpeg
Silty,6.73,32,27,41,73,Flood,79,Rice,Maize,Barley,Medium,158,23,88,79606,/content/drive/MyDrive/dataset/CyAUG-Dataset/Yellow_Soil/y (1393).jpeg
Loamy,7.26,25,35,46,41,Flood,65,Maize,Soybean,Barley,Medium,196,34,79,27435,/content/drive/MyDrive/dataset/CyAUG-Dataset/Yellow_Soil/y (1459).jpeg
Loamy,5.74,51,20,49,72,Flood,66,Vegetables,Groundnut,Wheat,Low,113,21,67,68535,/content/drive/MyDrive/dataset/CyAUG-Dataset/Yellow_Soil/y (1233).jpeg
Clay,5.59,45,23,27,36,Sprinkler,82,Millet,Barley,Barley,Low,75,28,77,29515,/content/drive/MyDrive/dataset/CyAUG-Dataset/Yellow_Soil/y (1621).jpeg
Clay,6.36,46,38,34,43,Drip,88,Millet,Cotton,Barley,High,69,23,68,68640,/content/drive/MyDrive/dataset/CyAUG-Dataset/Yellow_Soil/y (1606).jpeg
Clay,6.39,28,31,25,78,Sprinkler,66,Rice,Millet,Wheat,Medium,137,24,50,34681,/content/drive/MyDrive/dataset/CyAUG-Dataset/Yellow_Soil/y (1487).jpeg
Clay,6.9,35,40,38,56,Sprinkler,73,Rice,Rice,Wheat,High,75,24,80,54554,/content/drive/MyDrive/dataset/CyAUG-Dataset/Yellow_Soil/40.jpg
Clay,6.68,31,17,46,48,Drip,76,Vegetables,Maize,Wheat,High,52,23,75,67345,/content/drive/MyDrive/dataset/CyAUG-Dataset/Yellow_Soil/y (1217).jpeg
Clay,5.53,46,28,21,41,Drip,85,Wheat,Vegetables,Sugarcane,High,53,34,44,24829,/content/drive/MyDrive/dataset/CyAUG-Dataset/Yellow_Soil/y (1444).jpeg
Silty,5.76,42,25,38,72,Drip,79,Groundnut,Millet,Maize,Low,136,24,67,59707,/content/drive/MyDrive/dataset/CyAUG-Dataset/Yellow_Soil/y (1526).jpeg
Clay,5.87,26,36,37,60,Flood,60,Rice,Maize,Cotton,Medium,176,24,71,31796,/content/drive/MyDrive/dataset/CyAUG-Dataset/Yellow_Soil/y (1237).jpeg
Loamy,6.28,60,17,46,66,Flood,74,Soybean,Sugarcane,Soybean,Medium,145,23,89,48929,/content/drive/MyDrive/dataset/CyAUG-Dataset/Yellow_Soil/213b.jpg
Sandy,7.17,23,15,46,51,Drip,72,Millet,Soybean,Vegetables,Medium,113,26,50,62255,/content/drive/MyDrive/dataset/CyAUG-Dataset/Yellow_Soil/y (1528).jpeg
Silty,7.32,60,21,43,59,Flood,78,Cotton,Barley,Maize,Medium,178,26,51,23469,/content/drive/MyDrive/dataset/CyAUG-Dataset/Yellow_Soil/y (1228).jpeg
Clay,6.26,45,34,24,43,Sprinkler,79,Millet,Vegetables,Soybean,Low,177,29,88,39247,/content/drive/MyDrive/dataset/CyAUG-Dataset/Yellow_Soil/11.jpg
Silty,5.88,51,40,23,72,Flood,94,Maize,Soybean,Rice,Low,102,24,40,49571,/content/drive/MyDrive/dataset/CyAUG-Dataset/Yellow_Soil/y (1509).jpeg
Loamy,6.92,48,26,31,66,Drip,65,Rice,Groundnut,Vegetables,Medium,122,34,62,26778,/content/drive/MyDrive/dataset/CyAUG-Dataset/Yellow_Soil/y (1395).jpeg
Silty,7.0,50,30,45,56,Drip,88,Millet,Cotton,Rice,Low,183,29,81,25224,/content/drive/MyDrive/dataset/CyAUG-Dataset/Yellow_Soil/4.jpg
Silty,7.21,44,22,37,60,Flood,67,Wheat,Rice,Groundnut,Medium,74,30,46,63488,/content/drive/MyDrive/dataset/CyAUG-Dataset/Yellow_Soil/y (1195).jpeg
Silty,6.87,49,19,35,34,Flood,59,Sugarcane,Millet,Maize,High,71,35,67,66993,/content/drive/MyDrive/dataset/CyAUG-Dataset/Yellow_Soil/67.jpg
Clay,6.91,36,30,35,44,Flood,61,Rice,Millet,Barley,Medium,106,29,46,24189,/content/drive/MyDrive/dataset/CyAUG-Dataset/Yellow_Soil/y (1531).jpeg
Loamy,6.34,36,15,34,34,Sprinkler,87,Wheat,Millet,Barley,Medium,190,35,52,49246,/content/drive/MyDrive/dataset/CyAUG-Dataset/Yellow_Soil/y (1180).jpeg
Sandy,5.93,56,23,42,67,Sprinkler,55,Wheat,Maize,Vegetables,High,73,34,47,78072,/content/drive/MyDrive/dataset/CyAUG-Dataset/Yellow_Soil/y (1416).jpeg
Sandy,7.41,22,16,24,32,Drip,60,Vegetables,Soybean,Rice,Low,120,25,67,31820,/content/drive/MyDrive/dataset/CyAUG-Dataset/Yellow_Soil/y (1362).jpeg
Loamy,7.22,55,37,43,79,Drip,84,Soybean,Soybean,Sugarcane,Medium,68,35,76,26742,/content/drive/MyDrive/dataset/CyAUG-Dataset/Yellow_Soil/y (1605).jpeg
Silty,6.15,44,38,34,70,Flood,60,Maize,Groundnut,Soybean,Medium,136,27,73,25185,/content/drive/MyDrive/dataset/CyAUG-Dataset/Yellow_Soil/y (1467).jpeg
Loamy,6.73,49,21,49,66,Sprinkler,87,Rice,Sugarcane,Groundnut,Medium,189,24,88,23963,/content/drive/MyDrive/dataset/CyAUG-Dataset/Yellow_Soil/y (1533).jpeg
Silty,6.84,51,31,49,48,Drip,82,Rice,Cotton,Millet,Low,67,22,69,59231,/content/drive/MyDrive/dataset/CyAUG-Dataset/Yellow_Soil/y (1466).jpeg
Silty,7.26,28,16,35,34,Flood,76,Cotton,Maize,Barley,Medium,101,29,71,26014,/content/drive/MyDrive/dataset/CyAUG-Dataset/Yellow_Soil/y (1205).jpeg
Loamy,7.34,36,35,37,54,Sprinkler,57,Wheat,Rice,Sugarcane,High,111,35,80,30265,/content/drive/MyDrive/dataset/CyAUG-Dataset/Yellow_Soil/y (1320).jpeg
Silty,6.13,46,22,21,52,Drip,63,Wheat,Soybean,Barley,Medium,95,22,40,48438,/content/drive/MyDrive/dataset/CyAUG-Dataset/Yellow_Soil/y (1303).jpeg
Loamy,5.85,51,32,39,55,Sprinkler,54,Rice,Rice,Wheat,High,68,32,44,50088,/content/drive/MyDrive/dataset/CyAUG-Dataset/Yellow_Soil/y (1298).jpeg
Sandy,6.84,44,29,40,65,Drip,74,Rice,Millet,Maize,Low,162,22,54,58936,/content/drive/MyDrive/dataset/CyAUG-Dataset/Yellow_Soil/y (1309).jpeg
Silty,6.6,56,22,43,58,Sprinkler,58,Rice,Vegetables,Groundnut,Medium,117,33,82,69451,/content/drive/MyDrive/dataset/CyAUG-Dataset/Yellow_Soil/60.jpg
Loamy,5.84,45,15,41,36,Sprinkler,91,Rice,Wheat,Cotton,Low,188,27,69,36530,/content/drive/MyDrive/dataset/CyAUG-Dataset/Yellow_Soil/y (1490).jpeg
Silty,7.36,37,25,23,34,Sprinkler,88,Maize,Vegetables,Millet,Low,64,23,86,79087,/content/drive/MyDrive/dataset/CyAUG-Dataset/Yellow_Soil/y (1594).jpeg
Sandy,5.82,37,34,25,32,Sprinkler,86,Cotton,Wheat,Soybean,Low,90,20,60,64376,/content/drive/MyDrive/dataset/CyAUG-Dataset/Yellow_Soil/y (1273).jpeg
Loamy,6.86,24,19,47,63,Drip,60,Sugarcane,Maize,Cotton,Medium,102,22,44,49466,/content/drive/MyDrive/dataset/CyAUG-Dataset/Yellow_Soil/y (1258).jpeg
Silty,7.26,40,20,33,45,Sprinkler,57,Wheat,Wheat,Soybean,Medium,141,23,56,64279,/content/drive/MyDrive/dataset/CyAUG-Dataset/Yellow_Soil/y (1359).jpeg
Clay,7.15,50,40,39,79,Drip,50,Maize,Millet,Soybean,High,198,24,65,40107,/content/drive/MyDrive/dataset/CyAUG-Dataset/Yellow_Soil/y (1406).jpeg
Silty,6.74,28,18,25,50,Flood,70,Millet,Soybean,Sugarcane,Low,55,28,77,71194,/content/drive/MyDrive/dataset/CyAUG-Dataset/Yellow_Soil/y (1534).jpeg
Sandy,5.84,29,28,40,42,Drip,92,Wheat,Barley,Cotton,Low,162,24,75,22079,/content/drive/MyDrive/dataset/CyAUG-Dataset/Yellow_Soil/y (1477).jpeg
Sandy,5.99,34,38,38,51,Flood,93,Sugarcane,Maize,Sugarcane,Medium,108,31,89,72535,/content/drive/MyDrive/dataset/CyAUG-Dataset/Yellow_Soil/y (1167).jpeg
Clay,7.46,49,27,20,33,Sprinkler,54,Cotton,Vegetables,Soybean,High,120,35,71,28882,/content/drive/MyDrive/dataset/CyAUG-Dataset/Yellow_Soil/y (1278).jpeg
Silty,5.98,44,24,23,43,Drip,91,Vegetables,Cotton,Sugarcane,Low,186,22,46,33356,/content/drive/MyDrive/dataset/CyAUG-Dataset/Yellow_Soil/y (1499).jpeg
Clay,7.14,28,40,37,48,Drip,59,Groundnut,Groundnut,Soybean,High,139,21,76,75196,/content/drive/MyDrive/dataset/CyAUG-Dataset/Yellow_Soil/y (1580).jpeg
Clay,7.28,43,18,27,76,Sprinkler,75,Wheat,Barley,Vegetables,High,122,29,88,78604,/content/drive/MyDrive/dataset/CyAUG-Dataset/Yellow_Soil/y (1339).jpeg
Loamy,7.44,56,15,28,48,Flood,87,Soybean,Maize,Vegetables,High,144,33,63,26972,/content/drive/MyDrive/dataset/CyAUG-Dataset/Yellow_Soil/y (1463).jpeg
Silty,7.42,48,18,20,50,Flood,86,Vegetables,Barley,Rice,Low,199,33,75,51128,/content/drive/MyDrive/dataset/CyAUG-Dataset/Yellow_Soil/y (1375).jpeg
Clay,6.3,58,27,23,54,Flood,66,Cotton,Cotton,Sugarcane,Low,180,25,43,74132,/content/drive/MyDrive/dataset/CyAUG-Dataset/Yellow_Soil/25.jpg
Clay,6.73,54,38,41,73,Sprinkler,94,Barley,Barley,Soybean,Low,153,24,58,45156,/content/drive/MyDrive/dataset/CyAUG-Dataset/Yellow_Soil/y (1514).jpeg
Clay,5.54,37,30,49,54,Flood,85,Vegetables,Vegetables,Groundnut,High,155,28,75,39113,/content/drive/MyDrive/dataset/CyAUG-Dataset/Yellow_Soil/y (1220).jpeg
Clay,5.71,40,20,35,60,Flood,54,Vegetables,Vegetables,Millet,High,109,26,59,54435,/content/drive/MyDrive/dataset/CyAUG-Dataset/Yellow_Soil/y (1583).jpeg
Clay,7.47,31,19,40,68,Drip,69,Maize,Sugarcane,Wheat,Medium,100,21,47,51488,/content/drive/MyDrive/dataset/CyAUG-Dataset/Yellow_Soil/y (1601).jpeg
Loamy,5.97,40,31,30,42,Sprinkler,75,Maize,Cotton,Vegetables,Medium,54,33,71,57306,/content/drive/MyDrive/dataset/CyAUG-Dataset/Yellow_Soil/y (1295).jpeg
Loamy,6.71,42,37,47,30,Sprinkler,72,Soybean,Groundnut,Vegetables,Low,91,20,51,76375,/content/drive/MyDrive/dataset/CyAUG-Dataset/Yellow_Soil/y (1595).jpeg
Sandy,7.09,53,30,32,49,Flood,79,Cotton,Rice,Sugarcane,High,60,31,81,68418,/content/drive/MyDrive/dataset/CyAUG-Dataset/Yellow_Soil/y (1194).jpeg
Sandy,6.23,27,25,30,72,Drip,53,Groundnut,Rice,Millet,Low,75,32,79,43210,/content/drive/MyDrive/dataset/CyAUG-Dataset/Yellow_Soil/y (1469).jpeg
Sandy,5.87,56,23,21,74,Flood,64,Millet,Groundnut,Vegetables,Medium,102,30,62,78080,/content/drive/MyDrive/dataset/CyAUG-Dataset/Yellow_Soil/12.jpg
Sandy,5.6,53,21,25,72,Sprinkler,78,Vegetables,Maize,Maize,Medium,115,33,69,25981,/content/drive/MyDrive/dataset/CyAUG-Dataset/Yellow_Soil/y (1498).jpeg
Loamy,7.16,22,17,38,78,Flood,89,Wheat,Rice,Sugarcane,Low,64,24,89,71800,/content/drive/MyDrive/dataset/CyAUG-Dataset/Yellow_Soil/y (1203).jpeg
Silty,5.68,37,39,46,50,Flood,94,Maize,Maize,Millet,Medium,77,23,59,77918,/content/drive/MyDrive/dataset/CyAUG-Dataset/Yellow_Soil/y (1312).jpeg
Loamy,6.97,20,37,50,50,Sprinkler,66,Groundnut,Barley,Vegetables,Medium,189,26,41,30371,/content/drive/MyDrive/dataset/CyAUG-Dataset/Yellow_Soil/y (1593).jpeg
Silty,7.43,59,15,41,35,Drip,61,Wheat,Vegetables,Vegetables,Medium,129,35,58,65020,/content/drive/MyDrive/dataset/CyAUG-Dataset/Yellow_Soil/y (1355).jpeg
Clay,7.32,40,15,35,71,Flood,88,Wheat,Soybean,Soybean,Medium,94,20,65,21386,/content/drive/MyDrive/dataset/CyAUG-Dataset/Yellow_Soil/y (1503).jpeg
Sandy,7.09,42,23,20,78,Sprinkler,74,Wheat,Maize,Barley,Medium,188,20,66,48255,/content/drive/MyDrive/dataset/CyAUG-Dataset/Yellow_Soil/y (1271).jpeg
Clay,6.84,40,37,25,80,Flood,76,Barley,Millet,Groundnut,Medium,182,28,49,46713,/content/drive/MyDrive/dataset/CyAUG-Dataset/Yellow_Soil/y (1455).jpeg
Silty,6.55,42,34,22,80,Drip,63,Rice,Barley,Millet,Medium,124,34,84,26474,/content/drive/MyDrive/dataset/CyAUG-Dataset/Yellow_Soil/9.jpg
Silty,6.93,34,31,41,71,Drip,90,Groundnut,Soybean,Soybean,Low,63,23,58,61648,/content/drive/MyDrive/dataset/CyAUG-Dataset/Yellow_Soil/y (1172).jpeg
Clay,6.48,56,26,26,32,Drip,56,Groundnut,Vegetables,Cotton,Low,196,31,68,73757,/content/drive/MyDrive/dataset/CyAUG-Dataset/Yellow_Soil/y (1398).jpeg
Loamy,5.7,48,35,33,80,Flood,65,Vegetables,Wheat,Barley,Low,166,23,76,25229,/content/drive/MyDrive/dataset/CyAUG-Dataset/Yellow_Soil/y (1453).jpeg
Clay,7.03,33,39,31,70,Sprinkler,57,Wheat,Rice,Wheat,Medium,108,27,90,69670,/content/drive/MyDrive/dataset/CyAUG-Dataset/Yellow_Soil/y (1361).jpeg
Sandy,6.76,38,31,26,54,Sprinkler,61,Sugarcane,Barley,Wheat,Medium,163,20,67,36859,/content/drive/MyDrive/dataset/CyAUG-Dataset/Yellow_Soil/y (1357).jpeg
Loamy,5.98,35,35,39,51,Sprinkler,88,Wheat,Vegetables,Sugarcane,Medium,121,27,60,29316,/content/drive/MyDrive/dataset/CyAUG-Dataset/Yellow_Soil/y (1241).jpeg
Clay,5.7,21,35,30,70,Drip,53,Soybean,Barley,Maize,Low,111,28,40,64225,/content/drive/MyDrive/dataset/CyAUG-Dataset/Yellow_Soil/y (1344).jpeg
Sandy,6.9,49,27,25,64,Drip,81,Cotton,Soybean,Rice,Low,86,29,80,29206,/content/drive/MyDrive/dataset/CyAUG-Dataset/Yellow_Soil/y (1336).jpeg
Clay,7.35,26,28,20,51,Drip,65,Sugarcane,Wheat,Vegetables,Medium,89,34,45,55144,/content/drive/MyDrive/dataset/CyAUG-Dataset/Yellow_Soil/y (1318).jpeg
Loamy,5.6,20,36,35,56,Sprinkler,56,Soybean,Millet,Barley,High,113,33,86,31812,/content/drive/MyDrive/dataset/CyAUG-Dataset/Yellow_Soil/y (1214).jpeg
Sandy,6.75,22,26,29,52,Flood,51,Wheat,Soybean,Sugarcane,Medium,156,35,61,52882,/content/drive/MyDrive/dataset/CyAUG-Dataset/Yellow_Soil/y (1265).jpeg
Sandy,5.8,23,19,20,68,Drip,54,Groundnut,Rice,Millet,Low,147,25,51,25690,/content/drive/MyDrive/dataset/CyAUG-Dataset/Yellow_Soil/y (1565).jpeg
Clay,6.61,55,20,45,69,Flood,54,Vegetables,Rice,Groundnut,Medium,77,31,49,58520,/content/drive/MyDrive/dataset/CyAUG-Dataset/Yellow_Soil/y (1340).jpeg
Clay,5.6,53,21,33,57,Drip,74,Barley,Rice,Rice,High,76,24,54,77499,/content/drive/MyDrive/dataset/CyAUG-Dataset/Yellow_Soil/y (1517).jpeg
Loamy,6.08,55,16,45,35,Flood,85,Rice,Cotton,Groundnut,Medium,77,35,41,51748,/content/drive/MyDrive/dataset/CyAUG-Dataset/Yellow_Soil/27.jpg
Silty,5.82,36,35,28,59,Sprinkler,67,Maize,Wheat,Maize,High,117,26,56,34924,/content/drive/MyDrive/dataset/CyAUG-Dataset/Yellow_Soil/y (1250).jpeg
Silty,5.98,39,29,33,72,Flood,95,Millet,Sugarcane,Maize,High,85,35,77,48891,/content/drive/MyDrive/dataset/CyAUG-Dataset/Yellow_Soil/y (1611).jpeg
Clay,7.31,44,31,20,66,Sprinkler,91,Wheat,Groundnut,Groundnut,Low,128,30,41,29188,/content/drive/MyDrive/dataset/CyAUG-Dataset/Yellow_Soil/y (1551).jpeg
Loamy,5.57,55,31,31,45,Drip,65,Sugarcane,Sugarcane,Millet,Low,196,29,70,29111,/content/drive/MyDrive/dataset/CyAUG-Dataset/Yellow_Soil/y (1478).jpeg
Sandy,6.3,23,26,41,32,Flood,80,Sugarcane,Cotton,Millet,High,141,22,47,64050,/content/drive/MyDrive/dataset/CyAUG-Dataset/Yellow_Soil/7.jpg
Silty,7.24,21,39,49,54,Drip,92,Vegetables,Barley,Wheat,High,135,21,45,35462,/content/drive/MyDrive/dataset/CyAUG-Dataset/Yellow_Soil/y (1310).jpeg
Sandy,5.57,60,18,32,54,Sprinkler,55,Cotton,Wheat,Sugarcane,High,115,29,73,76621,/content/drive/MyDrive/dataset/CyAUG-Dataset/Yellow_Soil/y (1446).jpeg
Silty,6.14,22,22,27,31,Flood,83,Vegetables,Barley,Soybean,Medium,189,31,88,68440,/content/drive/MyDrive/dataset/CyAUG-Dataset/Yellow_Soil/61.jpg
Silty,6.25,41,32,33,38,Flood,75,Sugarcane,Groundnut,Maize,High,93,31,54,45273,/content/drive/MyDrive/dataset/CyAUG-Dataset/Yellow_Soil/y (1482).jpeg
Silty,7.24,44,37,50,37,Sprinkler,91,Maize,Barley,Cotton,Low,196,29,52,32607,/content/drive/MyDrive/dataset/CyAUG-Dataset/Yellow_Soil/y (1366).jpeg
Sandy,7.01,26,24,47,37,Drip,66,Groundnut,Soybean,Groundnut,Low,73,33,77,24755,/content/drive/MyDrive/dataset/CyAUG-Dataset/Yellow_Soil/y (1384).jpeg
Sandy,7.36,50,32,47,67,Flood,76,Sugarcane,Vegetables,Cotton,High,126,24,86,48422,/content/drive/MyDrive/dataset/CyAUG-Dataset/Yellow_Soil/y (1190).jpeg
Sandy,5.66,51,23,35,78,Sprinkler,94,Millet,Sugarcane,Sugarcane,High,163,22,52,31261,/content/drive/MyDrive/dataset/CyAUG-Dataset/Yellow_Soil/y (1389).jpeg
Sandy,6.75,23,40,36,43,Flood,69,Vegetables,Vegetables,Millet,Medium,64,27,90,44281,/content/drive/MyDrive/dataset/CyAUG-Dataset/Yellow_Soil/y (1507).jpeg
Silty,6.04,53,31,48,49,Flood,84,Soybean,Barley,Vegetables,Medium,113,24,40,65413,/content/drive/MyDrive/dataset/CyAUG-Dataset/Yellow_Soil/y (1191).jpeg
Clay,7.13,56,15,49,58,Sprinkler,89,Sugarcane,Maize,Rice,Low,134,21,59,30743,/content/drive/MyDrive/dataset/CyAUG-Dataset/Yellow_Soil/y (1473).jpeg
Silty,5.78,36,26,48,63,Drip,51,Sugarcane,Rice,Soybean,Low,72,21,46,32807,/content/drive/MyDrive/dataset/CyAUG-Dataset/Yellow_Soil/y (1313).jpeg
Clay,5.7,21,33,44,39,Sprinkler,93,Millet,Wheat,Sugarcane,High,128,29,59,36323,/content/drive/MyDrive/dataset/CyAUG-Dataset/Yellow_Soil/55.jpg
Silty,6.46,23,17,38,36,Flood,80,Cotton,Sugarcane,Soybean,High,145,26,77,47996,/content/drive/MyDrive/dataset/CyAUG-Dataset/Yellow_Soil/y (1483).jpeg
Sandy,6.94,58,29,25,41,Flood,60,Vegetables,Cotton,Soybean,Low,172,35,90,22605,/content/drive/MyDrive/dataset/CyAUG-Dataset/Yellow_Soil/y (1196).jpeg
Clay,5.59,52,24,34,40,Sprinkler,60,Barley,Sugarcane,Rice,High,91,20,52,38890,/content/drive/MyDrive/dataset/CyAUG-Dataset/Yellow_Soil/y (1511).jpeg
Sandy,7.36,48,31,28,56,Flood,95,Wheat,Maize,Wheat,High,91,35,73,70723,/content/drive/MyDrive/dataset/CyAUG-Dataset/Yellow_Soil/21a.jpg
Silty,5.82,30,27,39,55,Sprinkler,67,Cotton,Rice,Millet,Low,66,32,82,41398,/content/drive/MyDrive/dataset/CyAUG-Dataset/Yellow_Soil/y (1267).jpeg
Sandy,6.06,47,20,37,42,Drip,64,Maize,Vegetables,Soybean,Medium,198,31,73,71877,/content/drive/MyDrive/dataset/CyAUG-Dataset/Yellow_Soil/y (1520).jpeg
Sandy,6.92,29,37,45,44,Flood,76,Wheat,Rice,Sugarcane,Low,59,26,72,33291,/content/drive/MyDrive/dataset/CyAUG-Dataset/Yellow_Soil/y (1435).jpeg
Sandy,5.83,41,35,35,64,Sprinkler,86,Cotton,Maize,Groundnut,Medium,68,30,48,36905,/content/drive/MyDrive/dataset/CyAUG-Dataset/Yellow_Soil/y (1274).jpeg
Silty,7.03,45,35,30,48,Flood,75,Maize,Groundnut,Barley,Low,170,22,59,62541,/content/drive/MyDrive/dataset/CyAUG-Dataset/Yellow_Soil/y (1617).jpeg
Silty,6.29,52,28,42,34,Sprinkler,76,Groundnut,Cotton,Wheat,Low,190,35,58,63448,/content/drive/MyDrive/dataset/CyAUG-Dataset/Yellow_Soil/y (1382).jpeg
Clay,7.49,35,38,34,31,Flood,51,Soybean,Rice,Vegetables,Low,117,34,49,74075,/content/drive/MyDrive/dataset/CyAUG-Dataset/Yellow_Soil/y (1608).jpeg
Loamy,6.94,54,27,24,69,Flood,64,Maize,Vegetables,Groundnut,High,67,30,64,23658,/content/drive/MyDrive/dataset/CyAUG-Dataset/Yellow_Soil/y (1176).jpeg
Loamy,5.94,35,33,47,46,Sprinkler,62,Sugarcane,Groundnut,Soybean,Low,58,27,51,27275,/content/drive/MyDrive/dataset/CyAUG-Dataset/Yellow_Soil/y (1210).jpeg
Clay,7.13,42,28,26,51,Drip,89,Groundnut,Maize,Millet,High,73,25,88,31629,/content/drive/MyDrive/dataset/CyAUG-Dataset/Yellow_Soil/y (1586).jpeg
Loamy,5.56,29,26,40,53,Drip,59,Rice,Millet,Maize,Medium,136,33,84,59169,/content/drive/MyDrive/dataset/CyAUG-Dataset/Yellow_Soil/y (1270).jpeg
Loamy,6.34,46,15,34,56,Drip,79,Wheat,Wheat,Cotton,High,189,26,84,79329,/content/drive/MyDrive/dataset/CyAUG-Dataset/Yellow_Soil/y (1188).jpeg
Loamy,6.76,24,24,26,71,Drip,74,Vegetables,Sugarcane,Wheat,Low,116,33,90,50324,/content/drive/MyDrive/dataset/CyAUG-Dataset/Yellow_Soil/y (1613).jpeg
Clay,6.07,47,15,42,67,Sprinkler,50,Millet,Vegetables,Cotton,Medium,52,31,68,58429,/content/drive/MyDrive/dataset/CyAUG-Dataset/Yellow_Soil/45.jpg
Loamy,7.16,32,36,44,80,Drip,90,Cotton,Barley,Soybean,High,51,29,84,47186,/content/drive/MyDrive/dataset/CyAUG-Dataset/Yellow_Soil/y (1264).jpeg
Clay,7.13,37,35,31,43,Sprinkler,62,Vegetables,Maize,Groundnut,Low,57,22,79,28876,/content/drive/MyDrive/dataset/CyAUG-Dataset/Yellow_Soil/y (1168).jpeg
Silty,6.86,30,39,33,46,Flood,75,Soybean,Barley,Vegetables,Low,145,35,59,42355,/content/drive/MyDrive/dataset/CyAUG-Dataset/Yellow_Soil/24.jpg
Silty,6.57,24,39,40,79,Sprinkler,79,Barley,Wheat,Barley,Medium,181,34,61,72943,/content/drive/MyDrive/dataset/CyAUG-Dataset/Yellow_Soil/y (1486).jpeg
Sandy,6.94,20,24,39,41,Flood,80,Rice,Maize,Rice,High,111,33,73,24957,/content/drive/MyDrive/dataset/CyAUG-Dataset/Yellow_Soil/y (1571).jpeg
Sandy,6.62,52,35,26,62,Drip,76,Sugarcane,Wheat,Soybean,Medium,75,24,70,54420,/content/drive/MyDrive/dataset/CyAUG-Dataset/Yellow_Soil/y (1184).jpeg
Loamy,7.05,22,15,47,72,Drip,85,Groundnut,Barley,Barley,Medium,73,29,79,25818,/content/drive/MyDrive/dataset/CyAUG-Dataset/Yellow_Soil/y (1292).jpeg
Sandy,6.86,30,17,21,64,Drip,69,Cotton,Rice,Millet,Low,182,28,60,56295,/content/drive/MyDrive/dataset/CyAUG-Dataset/Yellow_Soil/y (1600).jpeg
Sandy,7.33,59,37,37,66,Drip,72,Groundnut,Millet,Soybean,Medium,59,28,85,58362,/content/drive/MyDrive/dataset/CyAUG-Dataset/Yellow_Soil/y (1290).jpeg
Clay,6.21,25,34,27,36,Drip,52,Rice,Sugarcane,Rice,High,113,33,55,52046,/content/drive/MyDrive/dataset/CyAUG-Dataset/Yellow_Soil/y (1564).jpeg
Silty,6.85,36,16,38,76,Flood,65,Maize,Soybean,Maize,Medium,55,34,58,66699,/content/drive/MyDrive/dataset/CyAUG-Dataset/Yellow_Soil/81.jpg
Sandy,5.76,40,27,33,44,Flood,91,Vegetables,Vegetables,Barley,Medium,158,29,89,29859,/content/drive/MyDrive/dataset/CyAUG-Dataset/Yellow_Soil/y (1419).jpeg
Silty,6.99,21,35,34,74,Drip,80,Cotton,Millet,Maize,Low,158,29,44,75471,/content/drive/MyDrive/dataset/CyAUG-Dataset/Yellow_Soil/y (1545).jpeg
Loamy,6.32,53,36,24,50,Flood,91,Soybean,Vegetables,Sugarcane,Medium,119,22,63,48103,/content/drive/MyDrive/dataset/CyAUG-Dataset/Yellow_Soil/y (1282).jpeg
Clay,7.41,39,33,30,48,Sprinkler,75,Maize,Millet,Cotton,Medium,83,32,61,60691,/content/drive/MyDrive/dataset/CyAUG-Dataset/Yellow_Soil/y (1347).jpeg
Silty,5.74,29,18,37,64,Sprinkler,85,Cotton,Groundnut,Soybean,Medium,97,26,90,39566,/content/drive/MyDrive/dataset/CyAUG-Dataset/Yellow_Soil/y (1518).jpeg
Sandy,7.19,42,38,27,32,Flood,78,Wheat,Barley,Soybean,High,127,25,77,24700,/content/drive/MyDrive/dataset/CyAUG-Dataset/Yellow_Soil/y (1464).jpeg
Clay,6.17,23,24,34,33,Drip,64,Soybean,Millet,Groundnut,High,76,31,89,30563,/content/drive/MyDrive/dataset/CyAUG-Dataset/Yellow_Soil/y (1425).jpeg
Silty,7.12,26,25,42,49,Drip,62,Rice,Rice,Cotton,Medium,117,30,89,30410,/content/drive/MyDrive/dataset/CyAUG-Dataset/Yellow_Soil/y (1489).jpeg
Loamy,6.28,50,40,35,33,Flood,70,Cotton,Cotton,Cotton,High,156,22,85,47783,/content/drive/MyDrive/dataset/CyAUG-Dataset/Yellow_Soil/y (1438).jpeg
Loamy,6.34,32,19,26,64,Flood,76,Maize,Rice,Vegetables,Medium,145,28,63,54294,/content/drive/MyDrive/dataset/CyAUG-Dataset/Yellow_Soil/y (1247).jpeg
Sandy,6.87,21,34,31,68,Flood,55,Groundnut,Wheat,Maize,High,51,26,57,45831,/content/drive/MyDrive/dataset/CyAUG-Dataset/Yellow_Soil/56.jpg
Silty,6.57,49,29,27,72,Sprinkler,94,Soybean,Cotton,Wheat,Low,158,31,61,47192,/content/drive/MyDrive/dataset/CyAUG-Dataset/Yellow_Soil/y (1308).jpeg
Loamy,5.76,36,22,30,38,Drip,90,Wheat,Sugarcane,Soybean,Low,183,29,73,54651,/content/drive/MyDrive/dataset/CyAUG-Dataset/Yellow_Soil/y (1211).jpeg
Sandy,6.32,48,30,40,70,Drip,73,Wheat,Wheat,Cotton,Low,172,21,60,60414,/content/drive/MyDrive/dataset/CyAUG-Dataset/Yellow_Soil/y (1255).jpeg
Silty,7.41,50,19,25,63,Sprinkler,76,Vegetables,Vegetables,Sugarcane,Medium,182,33,40,25241,/content/drive/MyDrive/dataset/CyAUG-Dataset/Yellow_Soil/y (1500).jpeg
Sandy,6.34,37,22,21,51,Drip,81,Maize,Wheat,Millet,Medium,107,20,75,72342,/content/drive/MyDrive/dataset/CyAUG-Dataset/Yellow_Soil/y (1291).jpeg
Loamy,6.74,21,15,37,59,Sprinkler,84,Barley,Millet,Soybean,Low,133,22,52,33786,/content/drive/MyDrive/dataset/CyAUG-Dataset/Yellow_Soil/y (1224).jpeg
Silty,7.28,23,29,48,80,Flood,68,Soybean,Vegetables,Sugarcane,Low,62,31,42,35327,/content/drive/MyDrive/dataset/CyAUG-Dataset/Yellow_Soil/6.jpg
Clay,6.85,44,20,39,71,Sprinkler,81,Barley,Millet,Sugarcane,High,69,26,83,70080,/content/drive/MyDrive/dataset/CyAUG-Dataset/Yellow_Soil/y (1515).jpeg
Clay,5.76,27,27,45,70,Flood,84,Cotton,Cotton,Wheat,High,76,26,42,43055,/content/drive/MyDrive/dataset/CyAUG-Dataset/Yellow_Soil/y (1529).jpeg
Clay,6.92,28,26,33,36,Drip,57,Soybean,Soybean,Barley,Medium,171,33,88,66329,/content/drive/MyDrive/dataset/CyAUG-Dataset/Yellow_Soil/y (1615).jpeg
Loamy,7.37,28,24,20,52,Flood,93,Barley,Vegetables,Rice,High,157,35,48,39036,/content/drive/MyDrive/dataset/CyAUG-Dataset/Yellow_Soil/y (1405).jpeg
Sandy,5.9,28,35,34,45,Sprinkler,78,Vegetables,Groundnut,Groundnut,Medium,67,24,55,27045,/content/drive/MyDrive/dataset/CyAUG-Dataset/Yellow_Soil/y (1620).jpeg
Clay,6.97,29,39,42,58,Sprinkler,59,Vegetables,Cotton,Millet,Medium,172,30,50,50535,/content/drive/MyDrive/dataset/CyAUG-Dataset/Yellow_Soil/y (1417).jpeg
Silty,7.08,55,38,23,43,Drip,54,Groundnut,Sugarcane,Vegetables,Medium,80,35,70,54451,/content/drive/MyDrive/dataset/CyAUG-Dataset/Yellow_Soil/12b.jpg
Clay,7.05,50,19,37,35,Drip,89,Soybean,Groundnut,Sugarcane,High,151,26,64,48824,/content/drive/MyDrive/dataset/CyAUG-Dataset/Yellow_Soil/y (1324).jpeg
Silty,6.29,59,30,41,77,Sprinkler,64,Rice,Soybean,Maize,Low,187,28,86,47644,/content/drive/MyDrive/dataset/CyAUG-Dataset/Yellow_Soil/y (1348).jpeg
Clay,5.62,59,33,26,54,Drip,81,Maize,Sugarcane,Sugarcane,Low,149,31,80,68119,/content/drive/MyDrive/dataset/CyAUG-Dataset/Yellow_Soil/y (1171).jpeg
Sandy,6.41,36,25,30,61,Sprinkler,57,Groundnut,Cotton,Rice,Low,170,26,57,74426,/content/drive/MyDrive/dataset/CyAUG-Dataset/Yellow_Soil/y (1549).jpeg
Sandy,5.95,31,16,32,51,Flood,54,Cotton,Rice,Wheat,High,67,31,57,44085,/content/drive/MyDrive/dataset/CyAUG-Dataset/Yellow_Soil/y (1525).jpeg
Silty,7.24,54,35,30,41,Drip,57,Barley,Soybean,Maize,Medium,85,34,47,78977,/content/drive/MyDrive/dataset/CyAUG-Dataset/Yellow_Soil/y (1470).jpeg
Loamy,6.36,30,40,44,41,Drip,71,Maize,Sugarcane,Groundnut,Medium,189,32,87,61867,/content/drive/MyDrive/dataset/CyAUG-Dataset/Yellow_Soil/y (1598).jpeg
Loamy,6.84,35,29,37,58,Drip,67,Cotton,Rice,Groundnut,Medium,176,20,57,68532,/content/drive/MyDrive/dataset/CyAUG-Dataset/Yellow_Soil/33.jpg
Sandy,7.23,42,38,35,48,Drip,80,Maize,Maize,Rice,High,71,22,53,70176,/content/drive/MyDrive/dataset/CyAUG-Dataset/Yellow_Soil/y (1244).jpeg
Loamy,6.63,44,25,47,46,Drip,60,Barley,Cotton,Maize,Medium,199,27,46,71019,/content/drive/MyDrive/dataset/CyAUG-Dataset/Yellow_Soil/y (1288).jpeg
Sandy,6.91,37,21,40,79,Drip,78,Barley,Rice,Barley,Medium,95,31,59,23256,/content/drive/MyDrive/dataset/CyAUG-Dataset/Yellow_Soil/y (1454).jpeg
Sandy,5.94,34,27,40,53,Drip,51,Rice,Millet,Wheat,High,80,32,60,56835,/content/drive/MyDrive/dataset/CyAUG-Dataset/Yellow_Soil/y (1306).jpeg
Clay,5.69,40,21,20,54,Drip,95,Vegetables,Millet,Rice,High,191,22,72,20820,/content/drive/MyDrive/dataset/CyAUG-Dataset/Yellow_Soil/y (1411).jpeg
Clay,5.65,47,16,33,34,Drip,71,Rice,Soybean,Groundnut,Low,98,32,64,56895,/content/drive/MyDrive/dataset/CyAUG-Dataset/Yellow_Soil/y (1441).jpeg
Silty,7.22,41,24,50,38,Sprinkler,61,Wheat,Millet,Sugarcane,High,75,27,62,44932,/content/drive/MyDrive/dataset/CyAUG-Dataset/Yellow_Soil/y (1574).jpeg
Silty,6.65,56,23,46,78,Drip,93,Maize,Soybean,Rice,High,73,21,44,25963,/content/drive/MyDrive/dataset/CyAUG-Dataset/Yellow_Soil/y (1269).jpeg
Sandy,7.08,23,22,35,48,Drip,67,Sugarcane,Groundnut,Rice,Medium,131,22,78,58029,/content/drive/MyDrive/dataset/CyAUG-Dataset/Yellow_Soil/y (1589).jpeg
Loamy,5.82,23,16,48,68,Flood,55,Soybean,Millet,Vegetables,Low,170,28,86,50580,/content/drive/MyDrive/dataset/CyAUG-Dataset/Yellow_Soil/215.jpg
Loamy,7.47,59,22,41,76,Drip,52,Millet,Maize,Vegetables,Medium,193,31,60,77140,/content/drive/MyDrive/dataset/CyAUG-Dataset/Yellow_Soil/y (1221).jpeg
Loamy,5.54,50,28,25,35,Sprinkler,71,Vegetables,Wheat,Barley,Low,197,35,68,25532,/content/drive/MyDrive/dataset/CyAUG-Dataset/Yellow_Soil/y (1350).jpeg
Sandy,5.86,22,36,37,78,Flood,91,Sugarcane,Sugarcane,Sugarcane,Medium,62,34,66,62087,/content/drive/MyDrive/dataset/CyAUG-Dataset/Yellow_Soil/y (1479).jpeg
Silty,6.05,46,18,35,68,Flood,60,Barley,Maize,Soybean,Medium,140,29,80,32353,/content/drive/MyDrive/dataset/CyAUG-Dataset/Yellow_Soil/y (1225).jpeg
Clay,5.55,22,23,22,62,Drip,63,Soybean,Groundnut,Barley,Medium,75,29,70,55207,/content/drive/MyDrive/dataset/CyAUG-Dataset/Yellow_Soil/41a.jpg
Loamy,6.8,57,40,21,46,Sprinkler,83,Soybean,Maize,Vegetables,Medium,136,26,81,24841,/content/drive/MyDrive/dataset/CyAUG-Dataset/Yellow_Soil/42.jpg
Clay,7.42,20,24,21,58,Flood,79,Vegetables,Vegetables,Millet,High,128,24,66,50045,/content/drive/MyDrive/dataset/CyAUG-Dataset/Yellow_Soil/y (1516).jpeg
Silty,6.03,51,20,34,52,Sprinkler,75,Soybean,Rice,Vegetables,Low,199,29,58,59110,/content/drive/MyDrive/dataset/CyAUG-Dataset/Yellow_Soil/y (1557).jpeg
Sandy,6.18,28,22,31,54,Drip,61,Sugarcane,Soybean,Groundnut,Low,65,21,88,72783,/content/drive/MyDrive/dataset/CyAUG-Dataset/Yellow_Soil/y (1550).jpeg
Silty,5.76,37,40,26,42,Sprinkler,90,Rice,Rice,Maize,Medium,164,27,46,43957,/content/drive/MyDrive/dataset/CyAUG-Dataset/Yellow_Soil/y (1450).jpeg
Loamy,7.47,22,16,30,44,Sprinkler,74,Groundnut,Millet,Millet,Low,175,35,66,68741,/content/drive/MyDrive/dataset/CyAUG-Dataset/Yellow_Soil/43.jpg
Sandy,6.37,53,39,38,61,Sprinkler,88,Maize,Groundnut,Rice,High,194,26,87,30612,/content/drive/MyDrive/dataset/CyAUG-Dataset/Yellow_Soil/y (1523).jpeg
Loamy,6.35,36,36,31,64,Drip,95,Sugarcane,Barley,Groundnut,Low,123,24,69,51118,/content/drive/MyDrive/dataset/CyAUG-Dataset/Yellow_Soil/14.jpg
Sandy,7.5,43,27,22,54,Drip,66,Millet,Wheat,Rice,Low,158,35,72,42683,/content/drive/MyDrive/dataset/CyAUG-Dataset/Yellow_Soil/y (1338).jpeg
Sandy,6.64,39,33,48,54,Sprinkler,50,Rice,Rice,Rice,Low,190,32,42,30223,/content/drive/MyDrive/dataset/CyAUG-Dataset/Yellow_Soil/y (1426).jpeg
Silty,6.08,36,28,27,58,Sprinkler,92,Barley,Wheat,Cotton,Medium,94,34,71,79203,/content/drive/MyDrive/dataset/CyAUG-Dataset/Yellow_Soil/y (1532).jpeg
Silty,6.92,57,34,34,70,Flood,87,Rice,Rice,Vegetables,High,200,23,50,29733,/content/drive/MyDrive/dataset/CyAUG-Dataset/Yellow_Soil/y (1251).jpeg
Silty,6.99,42,28,49,34,Drip,62,Sugarcane,Groundnut,Rice,Medium,195,24,67,27127,/content/drive/MyDrive/dataset/CyAUG-Dataset/Yellow_Soil/y (1596).jpeg
Clay,7.23,46,39,29,69,Drip,85,Rice,Wheat,Sugarcane,Low,174,26,46,43204,/content/drive/MyDrive/dataset/CyAUG-Dataset/Yellow_Soil/y (1297).jpeg
Silty,7.49,38,20,29,66,Flood,65,Barley,Groundnut,Millet,Medium,148,21,57,37720,/content/drive/MyDrive/dataset/CyAUG-Dataset/Red_Soil/r (177).jpeg
Silty,6.05,43,30,23,33,Flood,54,Groundnut,Barley,Sugarcane,Low,196,31,47,36101,/content/drive/MyDrive/dataset/CyAUG-Dataset/Red_Soil/r (206).jpeg
Loamy,7.47,38,33,24,75,Flood,86,Wheat,Millet,Millet,Low,119,34,72,69581,/content/drive/MyDrive/dataset/CyAUG-Dataset/Red_Soil/55.jpg
Loamy,5.57,59,16,21,41,Sprinkler,61,Groundnut,Wheat,Cotton,Low,90,35,53,31801,/content/drive/MyDrive/dataset/CyAUG-Dataset/Red_Soil/r (4).jpeg
Clay,5.85,34,36,45,65,Flood,90,Millet,Millet,Wheat,High,68,21,57,77215,/content/drive/MyDrive/dataset/CyAUG-Dataset/Red_Soil/r (140).jpeg
Silty,6.9,53,26,44,67,Sprinkler,50,Maize,Rice,Vegetables,Medium,152,21,81,28432,/content/drive/MyDrive/dataset/CyAUG-Dataset/Red_Soil/r (457).jpeg
Sandy,6.55,31,40,33,64,Drip,95,Vegetables,Maize,Rice,High,109,20,86,72775,/content/drive/MyDrive/dataset/CyAUG-Dataset/Red_Soil/r (40).jpeg
Clay,6.65,24,30,41,59,Drip,66,Cotton,Wheat,Soybean,Medium,158,28,51,59791,/content/drive/MyDrive/dataset/CyAUG-Dataset/Red_Soil/r (356).jpeg
Clay,7.45,44,35,24,56,Flood,69,Barley,Rice,Barley,Low,171,32,78,78842,/content/drive/MyDrive/dataset/CyAUG-Dataset/Red_Soil/r (441).jpeg
Sandy,6.07,54,35,26,80,Sprinkler,94,Maize,Cotton,Wheat,Low,67,31,83,39049,/content/drive/MyDrive/dataset/CyAUG-Dataset/Red_Soil/r (530).jpeg
Silty,6.68,34,35,43,45,Flood,63,Maize,Wheat,Groundnut,Medium,135,32,43,23472,/content/drive/MyDrive/dataset/CyAUG-Dataset/Red_Soil/r (146).jpeg
Clay,7.42,29,22,39,34,Drip,79,Maize,Barley,Vegetables,Medium,197,27,61,67725,/content/drive/MyDrive/dataset/CyAUG-Dataset/Red_Soil/18c.jpg
Loamy,5.73,28,16,36,68,Sprinkler,60,Wheat,Maize,Groundnut,High,81,32,40,65359,/content/drive/MyDrive/dataset/CyAUG-Dataset/Red_Soil/r (435).jpeg
Silty,6.73,60,24,33,50,Flood,94,Barley,Soybean,Maize,Medium,112,23,41,61374,/content/drive/MyDrive/dataset/CyAUG-Dataset/Red_Soil/r (276).jpeg
Loamy,5.73,29,19,34,50,Drip,88,Maize,Vegetables,Vegetables,High,64,31,63,43766,/content/drive/MyDrive/dataset/CyAUG-Dataset/Red_Soil/r (469).jpeg
Sandy,5.6,37,23,27,61,Flood,76,Groundnut,Groundnut,Maize,Low,82,24,49,62793,/content/drive/MyDrive/dataset/CyAUG-Dataset/Red_Soil/r (283).jpeg
Clay,7.32,54,24,37,69,Sprinkler,71,Groundnut,Sugarcane,Vegetables,Medium,148,20,73,68542,/content/drive/MyDrive/dataset/CyAUG-Dataset/Red_Soil/r (510).jpeg
Sandy,7.28,42,31,49,69,Flood,69,Groundnut,Sugarcane,Sugarcane,High,187,27,42,63065,/content/drive/MyDrive/dataset/CyAUG-Dataset/Red_Soil/r (429).jpeg
Sandy,6.48,38,24,32,58,Drip,70,Wheat,Maize,Cotton,High,74,20,67,67795,/content/drive/MyDrive/dataset/CyAUG-Dataset/Red_Soil/r (366).jpeg
Silty,6.88,58,39,45,32,Sprinkler,50,Rice,Wheat,Sugarcane,Medium,196,21,89,30615,/content/drive/MyDrive/dataset/CyAUG-Dataset/Red_Soil/r (103).jpeg
Silty,6.13,44,38,29,69,Sprinkler,56,Wheat,Millet,Maize,High,172,25,61,61103,/content/drive/MyDrive/dataset/CyAUG-Dataset/Red_Soil/r (109).jpeg
Loamy,7.45,27,40,38,65,Sprinkler,92,Barley,Barley,Soybean,High,89,22,58,41963,/content/drive/MyDrive/dataset/CyAUG-Dataset/Red_Soil/r (284).jpeg
Loamy,5.57,53,34,32,41,Sprinkler,82,Sugarcane,Cotton,Cotton,Low,193,32,40,31408,/content/drive/MyDrive/dataset/CyAUG-Dataset/Red_Soil/r (361).jpeg
Silty,7.36,35,31,42,66,Flood,54,Cotton,Groundnut,Sugarcane,Low,108,26,78,63956,/content/drive/MyDrive/dataset/CyAUG-Dataset/Red_Soil/r (417).jpeg
Loamy,6.5,38,33,35,65,Flood,66,Soybean,Barley,Millet,High,122,26,51,65839,/content/drive/MyDrive/dataset/CyAUG-Dataset/Red_Soil/r (347).jpeg
Silty,5.75,27,33,40,74,Sprinkler,57,Millet,Vegetables,Sugarcane,Medium,163,25,42,30992,/content/drive/MyDrive/dataset/CyAUG-Dataset/Red_Soil/r (243).jpeg
Sandy,6.98,29,17,40,64,Sprinkler,81,Maize,Vegetables,Rice,Low,95,26,74,58536,/content/drive/MyDrive/dataset/CyAUG-Dataset/Red_Soil/r (523).jpeg
Loamy,6.39,54,25,21,79,Sprinkler,61,Rice,Maize,Barley,High,84,31,42,50713,/content/drive/MyDrive/dataset/CyAUG-Dataset/Red_Soil/r (355).jpeg
Clay,7.21,39,32,33,55,Drip,88,Rice,Maize,Maize,High,119,35,60,71015,/content/drive/MyDrive/dataset/CyAUG-Dataset/Red_Soil/r (33).jpeg
Loamy,6.87,30,35,43,49,Drip,74,Barley,Vegetables,Groundnut,Low,152,24,61,22488,/content/drive/MyDrive/dataset/CyAUG-Dataset/Red_Soil/r (1005).jpeg
Sandy,6.08,44,27,31,80,Flood,53,Barley,Soybean,Sugarcane,Medium,76,32,85,47541,/content/drive/MyDrive/dataset/CyAUG-Dataset/Red_Soil/34.jpg
Loamy,6.17,52,17,27,70,Drip,66,Millet,Cotton,Millet,Low,81,27,51,50870,/content/drive/MyDrive/dataset/CyAUG-Dataset/Red_Soil/r (445).jpeg
Sandy,7.25,35,32,30,52,Drip,58,Groundnut,Rice,Vegetables,High,118,25,50,76239,/content/drive/MyDrive/dataset/CyAUG-Dataset/Red_Soil/r (385).jpeg
Clay,6.52,47,15,50,57,Flood,95,Sugarcane,Rice,Soybean,Medium,70,32,61,26978,/content/drive/MyDrive/dataset/CyAUG-Dataset/Red_Soil/r (337).jpeg
Loamy,7.36,45,37,47,33,Sprinkler,53,Rice,Barley,Rice,Medium,61,22,69,22675,/content/drive/MyDrive/dataset/CyAUG-Dataset/Red_Soil/r (13).jpeg
Silty,6.32,36,28,29,37,Flood,57,Vegetables,Wheat,Soybean,High,78,23,76,54604,/content/drive/MyDrive/dataset/CyAUG-Dataset/Red_Soil/r (394).jpeg
Clay,5.52,58,19,45,77,Drip,80,Vegetables,Groundnut,Millet,Low,161,33,48,44840,/content/drive/MyDrive/dataset/CyAUG-Dataset/Red_Soil/r (434).jpeg
Sandy,5.94,44,40,36,66,Flood,57,Cotton,Barley,Rice,Low,182,34,46,70650,/content/drive/MyDrive/dataset/CyAUG-Dataset/Red_Soil/70.jpg
Silty,6.09,26,29,50,30,Flood,62,Vegetables,Cotton,Barley,Medium,148,25,69,52993,/content/drive/MyDrive/dataset/CyAUG-Dataset/Red_Soil/43.jpg
Sandy,6.42,23,26,20,77,Sprinkler,58,Rice,Soybean,Cotton,High,72,27,88,44834,/content/drive/MyDrive/dataset/CyAUG-Dataset/Red_Soil/r (406).jpeg
Clay,6.55,20,25,23,69,Flood,80,Sugarcane,Maize,Millet,Low,127,22,79,52535,/content/drive/MyDrive/dataset/CyAUG-Dataset/Red_Soil/86.jpg
Loamy,5.75,38,31,44,61,Sprinkler,77,Cotton,Vegetables,Cotton,Low,81,22,41,35648,/content/drive/MyDrive/dataset/CyAUG-Dataset/Red_Soil/r (275).jpeg
Silty,6.91,56,16,29,61,Sprinkler,73,Sugarcane,Cotton,Rice,High,124,21,43,71596,/content/drive/MyDrive/dataset/CyAUG-Dataset/Red_Soil/r (229).jpeg
Clay,6.46,34,31,48,53,Drip,82,Millet,Wheat,Maize,Medium,106,23,62,51444,/content/drive/MyDrive/dataset/CyAUG-Dataset/Red_Soil/4a.jpg
Silty,7.43,21,31,41,38,Flood,61,Wheat,Barley,Sugarcane,High,194,20,63,23789,/content/drive/MyDrive/dataset/CyAUG-Dataset/Red_Soil/r (480).jpeg
Silty,6.64,57,34,32,62,Flood,72,Groundnut,Groundnut,Soybean,High,174,24,71,75499,/content/drive/MyDrive/dataset/CyAUG-Dataset/Red_Soil/62.jpg
Clay,7.33,23,23,45,76,Drip,95,Sugarcane,Soybean,Maize,High,57,29,75,26766,/content/drive/MyDrive/dataset/CyAUG-Dataset/Red_Soil/51.jpg
Sandy,6.34,36,22,49,39,Drip,53,Vegetables,Millet,Wheat,Low,128,29,45,48218,/content/drive/MyDrive/dataset/CyAUG-Dataset/Red_Soil/r (303).jpeg
Clay,7.06,36,21,42,62,Sprinkler,57,Rice,Barley,Sugarcane,Low,186,23,63,65247,/content/drive/MyDrive/dataset/CyAUG-Dataset/Red_Soil/r (409).jpeg
Silty,5.93,33,28,33,76,Sprinkler,82,Groundnut,Barley,Barley,Medium,181,27,63,21859,/content/drive/MyDrive/dataset/CyAUG-Dataset/Red_Soil/r (309).jpeg
Clay,7.47,55,31,34,75,Flood,62,Barley,Cotton,Barley,Low,53,31,49,27159,/content/drive/MyDrive/dataset/CyAUG-Dataset/Red_Soil/r (382).jpeg
Clay,7.18,20,33,25,63,Flood,53,Sugarcane,Soybean,Millet,High,130,22,46,79800,/content/drive/MyDrive/dataset/CyAUG-Dataset/Red_Soil/r (1010).jpeg
Silty,5.51,22,38,46,72,Drip,75,Vegetables,Cotton,Soybean,Medium,126,25,83,59313,/content/drive/MyDrive/dataset/CyAUG-Dataset/Red_Soil/r (238).jpeg
Loamy,6.53,37,16,30,72,Sprinkler,55,Soybean,Rice,Soybean,High,97,25,75,21267,/content/drive/MyDrive/dataset/CyAUG-Dataset/Red_Soil/r (329).jpeg
Silty,5.85,37,23,39,56,Drip,72,Vegetables,Sugarcane,Wheat,Medium,195,32,61,39598,/content/drive/MyDrive/dataset/CyAUG-Dataset/Red_Soil/r (122).jpeg
Clay,5.76,45,36,22,40,Sprinkler,56,Soybean,Sugarcane,Sugarcane,High,51,21,40,48167,/content/drive/MyDrive/dataset/CyAUG-Dataset/Red_Soil/r (391).jpeg
Silty,7.0,22,30,20,47,Drip,65,Vegetables,Wheat,Soybean,Medium,103,30,57,51473,/content/drive/MyDrive/dataset/CyAUG-Dataset/Red_Soil/r (156).jpeg
Clay,6.07,38,15,43,62,Drip,91,Groundnut,Rice,Rice,High,73,21,71,66434,/content/drive/MyDrive/dataset/CyAUG-Dataset/Red_Soil/r (364).jpeg
Silty,6.17,59,22,38,64,Sprinkler,69,Barley,Rice,Sugarcane,High,196,34,48,74974,/content/drive/MyDrive/dataset/CyAUG-Dataset/Red_Soil/r (148).jpeg
Sandy,5.6,60,28,36,59,Flood,73,Vegetables,Vegetables,Barley,Low,131,26,82,54410,/content/drive/MyDrive/dataset/CyAUG-Dataset/Red_Soil/r (143).jpeg
Clay,5.66,57,23,22,44,Flood,65,Rice,Sugarcane,Rice,Medium,89,21,63,39603,/content/drive/MyDrive/dataset/CyAUG-Dataset/Red_Soil/r (460).jpeg
Sandy,7.11,59,38,40,42,Drip,58,Rice,Groundnut,Millet,Medium,188,29,41,20949,/content/drive/MyDrive/dataset/CyAUG-Dataset/Red_Soil/r (474).jpeg
Sandy,6.37,41,22,49,79,Sprinkler,66,Cotton,Sugarcane,Vegetables,High,86,34,62,36418,/content/drive/MyDrive/dataset/CyAUG-Dataset/Red_Soil/r (237).jpeg
Sandy,7.3,52,36,49,37,Sprinkler,58,Millet,Soybean,Millet,Low,182,34,66,38462,/content/drive/MyDrive/dataset/CyAUG-Dataset/Red_Soil/r (380).jpeg
Loamy,6.38,29,21,42,68,Flood,91,Wheat,Cotton,Sugarcane,Medium,112,31,44,39910,/content/drive/MyDrive/dataset/CyAUG-Dataset/Red_Soil/r (14).jpeg
Loamy,6.1,26,25,28,45,Flood,93,Sugarcane,Soybean,Cotton,Low,87,34,62,53791,/content/drive/MyDrive/dataset/CyAUG-Dataset/Red_Soil/41.jpg
Sandy,5.63,50,18,25,43,Flood,85,Groundnut,Wheat,Soybean,Medium,189,27,70,39102,/content/drive/MyDrive/dataset/CyAUG-Dataset/Red_Soil/r (200).jpeg
Clay,6.06,49,35,26,73,Flood,95,Groundnut,Maize,Cotton,Low,142,32,65,43353,/content/drive/MyDrive/dataset/CyAUG-Dataset/Red_Soil/r (528).jpeg
Sandy,6.56,20,17,30,56,Drip,61,Vegetables,Rice,Soybean,High,176,31,73,26055,/content/drive/MyDrive/dataset/CyAUG-Dataset/Red_Soil/r (365).jpeg
Loamy,6.97,30,26,50,79,Drip,86,Wheat,Cotton,Maize,Medium,193,21,55,28083,/content/drive/MyDrive/dataset/CyAUG-Dataset/Red_Soil/r (333).jpeg
Sandy,6.08,50,19,25,36,Sprinkler,50,Cotton,Soybean,Rice,Low,163,29,64,42410,/content/drive/MyDrive/dataset/CyAUG-Dataset/Red_Soil/r (147).jpeg
Clay,6.34,43,33,31,39,Drip,73,Rice,Vegetables,Cotton,Low,157,26,54,34649,/content/drive/MyDrive/dataset/CyAUG-Dataset/Red_Soil/r (196).jpeg
Silty,7.25,36,16,37,66,Flood,58,Barley,Wheat,Groundnut,Low,137,32,45,73106,/content/drive/MyDrive/dataset/CyAUG-Dataset/Red_Soil/r (26).jpeg
Loamy,6.83,35,39,25,49,Drip,55,Barley,Barley,Cotton,Low,130,23,78,69399,/content/drive/MyDrive/dataset/CyAUG-Dataset/Red_Soil/76.jpg
Silty,6.19,55,15,42,47,Sprinkler,65,Sugarcane,Barley,Groundnut,High,109,21,57,37473,/content/drive/MyDrive/dataset/CyAUG-Dataset/Red_Soil/r (280).jpeg
Silty,7.45,49,15,29,65,Sprinkler,95,Maize,Sugarcane,Cotton,Medium,87,32,49,21259,/content/drive/MyDrive/dataset/CyAUG-Dataset/Red_Soil/r (224).jpeg
Silty,7.45,22,25,32,50,Drip,95,Maize,Maize,Vegetables,Medium,66,30,82,79132,/content/drive/MyDrive/dataset/CyAUG-Dataset/Red_Soil/r (203).jpeg
Clay,6.58,36,29,48,54,Flood,73,Soybean,Soybean,Barley,Medium,186,32,65,78492,/content/drive/MyDrive/dataset/CyAUG-Dataset/Red_Soil/r (375).jpeg
Loamy,7.42,27,27,50,39,Flood,90,Sugarcane,Millet,Vegetables,High,188,23,78,72341,/content/drive/MyDrive/dataset/CyAUG-Dataset/Red_Soil/r (1009).jpeg
Clay,6.31,49,18,26,48,Drip,62,Rice,Wheat,Groundnut,Low,95,31,48,28039,/content/drive/MyDrive/dataset/CyAUG-Dataset/Red_Soil/r (285).jpeg
Clay,6.65,28,21,33,47,Drip,82,Barley,Wheat,Sugarcane,High,170,21,52,29458,/content/drive/MyDrive/dataset/CyAUG-Dataset/Red_Soil/67.jpg
Loamy,6.55,45,15,35,52,Sprinkler,92,Millet,Groundnut,Cotton,High,61,29,43,43999,/content/drive/MyDrive/dataset/CyAUG-Dataset/Red_Soil/18.jpg
Clay,5.72,52,30,36,67,Sprinkler,53,Sugarcane,Millet,Vegetables,Medium,73,20,73,46700,/content/drive/MyDrive/dataset/CyAUG-Dataset/Red_Soil/r (433).jpeg
Sandy,7.4,33,19,30,67,Sprinkler,52,Maize,Millet,Cotton,Medium,83,22,69,57082,/content/drive/MyDrive/dataset/CyAUG-Dataset/Red_Soil/47.jpg
Clay,5.6,23,22,36,75,Drip,70,Groundnut,Cotton,Rice,High,85,29,46,25370,/content/drive/MyDrive/dataset/CyAUG-Dataset/Red_Soil/35.jpg
Clay,7.1,53,39,46,51,Drip,74,Cotton,Groundnut,Cotton,High,198,25,80,20609,/content/drive/MyDrive/dataset/CyAUG-Dataset/Red_Soil/r (158).jpeg
Sandy,7.43,49,29,33,46,Drip,95,Soybean,Soybean,Maize,Medium,146,25,58,30729,/content/drive/MyDrive/dataset/CyAUG-Dataset/Red_Soil/r (288).jpeg
Sandy,5.55,43,19,24,78,Flood,88,Barley,Barley,Sugarcane,Medium,178,23,46,49826,/content/drive/MyDrive/dataset/CyAUG-Dataset/Red_Soil/r (235).jpeg
Silty,6.28,31,36,26,75,Flood,89,Maize,Soybean,Vegetables,Medium,77,30,67,61424,/content/drive/MyDrive/dataset/CyAUG-Dataset/Red_Soil/r (403).jpeg
Clay,5.54,21,38,40,40,Drip,79,Groundnut,Millet,Maize,Medium,137,34,41,69726,/content/drive/MyDrive/dataset/CyAUG-Dataset/Red_Soil/r (1017).jpeg
Silty,5.83,21,23,44,40,Drip,64,Wheat,Barley,Cotton,High,61,35,72,62206,/content/drive/MyDrive/dataset/CyAUG-Dataset/Red_Soil/r (319).jpeg
Clay,6.35,52,37,29,66,Sprinkler,61,Wheat,Maize,Vegetables,High,172,24,65,67817,/content/drive/MyDrive/dataset/CyAUG-Dataset/Red_Soil/r (214).jpeg
Loamy,5.61,59,39,42,32,Drip,75,Rice,Soybean,Groundnut,High,63,24,82,29107,/content/drive/MyDrive/dataset/CyAUG-Dataset/Red_Soil/r (101).jpeg
Sandy,6.26,57,39,45,53,Sprinkler,64,Wheat,Maize,Soybean,High,177,23,77,50816,/content/drive/MyDrive/dataset/CyAUG-Dataset/Red_Soil/r (201).jpeg
Clay,5.97,43,15,48,50,Drip,93,Soybean,Soybean,Groundnut,Medium,67,27,64,49041,/content/drive/MyDrive/dataset/CyAUG-Dataset/Red_Soil/r (452).jpeg
Clay,6.72,53,29,23,74,Sprinkler,71,Barley,Cotton,Sugarcane,Low,196,28,80,37330,/content/drive/MyDrive/dataset/CyAUG-Dataset/Red_Soil/r (257).jpeg
Sandy,5.85,27,29,32,71,Drip,94,Sugarcane,Sugarcane,Cotton,Low,188,26,82,56261,/content/drive/MyDrive/dataset/CyAUG-Dataset/Red_Soil/r (478).jpeg
Clay,5.83,20,37,47,31,Flood,74,Maize,Barley,Maize,High,81,26,45,35794,/content/drive/MyDrive/dataset/CyAUG-Dataset/Red_Soil/r (499).jpeg
Sandy,6.77,28,37,42,35,Flood,53,Wheat,Millet,Wheat,Medium,105,27,81,50556,/content/drive/MyDrive/dataset/CyAUG-Dataset/Red_Soil/r (162).jpeg
Loamy,6.36,39,17,32,38,Sprinkler,93,Maize,Maize,Rice,Medium,66,26,42,43189,/content/drive/MyDrive/dataset/CyAUG-Dataset/Red_Soil/r (471).jpeg
Sandy,6.51,46,25,33,50,Flood,76,Sugarcane,Rice,Cotton,Low,87,30,66,60365,/content/drive/MyDrive/dataset/CyAUG-Dataset/Red_Soil/r (404).jpeg
Loamy,7.34,36,21,36,57,Sprinkler,81,Barley,Rice,Cotton,Medium,180,35,69,20105,/content/drive/MyDrive/dataset/CyAUG-Dataset/Red_Soil/r (420).jpeg
Silty,7.33,27,20,49,61,Drip,51,Wheat,Millet,Cotton,Low,59,23,86,68820,/content/drive/MyDrive/dataset/CyAUG-Dataset/Red_Soil/84.jpg
Clay,5.83,46,21,35,37,Drip,91,Groundnut,Wheat,Sugarcane,Medium,81,31,69,42978,/content/drive/MyDrive/dataset/CyAUG-Dataset/Red_Soil/r (466).jpeg
Clay,6.58,24,16,25,71,Drip,70,Sugarcane,Maize,Vegetables,Low,88,27,53,70457,/content/drive/MyDrive/dataset/CyAUG-Dataset/Red_Soil/r (226).jpeg
Silty,6.59,36,36,34,52,Flood,84,Rice,Sugarcane,Rice,High,125,28,46,65975,/content/drive/MyDrive/dataset/CyAUG-Dataset/Red_Soil/r (368).jpeg
Sandy,6.13,35,24,24,63,Drip,87,Wheat,Maize,Rice,Low,161,35,73,55258,/content/drive/MyDrive/dataset/CyAUG-Dataset/Red_Soil/r (104).jpeg
Loamy,6.01,30,18,20,51,Drip,76,Vegetables,Cotton,Rice,High,147,29,65,63460,/content/drive/MyDrive/dataset/CyAUG-Dataset/Red_Soil/r (401).jpeg
Loamy,5.87,53,15,40,62,Sprinkler,72,Groundnut,Groundnut,Barley,Medium,83,22,53,77741,/content/drive/MyDrive/dataset/CyAUG-Dataset/Red_Soil/r (222).jpeg
Silty,7.24,29,19,25,58,Flood,76,Vegetables,Cotton,Millet,Low,191,31,54,54290,/content/drive/MyDrive/dataset/CyAUG-Dataset/Red_Soil/r (304).jpeg
Loamy,7.16,24,25,33,56,Sprinkler,86,Groundnut,Barley,Millet,Medium,139,23,89,46870,/content/drive/MyDrive/dataset/CyAUG-Dataset/Red_Soil/r (10).jpeg
Clay,5.76,38,25,27,74,Drip,50,Vegetables,Groundnut,Barley,Medium,70,31,83,62815,/content/drive/MyDrive/dataset/CyAUG-Dataset/Red_Soil/r (35).jpeg
Loamy,7.26,44,23,24,41,Flood,75,Groundnut,Vegetables,Wheat,Low,145,30,53,41209,/content/drive/MyDrive/dataset/CyAUG-Dataset/Red_Soil/r (231).jpeg
Sandy,7.42,33,36,27,50,Sprinkler,82,Maize,Millet,Soybean,Medium,107,21,85,22483,/content/drive/MyDrive/dataset/CyAUG-Dataset/Red_Soil/r (115).jpeg
Sandy,7.25,30,27,47,71,Flood,64,Maize,Cotton,Sugarcane,Medium,65,26,84,76530,/content/drive/MyDrive/dataset/CyAUG-Dataset/Red_Soil/61.jpg
Loamy,6.31,58,36,26,38,Drip,67,Rice,Barley,Rice,High,54,26,85,67904,/content/drive/MyDrive/dataset/CyAUG-Dataset/Red_Soil/r (516).jpeg
Silty,6.79,58,18,32,61,Sprinkler,92,Cotton,Barley,Vegetables,High,166,22,54,29710,/content/drive/MyDrive/dataset/CyAUG-Dataset/Red_Soil/r (1002).jpeg
Loamy,6.65,51,26,37,54,Drip,92,Wheat,Maize,Vegetables,High,172,20,40,46344,/content/drive/MyDrive/dataset/CyAUG-Dataset/Red_Soil/r (1012).jpeg
Sandy,7.22,60,34,37,32,Sprinkler,85,Soybean,Sugarcane,Sugarcane,Low,185,25,59,71953,/content/drive/MyDrive/dataset/CyAUG-Dataset/Red_Soil/r (506).jpeg
Clay,5.82,31,32,39,63,Drip,82,Millet,Groundnut,Wheat,Medium,61,20,57,59071,/content/drive/MyDrive/dataset/CyAUG-Dataset/Red_Soil/r (344).jpeg
Silty,5.79,51,19,40,32,Sprinkler,50,Barley,Groundnut,Sugarcane,Low,50,24,61,63587,/content/drive/MyDrive/dataset/CyAUG-Dataset/Red_Soil/66a.jpg
Silty,5.85,25,15,40,37,Flood,86,Wheat,Wheat,Maize,Medium,199,35,76,25375,/content/drive/MyDrive/dataset/CyAUG-Dataset/Red_Soil/18a.jpg
Clay,6.05,34,17,43,65,Drip,53,Barley,Barley,Sugarcane,High,60,20,89,74232,/content/drive/MyDrive/dataset/CyAUG-Dataset/Red_Soil/r (36).jpeg
Clay,7.21,32,16,44,77,Sprinkler,81,Rice,Groundnut,Wheat,High,53,20,71,32152,/content/drive/MyDrive/dataset/CyAUG-Dataset/Red_Soil/r (29).jpeg
Sandy,6.17,40,32,33,69,Drip,60,Soybean,Vegetables,Groundnut,High,89,30,58,76749,/content/drive/MyDrive/dataset/CyAUG-Dataset/Red_Soil/r (135).jpeg
Loamy,6.79,36,22,24,53,Sprinkler,65,Maize,Sugarcane,Soybean,Medium,148,35,70,26291,/content/drive/MyDrive/dataset/CyAUG-Dataset/Red_Soil/r (28).jpeg
Silty,5.81,41,38,29,61,Drip,83,Soybean,Barley,Maize,Low,199,35,49,23149,/content/drive/MyDrive/dataset/CyAUG-Dataset/Red_Soil/r (312).jpeg
Sandy,5.9,56,21,20,48,Flood,59,Soybean,Rice,Wheat,High,86,31,61,21566,/content/drive/MyDrive/dataset/CyAUG-Dataset/Red_Soil/r (438).jpeg
Loamy,7.04,27,31,44,31,Sprinkler,75,Rice,Millet,Cotton,Low,60,30,80,55980,/content/drive/MyDrive/dataset/CyAUG-Dataset/Red_Soil/74.jpg
Clay,6.51,30,17,41,70,Sprinkler,60,Millet,Groundnut,Maize,Medium,177,21,63,49622,/content/drive/MyDrive/dataset/CyAUG-Dataset/Red_Soil/r (225).jpeg
Clay,5.79,34,34,39,32,Sprinkler,88,Vegetables,Rice,Groundnut,High,100,29,56,76393,/content/drive/MyDrive/dataset/CyAUG-Dataset/Red_Soil/r (271).jpeg
Silty,5.92,25,38,47,46,Drip,84,Maize,Soybean,Wheat,Medium,78,20,41,62164,/content/drive/MyDrive/dataset/CyAUG-Dataset/Red_Soil/r (451).jpeg
Clay,6.1,42,22,44,65,Drip,71,Vegetables,Barley,Millet,Low,69,25,80,56722,/content/drive/MyDrive/dataset/CyAUG-Dataset/Red_Soil/r (126).jpeg
Loamy,5.64,54,35,47,59,Flood,89,Rice,Barley,Vegetables,High,168,30,50,33873,/content/drive/MyDrive/dataset/CyAUG-Dataset/Red_Soil/1.jpg
Loamy,5.78,34,15,29,56,Drip,77,Maize,Barley,Soybean,Low,154,23,64,56572,/content/drive/MyDrive/dataset/CyAUG-Dataset/Red_Soil/r (310).jpeg
Clay,7.07,47,21,43,30,Drip,72,Sugarcane,Rice,Barley,Medium,174,22,57,42632,/content/drive/MyDrive/dataset/CyAUG-Dataset/Red_Soil/r (293).jpeg
Clay,7.01,23,39,36,78,Flood,84,Rice,Millet,Barley,Low,50,21,66,56910,/content/drive/MyDrive/dataset/CyAUG-Dataset/Red_Soil/r (503).jpeg
Loamy,6.84,38,21,24,48,Sprinkler,70,Vegetables,Barley,Soybean,Low,150,28,67,28410,/content/drive/MyDrive/dataset/CyAUG-Dataset/Red_Soil/r (111).jpeg
Clay,7.28,40,28,24,38,Drip,90,Barley,Wheat,Groundnut,High,61,28,42,60051,/content/drive/MyDrive/dataset/CyAUG-Dataset/Red_Soil/r (411).jpeg
Clay,6.01,33,34,39,66,Flood,61,Millet,Groundnut,Maize,Medium,174,32,83,72474,/content/drive/MyDrive/dataset/CyAUG-Dataset/Red_Soil/r (473).jpeg
Silty,6.97,42,29,36,62,Flood,60,Maize,Sugarcane,Millet,High,79,23,40,32669,/content/drive/MyDrive/dataset/CyAUG-Dataset/Red_Soil/3.jpg
Sandy,7.27,21,22,46,36,Drip,72,Rice,Cotton,Cotton,Medium,146,20,65,46200,/content/drive/MyDrive/dataset/CyAUG-Dataset/Red_Soil/r (256).jpeg
Sandy,6.79,54,35,40,58,Drip,64,Wheat,Barley,Millet,Medium,119,21,41,24925,/content/drive/MyDrive/dataset/CyAUG-Dataset/Red_Soil/r (117).jpeg
Clay,6.24,43,15,48,73,Drip,70,Soybean,Wheat,Sugarcane,High,146,25,53,61130,/content/drive/MyDrive/dataset/CyAUG-Dataset/Red_Soil/53.jpg
Clay,6.47,37,23,37,68,Drip,54,Soybean,Rice,Rice,Low,199,26,52,55157,/content/drive/MyDrive/dataset/CyAUG-Dataset/Red_Soil/r (442).jpeg
Silty,5.96,30,18,44,77,Sprinkler,72,Maize,Cotton,Barley,Low,108,34,69,33402,/content/drive/MyDrive/dataset/CyAUG-Dataset/Red_Soil/81.jpg
Silty,5.62,29,38,35,76,Flood,81,Rice,Soybean,Wheat,High,83,22,62,48682,/content/drive/MyDrive/dataset/CyAUG-Dataset/Red_Soil/r (430).jpeg
Silty,5.55,59,24,22,74,Flood,84,Maize,Sugarcane,Wheat,Low,74,27,48,79399,/content/drive/MyDrive/dataset/CyAUG-Dataset/Red_Soil/r (170).jpeg
Silty,6.15,34,30,36,65,Sprinkler,51,Maize,Cotton,Millet,High,90,22,56,35796,/content/drive/MyDrive/dataset/CyAUG-Dataset/Red_Soil/r (301).jpeg
Silty,6.47,23,29,26,79,Flood,55,Barley,Sugarcane,Sugarcane,Medium,143,35,71,73543,/content/drive/MyDrive/dataset/CyAUG-Dataset/Red_Soil/r (281).jpeg
Clay,7.24,50,16,25,80,Drip,94,Barley,Vegetables,Sugarcane,Medium,167,25,60,33680,/content/drive/MyDrive/dataset/CyAUG-Dataset/Red_Soil/r (292).jpeg
Clay,6.46,55,16,23,49,Flood,53,Millet,Wheat,Groundnut,High,138,28,77,64409,/content/drive/MyDrive/dataset/CyAUG-Dataset/Red_Soil/r (526).jpeg
Silty,6.67,37,30,41,32,Flood,63,Vegetables,Wheat,Millet,High,138,33,44,44447,/content/drive/MyDrive/dataset/CyAUG-Dataset/Red_Soil/r (12).jpeg
Loamy,6.61,22,33,44,48,Drip,62,Wheat,Soybean,Cotton,Low,193,31,62,22569,/content/drive/MyDrive/dataset/CyAUG-Dataset/Red_Soil/r (249).jpeg
Loamy,6.91,22,30,49,51,Drip,95,Rice,Millet,Wheat,Low,131,30,87,35306,/content/drive/MyDrive/dataset/CyAUG-Dataset/Red_Soil/r (121).jpeg
Sandy,7.48,40,29,21,34,Flood,78,Rice,Soybean,Groundnut,Low,195,20,51,36696,/content/drive/MyDrive/dataset/CyAUG-Dataset/Red_Soil/r (379).jpeg
Loamy,6.43,41,17,46,64,Drip,51,Barley,Wheat,Millet,Medium,63,29,83,72747,/content/drive/MyDrive/dataset/CyAUG-Dataset/Red_Soil/r (127).jpeg
Loamy,7.46,46,35,42,69,Drip,87,Rice,Vegetables,Millet,Medium,184,24,71,73544,/content/drive/MyDrive/dataset/CyAUG-Dataset/Red_Soil/r (323).jpeg
Silty,7.38,37,34,36,55,Drip,63,Maize,Maize,Cotton,Medium,147,33,84,71702,/content/drive/MyDrive/dataset/CyAUG-Dataset/Red_Soil/82.jpg
Clay,6.62,33,17,21,38,Drip,53,Barley,Groundnut,Millet,Low,120,26,65,50359,/content/drive/MyDrive/dataset/CyAUG-Dataset/Red_Soil/r (282).jpeg
Clay,5.99,29,31,41,58,Flood,81,Soybean,Maize,Maize,High,63,23,78,52559,/content/drive/MyDrive/dataset/CyAUG-Dataset/Red_Soil/r (39).jpeg
Silty,7.2,26,34,40,79,Flood,58,Cotton,Barley,Rice,High,195,21,41,29757,/content/drive/MyDrive/dataset/CyAUG-Dataset/Red_Soil/r (217).jpeg
Silty,6.31,51,16,20,80,Drip,90,Soybean,Barley,Sugarcane,Low,130,27,54,70872,/content/drive/MyDrive/dataset/CyAUG-Dataset/Red_Soil/r (407).jpeg
Clay,7.45,48,29,48,61,Drip,53,Cotton,Rice,Millet,Medium,88,24,62,21184,/content/drive/MyDrive/dataset/CyAUG-Dataset/Red_Soil/r (193).jpeg
Silty,6.71,37,20,22,34,Flood,52,Vegetables,Millet,Maize,High,144,21,80,73913,/content/drive/MyDrive/dataset/CyAUG-Dataset/Red_Soil/20b.jpg
Clay,7.32,44,39,30,61,Flood,81,Barley,Maize,Millet,Low,155,28,48,43293,/content/drive/MyDrive/dataset/CyAUG-Dataset/Red_Soil/r (118).jpeg
Sandy,7.35,59,19,36,60,Drip,85,Maize,Groundnut,Rice,Low,101,30,65,52225,/content/drive/MyDrive/dataset/CyAUG-Dataset/Red_Soil/r (119).jpeg
Clay,5.58,31,17,24,51,Sprinkler,52,Groundnut,Vegetables,Maize,Medium,153,30,41,26148,/content/drive/MyDrive/dataset/CyAUG-Dataset/Red_Soil/r (322).jpeg
Clay,7.01,38,29,44,32,Drip,76,Groundnut,Maize,Groundnut,Low,57,21,53,55805,/content/drive/MyDrive/dataset/CyAUG-Dataset/Red_Soil/r (42).jpeg
Sandy,6.91,21,35,26,69,Drip,58,Barley,Sugarcane,Cotton,Medium,67,31,43,41539,/content/drive/MyDrive/dataset/CyAUG-Dataset/Red_Soil/r (440).jpeg
Loamy,5.94,54,30,39,63,Flood,60,Millet,Soybean,Cotton,High,90,34,63,22290,/content/drive/MyDrive/dataset/CyAUG-Dataset/Red_Soil/54b.jpg
Silty,7.35,37,38,45,72,Sprinkler,87,Maize,Wheat,Groundnut,Low,118,23,57,40151,/content/drive/MyDrive/dataset/CyAUG-Dataset/Red_Soil/r (219).jpeg
Loamy,6.21,42,18,47,71,Flood,65,Soybean,Sugarcane,Wheat,Medium,197,35,88,25939,/content/drive/MyDrive/dataset/CyAUG-Dataset/Red_Soil/36.jpg
Clay,7.21,32,30,28,80,Sprinkler,50,Maize,Groundnut,Vegetables,High,71,29,81,22989,/content/drive/MyDrive/dataset/CyAUG-Dataset/Red_Soil/r (415).jpeg
Silty,6.01,51,31,38,55,Sprinkler,60,Rice,Groundnut,Vegetables,Low,163,34,47,25706,/content/drive/MyDrive/dataset/CyAUG-Dataset/Red_Soil/r (169).jpeg
Silty,5.64,23,15,25,55,Flood,67,Barley,Maize,Wheat,High,111,24,44,62840,/content/drive/MyDrive/dataset/CyAUG-Dataset/Red_Soil/r (486).jpeg
Loamy,6.81,54,33,34,55,Flood,94,Groundnut,Barley,Vegetables,Low,93,25,57,66227,/content/drive/MyDrive/dataset/CyAUG-Dataset/Red_Soil/r (332).jpeg
Silty,5.9,42,31,37,54,Sprinkler,81,Sugarcane,Cotton,Maize,High,182,22,58,74856,/content/drive/MyDrive/dataset/CyAUG-Dataset/Red_Soil/r (264).jpeg
Sandy,5.7,38,30,50,41,Drip,61,Groundnut,Millet,Wheat,Low,162,29,43,48827,/content/drive/MyDrive/dataset/CyAUG-Dataset/Red_Soil/r (149).jpeg
Loamy,7.36,59,19,29,55,Drip,86,Barley,Rice,Soybean,High,126,20,45,73228,/content/drive/MyDrive/dataset/CyAUG-Dataset/Red_Soil/r (422).jpeg
Sandy,7.45,20,27,35,30,Flood,93,Groundnut,Soybean,Sugarcane,Low,149,29,48,42869,/content/drive/MyDrive/dataset/CyAUG-Dataset/Red_Soil/r (286).jpeg
Loamy,7.35,33,35,28,44,Sprinkler,58,Cotton,Wheat,Millet,Medium,172,26,81,73099,/content/drive/MyDrive/dataset/CyAUG-Dataset/Red_Soil/r (436).jpeg
Loamy,7.31,52,20,39,58,Flood,89,Vegetables,Soybean,Groundnut,High,123,25,41,60828,/content/drive/MyDrive/dataset/CyAUG-Dataset/Red_Soil/r (46).jpeg
Loamy,5.87,44,37,27,43,Sprinkler,94,Cotton,Barley,Groundnut,Medium,136,22,86,65939,/content/drive/MyDrive/dataset/CyAUG-Dataset/Red_Soil/r (23).jpeg
Loamy,6.23,58,16,25,42,Flood,85,Barley,Millet,Rice,High,90,35,57,38804,/content/drive/MyDrive/dataset/CyAUG-Dataset/Red_Soil/r (465).jpeg
Sandy,7.23,59,19,30,66,Sprinkler,95,Wheat,Rice,Cotton,Low,189,31,88,55299,/content/drive/MyDrive/dataset/CyAUG-Dataset/Red_Soil/r (348).jpeg
Sandy,6.62,26,15,50,68,Drip,74,Vegetables,Sugarcane,Barley,Low,165,29,75,61413,/content/drive/MyDrive/dataset/CyAUG-Dataset/Red_Soil/r (245).jpeg
Silty,6.39,59,39,43,55,Flood,95,Wheat,Vegetables,Millet,Medium,122,28,54,75496,/content/drive/MyDrive/dataset/CyAUG-Dataset/Red_Soil/r (1004).jpeg
Loamy,6.65,35,26,21,30,Flood,91,Sugarcane,Wheat,Millet,High,176,34,88,52244,/content/drive/MyDrive/dataset/CyAUG-Dataset/Red_Soil/61a.jpg
Silty,7.19,38,16,39,38,Flood,63,Soybean,Groundnut,Barley,Low,55,31,79,79047,/content/drive/MyDrive/dataset/CyAUG-Dataset/Red_Soil/r (197).jpeg
Sandy,7.45,30,33,50,74,Drip,60,Rice,Rice,Wheat,High,172,26,88,56785,/content/drive/MyDrive/dataset/CyAUG-Dataset/Red_Soil/r (331).jpeg
Sandy,6.45,53,26,41,72,Drip,70,Rice,Barley,Soybean,High,81,33,72,30469,/content/drive/MyDrive/dataset/CyAUG-Dataset/Red_Soil/r (195).jpeg
Silty,7.4,56,38,28,46,Flood,88,Cotton,Barley,Sugarcane,Low,181,27,76,63529,/content/drive/MyDrive/dataset/CyAUG-Dataset/Red_Soil/r (529).jpeg
Sandy,6.53,36,40,49,34,Sprinkler,72,Barley,Rice,Soybean,Low,142,23,45,20903,/content/drive/MyDrive/dataset/CyAUG-Dataset/Red_Soil/r (477).jpeg
Loamy,6.17,59,39,21,50,Drip,87,Wheat,Vegetables,Groundnut,High,72,35,69,62802,/content/drive/MyDrive/dataset/CyAUG-Dataset/Red_Soil/r (261).jpeg
Sandy,6.92,37,35,47,56,Drip,78,Barley,Wheat,Maize,High,163,33,75,40921,/content/drive/MyDrive/dataset/CyAUG-Dataset/Red_Soil/r (145).jpeg
Sandy,6.42,56,26,40,46,Flood,95,Rice,Wheat,Vegetables,High,150,28,48,21236,/content/drive/MyDrive/dataset/CyAUG-Dataset/Red_Soil/r (370).jpeg
Sandy,7.23,46,15,20,31,Drip,73,Wheat,Maize,Sugarcane,Low,67,30,49,45621,/content/drive/MyDrive/dataset/CyAUG-Dataset/Red_Soil/r (152).jpeg
Clay,6.75,45,32,35,59,Sprinkler,64,Vegetables,Wheat,Vegetables,Low,195,35,69,27462,/content/drive/MyDrive/dataset/CyAUG-Dataset/Red_Soil/r (315).jpeg
Clay,6.88,42,17,50,60,Flood,77,Maize,Sugarcane,Maize,Low,186,21,72,58221,/content/drive/MyDrive/dataset/CyAUG-Dataset/Red_Soil/r (211).jpeg
Silty,5.57,39,24,28,67,Flood,87,Rice,Barley,Soybean,Low,172,32,56,31842,/content/drive/MyDrive/dataset/CyAUG-Dataset/Red_Soil/r (306).jpeg
Silty,6.96,34,15,36,63,Sprinkler,80,Sugarcane,Wheat,Cotton,Low,189,28,79,67767,/content/drive/MyDrive/dataset/CyAUG-Dataset/Red_Soil/r (138).jpeg
Sandy,7.21,52,39,49,70,Drip,79,Groundnut,Millet,Groundnut,High,125,35,75,72349,/content/drive/MyDrive/dataset/CyAUG-Dataset/Red_Soil/31a.jpg
Loamy,7.48,57,36,47,80,Sprinkler,89,Soybean,Barley,Wheat,Low,74,29,86,67363,/content/drive/MyDrive/dataset/CyAUG-Dataset/Red_Soil/r (239).jpeg
Loamy,7.08,49,15,40,39,Drip,81,Groundnut,Groundnut,Millet,Medium,76,30,89,72387,/content/drive/MyDrive/dataset/CyAUG-Dataset/Red_Soil/14.jpg
Sandy,7.46,56,35,39,34,Sprinkler,56,Barley,Groundnut,Rice,Low,172,25,70,35232,/content/drive/MyDrive/dataset/CyAUG-Dataset/Red_Soil/r (189).jpeg
Clay,5.86,57,20,42,37,Drip,76,Sugarcane,Cotton,Wheat,High,64,29,53,20205,/content/drive/MyDrive/dataset/CyAUG-Dataset/Red_Soil/r (204).jpeg
Silty,6.84,34,36,44,50,Drip,69,Sugarcane,Groundnut,Barley,Medium,110,25,41,27171,/content/drive/MyDrive/dataset/CyAUG-Dataset/Red_Soil/r (21).jpeg
Loamy,7.19,31,22,29,48,Sprinkler,80,Maize,Maize,Soybean,Low,114,25,77,67467,/content/drive/MyDrive/dataset/CyAUG-Dataset/Red_Soil/r (129).jpeg
Sandy,5.67,59,20,21,80,Flood,51,Groundnut,Cotton,Maize,Low,170,30,68,33060,/content/drive/MyDrive/dataset/CyAUG-Dataset/Red_Soil/r (431).jpeg
Sandy,6.66,33,24,32,42,Flood,63,Groundnut,Cotton,Vegetables,Low,183,31,88,21556,/content/drive/MyDrive/dataset/CyAUG-Dataset/Red_Soil/r (453).jpeg
Sandy,5.56,24,35,50,72,Flood,84,Rice,Millet,Vegetables,High,95,34,53,42721,/content/drive/MyDrive/dataset/CyAUG-Dataset/Red_Soil/r (50).jpeg
Loamy,6.06,51,16,28,69,Flood,83,Cotton,Vegetables,Groundnut,Medium,88,27,44,23239,/content/drive/MyDrive/dataset/CyAUG-Dataset/Red_Soil/r (230).jpeg
Silty,6.03,40,34,41,58,Drip,89,Vegetables,Barley,Barley,High,142,25,85,41073,/content/drive/MyDrive/dataset/CyAUG-Dataset/Red_Soil/78.jpg
Clay,6.85,23,20,29,60,Drip,56,Maize,Rice,Vegetables,High,161,24,88,57429,/content/drive/MyDrive/dataset/CyAUG-Dataset/Red_Soil/r (372).jpeg
Loamy,5.86,59,17,45,80,Sprinkler,82,Wheat,Millet,Millet,Low,175,28,43,50603,/content/drive/MyDrive/dataset/CyAUG-Dataset/Red_Soil/r (491).jpeg
Silty,6.36,34,17,42,70,Sprinkler,53,Rice,Sugarcane,Soybean,High,145,33,44,71375,/content/drive/MyDrive/dataset/CyAUG-Dataset/Red_Soil/r (302).jpeg
Loamy,6.78,32,22,45,31,Drip,52,Vegetables,Sugarcane,Vegetables,Low,179,27,48,78262,/content/drive/MyDrive/dataset/CyAUG-Dataset/Red_Soil/r (352).jpeg
Loamy,6.25,28,22,49,78,Flood,95,Vegetables,Groundnut,Soybean,Low,84,26,80,59268,/content/drive/MyDrive/dataset/CyAUG-Dataset/Red_Soil/9.jpg
Clay,7.22,34,20,20,37,Sprinkler,50,Barley,Soybean,Groundnut,Low,156,33,58,67798,/content/drive/MyDrive/dataset/CyAUG-Dataset/Red_Soil/28.jpg
Sandy,5.71,23,15,22,32,Flood,83,Vegetables,Wheat,Millet,Low,87,31,89,60674,/content/drive/MyDrive/dataset/CyAUG-Dataset/Red_Soil/r (349).jpeg
Loamy,5.73,53,31,20,35,Sprinkler,82,Millet,Rice,Barley,Medium,101,20,66,55771,/content/drive/MyDrive/dataset/CyAUG-Dataset/Red_Soil/r (254).jpeg
Clay,6.95,24,18,32,67,Flood,60,Sugarcane,Cotton,Sugarcane,Medium,61,35,90,79836,/content/drive/MyDrive/dataset/CyAUG-Dataset/Red_Soil/r (120).jpeg
Clay,7.21,54,35,23,72,Sprinkler,54,Rice,Maize,Soybean,High,74,34,56,31793,/content/drive/MyDrive/dataset/CyAUG-Dataset/Red_Soil/r (517).jpeg
Loamy,5.53,60,16,31,55,Sprinkler,51,Groundnut,Barley,Wheat,Low,151,25,81,26660,/content/drive/MyDrive/dataset/CyAUG-Dataset/Red_Soil/r (426).jpeg
Loamy,5.87,28,15,32,40,Sprinkler,61,Maize,Wheat,Wheat,Low,112,33,83,37101,/content/drive/MyDrive/dataset/CyAUG-Dataset/Red_Soil/r (418).jpeg
Silty,6.7,59,37,28,53,Sprinkler,61,Soybean,Maize,Barley,Medium,172,31,48,59009,/content/drive/MyDrive/dataset/CyAUG-Dataset/Red_Soil/r (521).jpeg
Sandy,6.13,41,18,35,46,Flood,74,Rice,Maize,Millet,Medium,142,32,68,20205,/content/drive/MyDrive/dataset/CyAUG-Dataset/Red_Soil/r (367).jpeg
Sandy,5.79,20,33,26,59,Flood,57,Groundnut,Soybean,Groundnut,Low,192,26,59,54160,/content/drive/MyDrive/dataset/CyAUG-Dataset/Red_Soil/r (240).jpeg
Clay,5.69,44,22,42,64,Sprinkler,87,Rice,Soybean,Vegetables,High,194,27,89,75757,/content/drive/MyDrive/dataset/CyAUG-Dataset/Red_Soil/r (346).jpeg
Sandy,5.62,23,26,30,35,Flood,70,Cotton,Rice,Rice,Low,192,23,65,62246,/content/drive/MyDrive/dataset/CyAUG-Dataset/Red_Soil/54a.jpg
Clay,6.49,30,21,22,63,Drip,75,Rice,Rice,Soybean,High,85,21,85,52715,/content/drive/MyDrive/dataset/CyAUG-Dataset/Red_Soil/64.jpg
Clay,6.47,56,17,34,75,Sprinkler,54,Vegetables,Millet,Sugarcane,Medium,57,29,62,71629,/content/drive/MyDrive/dataset/CyAUG-Dataset/Red_Soil/r (124).jpeg
Silty,5.82,38,15,35,71,Drip,51,Maize,Cotton,Rice,Low,112,35,61,56197,/content/drive/MyDrive/dataset/CyAUG-Dataset/Red_Soil/r (359).jpeg
Sandy,6.85,25,31,36,30,Drip,72,Soybean,Rice,Groundnut,Medium,191,28,87,44831,/content/drive/MyDrive/dataset/CyAUG-Dataset/Red_Soil/r (277).jpeg
Loamy,6.06,31,28,33,65,Sprinkler,72,Vegetables,Rice,Groundnut,Medium,91,26,58,49395,/content/drive/MyDrive/dataset/CyAUG-Dataset/Red_Soil/r (159).jpeg
Clay,5.96,20,16,34,70,Drip,67,Cotton,Cotton,Cotton,Low,94,28,74,24119,/content/drive/MyDrive/dataset/CyAUG-Dataset/Red_Soil/r (299).jpeg
Loamy,6.81,30,32,30,69,Drip,54,Millet,Soybean,Soybean,High,76,24,87,62174,/content/drive/MyDrive/dataset/CyAUG-Dataset/Red_Soil/r (212).jpeg
Loamy,7.26,30,23,26,48,Drip,87,Soybean,Groundnut,Maize,Low,179,26,45,68500,/content/drive/MyDrive/dataset/CyAUG-Dataset/Red_Soil/22.jpg
Clay,7.32,28,33,36,79,Flood,77,Wheat,Barley,Cotton,Medium,136,25,48,26253,/content/drive/MyDrive/dataset/CyAUG-Dataset/Red_Soil/r (110).jpeg
Silty,6.26,35,15,32,73,Sprinkler,70,Millet,Cotton,Barley,High,147,20,66,26614,/content/drive/MyDrive/dataset/CyAUG-Dataset/Red_Soil/29.jpg
Silty,6.53,51,27,43,80,Sprinkler,59,Maize,Rice,Rice,Low,113,25,47,68711,/content/drive/MyDrive/dataset/CyAUG-Dataset/Red_Soil/r (455).jpeg
Sandy,5.91,38,33,29,60,Sprinkler,63,Rice,Cotton,Soybean,Medium,162,27,52,55927,/content/drive/MyDrive/dataset/CyAUG-Dataset/Red_Soil/56a.jpg
Loamy,7.33,29,17,47,32,Sprinkler,52,Wheat,Barley,Sugarcane,High,58,21,58,35105,/content/drive/MyDrive/dataset/CyAUG-Dataset/Red_Soil/45.jpg
Sandy,7.03,34,40,50,77,Drip,79,Millet,Soybean,Groundnut,Medium,117,23,52,63090,/content/drive/MyDrive/dataset/CyAUG-Dataset/Red_Soil/r (153).jpeg
Loamy,7.44,45,35,49,30,Flood,65,Rice,Maize,Vegetables,Medium,117,33,76,28348,/content/drive/MyDrive/dataset/CyAUG-Dataset/Red_Soil/r (399).jpeg
Sandy,6.05,47,15,21,58,Sprinkler,76,Wheat,Wheat,Soybean,Low,122,33,62,46971,/content/drive/MyDrive/dataset/CyAUG-Dataset/Red_Soil/r (369).jpeg
Loamy,6.37,22,39,49,52,Flood,69,Barley,Soybean,Cotton,High,54,32,61,32330,/content/drive/MyDrive/dataset/CyAUG-Dataset/Red_Soil/r (392).jpeg
Silty,5.67,34,29,22,43,Sprinkler,54,Wheat,Maize,Vegetables,Medium,174,32,51,71960,/content/drive/MyDrive/dataset/CyAUG-Dataset/Red_Soil/r (484).jpeg
Loamy,6.59,48,37,43,34,Sprinkler,52,Millet,Soybean,Rice,Medium,142,34,72,48645,/content/drive/MyDrive/dataset/CyAUG-Dataset/Red_Soil/72.jpg
Silty,6.41,46,19,22,71,Sprinkler,54,Millet,Barley,Soybean,High,55,34,66,66853,/content/drive/MyDrive/dataset/CyAUG-Dataset/Red_Soil/r (144).jpeg
Loamy,7.21,52,20,30,71,Sprinkler,60,Soybean,Rice,Vegetables,High,193,33,55,44982,/content/drive/MyDrive/dataset/CyAUG-Dataset/Red_Soil/r (384).jpeg
Silty,6.06,30,39,43,34,Drip,89,Cotton,Soybean,Wheat,Medium,68,23,76,56216,/content/drive/MyDrive/dataset/CyAUG-Dataset/Red_Soil/r (208).jpeg
Loamy,7.37,50,19,34,49,Flood,55,Wheat,Cotton,Wheat,High,177,23,70,51257,/content/drive/MyDrive/dataset/CyAUG-Dataset/Red_Soil/r (234).jpeg
Silty,7.43,28,37,36,37,Flood,93,Soybean,Wheat,Vegetables,High,119,25,61,39206,/content/drive/MyDrive/dataset/CyAUG-Dataset/Red_Soil/r (495).jpeg
Loamy,7.41,20,17,42,64,Drip,73,Cotton,Maize,Sugarcane,High,80,31,80,78006,/content/drive/MyDrive/dataset/CyAUG-Dataset/Red_Soil/6.jpg
Silty,7.0,52,24,39,60,Drip,80,Soybean,Vegetables,Groundnut,Low,56,20,60,54278,/content/drive/MyDrive/dataset/CyAUG-Dataset/Red_Soil/12.jpg
Clay,6.68,47,16,35,43,Flood,76,Maize,Cotton,Maize,High,176,26,43,24675,/content/drive/MyDrive/dataset/CyAUG-Dataset/Red_Soil/r (425).jpeg
Sandy,6.24,30,23,48,69,Drip,55,Barley,Soybean,Cotton,Medium,169,27,43,70917,/content/drive/MyDrive/dataset/CyAUG-Dataset/Red_Soil/r (236).jpeg
Loamy,5.88,41,22,50,56,Flood,60,Wheat,Maize,Millet,High,71,30,73,54809,/content/drive/MyDrive/dataset/CyAUG-Dataset/Red_Soil/33.jpg
Clay,6.22,38,31,36,47,Flood,57,Maize,Sugarcane,Barley,High,138,27,65,65084,/content/drive/MyDrive/dataset/CyAUG-Dataset/Red_Soil/r (398).jpeg
Silty,6.57,33,36,20,44,Flood,72,Rice,Maize,Sugarcane,Medium,71,31,86,33031,/content/drive/MyDrive/dataset/CyAUG-Dataset/Red_Soil/r (518).jpeg
Clay,6.51,60,39,39,44,Sprinkler,58,Cotton,Wheat,Barley,Low,181,28,61,42566,/content/drive/MyDrive/dataset/CyAUG-Dataset/Red_Soil/r (260).jpeg
Clay,6.43,45,23,28,33,Drip,81,Rice,Rice,Sugarcane,Low,162,32,45,29221,/content/drive/MyDrive/dataset/CyAUG-Dataset/Red_Soil/59a.jpg
Silty,5.72,48,37,33,36,Drip,57,Cotton,Barley,Groundnut,High,82,32,89,68709,/content/drive/MyDrive/dataset/CyAUG-Dataset/Red_Soil/r (345).jpeg
Clay,7.38,32,32,24,31,Sprinkler,76,Millet,Millet,Rice,Medium,149,26,71,51087,/content/drive/MyDrive/dataset/CyAUG-Dataset/Red_Soil/20.jpg
Loamy,7.05,21,37,32,48,Sprinkler,58,Wheat,Barley,Groundnut,Medium,153,32,46,61423,/content/drive/MyDrive/dataset/CyAUG-Dataset/Red_Soil/r (114).jpeg
Sandy,6.08,21,26,22,76,Sprinkler,76,Soybean,Millet,Maize,High,127,25,63,75088,/content/drive/MyDrive/dataset/CyAUG-Dataset/Red_Soil/r (390).jpeg
Clay,5.54,48,24,38,58,Flood,90,Cotton,Barley,Millet,Low,118,20,89,41913,/content/drive/MyDrive/dataset/CyAUG-Dataset/Red_Soil/5.jpg
Loamy,6.64,29,23,35,51,Drip,78,Groundnut,Sugarcane,Groundnut,Low,164,24,80,26074,/content/drive/MyDrive/dataset/CyAUG-Dataset/Red_Soil/r (1015).jpeg
Silty,6.15,38,29,24,36,Drip,69,Vegetables,Sugarcane,Barley,High,163,34,78,75946,/content/drive/MyDrive/dataset/CyAUG-Dataset/Red_Soil/r (1).jpeg
Sandy,6.89,51,15,42,56,Sprinkler,71,Vegetables,Maize,Barley,Low,59,25,45,74425,/content/drive/MyDrive/dataset/CyAUG-Dataset/Red_Soil/r (150).jpeg
Loamy,7.13,53,36,39,80,Drip,89,Vegetables,Groundnut,Soybean,High,135,34,46,53785,/content/drive/MyDrive/dataset/CyAUG-Dataset/Red_Soil/r (501).jpeg
Silty,5.62,26,25,41,34,Sprinkler,58,Groundnut,Soybean,Millet,Low,127,25,52,47717,/content/drive/MyDrive/dataset/CyAUG-Dataset/Red_Soil/r (324).jpeg
Silty,6.31,32,31,39,46,Sprinkler,73,Cotton,Wheat,Rice,Medium,129,23,75,22531,/content/drive/MyDrive/dataset/CyAUG-Dataset/Red_Soil/44.jpg
Silty,6.33,39,33,29,79,Flood,77,Barley,Groundnut,Groundnut,Medium,181,24,52,75905,/content/drive/MyDrive/dataset/CyAUG-Dataset/Red_Soil/17.jpg
Loamy,6.67,28,25,26,39,Sprinkler,64,Millet,Millet,Rice,Low,116,29,84,58243,/content/drive/MyDrive/dataset/CyAUG-Dataset/Red_Soil/r (272).jpeg
Silty,7.25,26,22,44,31,Sprinkler,79,Groundnut,Wheat,Cotton,Low,180,20,75,68775,/content/drive/MyDrive/dataset/CyAUG-Dataset/Red_Soil/r (173).jpeg
Loamy,6.96,38,25,23,70,Sprinkler,78,Rice,Wheat,Vegetables,Low,154,30,54,74558,/content/drive/MyDrive/dataset/CyAUG-Dataset/Red_Soil/r (11).jpeg
Clay,5.93,56,19,44,70,Drip,77,Rice,Sugarcane,Cotton,Medium,143,23,43,20319,/content/drive/MyDrive/dataset/CyAUG-Dataset/Red_Soil/73.jpg
Loamy,6.25,57,36,45,63,Flood,56,Groundnut,Rice,Wheat,High,108,26,90,34026,/content/drive/MyDrive/dataset/CyAUG-Dataset/Red_Soil/r (139).jpeg
Silty,7.08,51,25,49,66,Flood,81,Vegetables,Rice,Maize,Medium,185,22,45,37736,/content/drive/MyDrive/dataset/CyAUG-Dataset/Red_Soil/r (31).jpeg
Silty,7.25,33,16,21,73,Flood,65,Soybean,Soybean,Vegetables,Medium,191,29,81,49823,/content/drive/MyDrive/dataset/CyAUG-Dataset/Red_Soil/r (142).jpeg
Loamy,6.72,57,24,32,54,Sprinkler,51,Groundnut,Soybean,Wheat,High,115,27,89,30598,/content/drive/MyDrive/dataset/CyAUG-Dataset/Red_Soil/r (267).jpeg
Silty,6.11,53,23,39,49,Drip,82,Wheat,Wheat,Soybean,High,143,28,63,23173,/content/drive/MyDrive/dataset/CyAUG-Dataset/Red_Soil/r (502).jpeg
Sandy,7.13,38,35,39,54,Flood,90,Sugarcane,Wheat,Sugarcane,Low,86,24,41,44530,/content/drive/MyDrive/dataset/CyAUG-Dataset/Red_Soil/11.jpg
Sandy,6.0,34,18,30,33,Sprinkler,89,Vegetables,Wheat,Barley,Low,148,23,76,54894,/content/drive/MyDrive/dataset/CyAUG-Dataset/Red_Soil/r (444).jpeg
Clay,5.77,26,25,30,79,Flood,74,Millet,Wheat,Sugarcane,Low,190,24,70,31351,/content/drive/MyDrive/dataset/CyAUG-Dataset/Red_Soil/r (228).jpeg
Sandy,6.88,24,18,50,75,Flood,87,Soybean,Wheat,Barley,High,156,27,66,66320,/content/drive/MyDrive/dataset/CyAUG-Dataset/Red_Soil/r (227).jpeg
Loamy,5.57,32,29,25,46,Flood,84,Sugarcane,Wheat,Cotton,High,63,22,75,72232,/content/drive/MyDrive/dataset/CyAUG-Dataset/Red_Soil/r (24).jpeg
Clay,6.81,37,18,46,74,Sprinkler,94,Millet,Vegetables,Wheat,High,61,28,74,38260,/content/drive/MyDrive/dataset/CyAUG-Dataset/Red_Soil/r (128).jpeg
Loamy,6.48,22,24,44,54,Drip,88,Millet,Maize,Vegetables,High,95,34,90,25272,/content/drive/MyDrive/dataset/CyAUG-Dataset/Red_Soil/r (325).jpeg
Sandy,5.93,33,35,39,44,Flood,87,Maize,Wheat,Sugarcane,Low,112,35,75,32127,/content/drive/MyDrive/dataset/CyAUG-Dataset/Red_Soil/21.jpg
Silty,6.37,48,26,32,73,Drip,79,Vegetables,Barley,Maize,High,152,21,50,22399,/content/drive/MyDrive/dataset/CyAUG-Dataset/Red_Soil/85.jpg
Silty,6.92,31,26,47,50,Sprinkler,75,Maize,Barley,Sugarcane,Low,170,32,73,34575,/content/drive/MyDrive/dataset/CyAUG-Dataset/Red_Soil/38.jpg
Loamy,6.78,47,19,28,32,Drip,65,Groundnut,Wheat,Cotton,Medium,92,24,46,42272,/content/drive/MyDrive/dataset/CyAUG-Dataset/Red_Soil/r (168).jpeg
Silty,6.45,39,40,21,50,Drip,88,Rice,Wheat,Rice,Medium,197,34,58,78146,/content/drive/MyDrive/dataset/CyAUG-Dataset/Red_Soil/r (279).jpeg
Silty,5.84,59,38,22,56,Flood,81,Sugarcane,Millet,Barley,Medium,146,28,73,41527,/content/drive/MyDrive/dataset/CyAUG-Dataset/Red_Soil/r (386).jpeg
Silty,7.23,49,31,50,30,Flood,77,Barley,Maize,Rice,High,197,20,88,59899,/content/drive/MyDrive/dataset/CyAUG-Dataset/Red_Soil/r (178).jpeg
Sandy,6.77,57,31,41,76,Sprinkler,73,Vegetables,Wheat,Cotton,High,147,34,86,31119,/content/drive/MyDrive/dataset/CyAUG-Dataset/Red_Soil/r (188).jpeg
Sandy,6.01,31,26,41,79,Flood,86,Soybean,Rice,Millet,High,126,24,64,45425,/content/drive/MyDrive/dataset/CyAUG-Dataset/Red_Soil/r (102).jpeg
Loamy,5.74,40,27,27,33,Flood,55,Sugarcane,Millet,Cotton,Medium,163,28,90,60013,/content/drive/MyDrive/dataset/CyAUG-Dataset/Red_Soil/23.jpg
Loamy,5.67,29,24,47,56,Drip,76,Barley,Wheat,Vegetables,Medium,60,25,63,68048,/content/drive/MyDrive/dataset/CyAUG-Dataset/Red_Soil/r (180).jpeg
Silty,5.5,23,32,48,54,Drip,87,Millet,Rice,Cotton,Low,144,27,64,59505,/content/drive/MyDrive/dataset/CyAUG-Dataset/Red_Soil/r (48).jpeg
Sandy,7.4,39,20,49,43,Sprinkler,77,Sugarcane,Cotton,Rice,Low,119,31,41,63277,/content/drive/MyDrive/dataset/CyAUG-Dataset/Red_Soil/r (490).jpeg
Loamy,5.78,50,20,43,58,Sprinkler,91,Groundnut,Groundnut,Soybean,Medium,172,35,42,49523,/content/drive/MyDrive/dataset/CyAUG-Dataset/Red_Soil/r (258).jpeg
Sandy,5.98,52,19,24,56,Flood,67,Maize,Cotton,Sugarcane,Medium,190,23,67,75075,/content/drive/MyDrive/dataset/CyAUG-Dataset/Red_Soil/r (5).jpeg
Silty,6.67,56,32,23,38,Flood,84,Soybean,Rice,Cotton,Medium,128,31,45,76026,/content/drive/MyDrive/dataset/CyAUG-Dataset/Red_Soil/65.jpg
Loamy,7.46,56,28,45,60,Sprinkler,57,Barley,Vegetables,Rice,High,99,33,78,76602,/content/drive/MyDrive/dataset/CyAUG-Dataset/Red_Soil/r (248).jpeg
Clay,6.01,38,34,48,52,Flood,51,Sugarcane,Vegetables,Barley,Low,193,34,58,30329,/content/drive/MyDrive/dataset/CyAUG-Dataset/Red_Soil/r (393).jpeg
Sandy,6.12,26,22,25,61,Sprinkler,56,Sugarcane,Cotton,Cotton,High,171,22,85,23336,/content/drive/MyDrive/dataset/CyAUG-Dataset/Red_Soil/52.jpg
Clay,7.46,22,39,39,59,Flood,70,Vegetables,Cotton,Barley,High,161,28,83,28809,/content/drive/MyDrive/dataset/CyAUG-Dataset/Red_Soil/r (199).jpeg
Sandy,5.55,52,17,26,60,Flood,65,Barley,Maize,Sugarcane,Medium,140,21,61,27279,/content/drive/MyDrive/dataset/CyAUG-Dataset/Red_Soil/r (338).jpeg
Sandy,7.25,55,34,25,40,Sprinkler,56,Cotton,Rice,Groundnut,Low,138,20,42,79011,/content/drive/MyDrive/dataset/CyAUG-Dataset/Red_Soil/r (130).jpeg
Loamy,6.04,24,37,44,61,Sprinkler,52,Sugarcane,Sugarcane,Sugarcane,High,103,22,85,65512,/content/drive/MyDrive/dataset/CyAUG-Dataset/Red_Soil/r (198).jpeg
Sandy,6.84,52,25,45,48,Drip,82,Barley,Wheat,Soybean,Low,76,22,50,53200,/content/drive/MyDrive/dataset/CyAUG-Dataset/Red_Soil/r (262).jpeg
Clay,6.25,29,27,32,75,Drip,50,Maize,Cotton,Rice,High,84,30,45,67520,/content/drive/MyDrive/dataset/CyAUG-Dataset/Red_Soil/r (297).jpeg
Sandy,5.61,28,18,22,72,Flood,94,Millet,Rice,Barley,High,119,33,69,67438,/content/drive/MyDrive/dataset/CyAUG-Dataset/Red_Soil/r (141).jpeg
Sandy,7.46,33,24,25,56,Flood,56,Groundnut,Millet,Millet,High,104,33,62,66616,/content/drive/MyDrive/dataset/CyAUG-Dataset/Red_Soil/r (514).jpeg
Silty,5.92,58,26,34,80,Sprinkler,59,Groundnut,Soybean,Cotton,Medium,156,29,65,74601,/content/drive/MyDrive/dataset/CyAUG-Dataset/Red_Soil/r (485).jpeg
Sandy,7.0,29,25,48,36,Flood,83,Rice,Soybean,Groundnut,Low,131,29,77,66243,/content/drive/MyDrive/dataset/CyAUG-Dataset/Red_Soil/r (421).jpeg
Sandy,6.25,31,16,47,70,Flood,91,Rice,Sugarcane,Barley,Low,155,31,75,24174,/content/drive/MyDrive/dataset/CyAUG-Dataset/Red_Soil/r (383).jpeg
Silty,5.58,42,30,23,49,Sprinkler,70,Sugarcane,Barley,Vegetables,Low,82,31,79,46751,/content/drive/MyDrive/dataset/CyAUG-Dataset/Red_Soil/r (270).jpeg
Silty,7.08,24,23,24,74,Flood,69,Rice,Sugarcane,Maize,Low,80,35,69,35402,/content/drive/MyDrive/dataset/CyAUG-Dataset/Red_Soil/68.jpg
Loamy,5.75,52,15,50,51,Sprinkler,78,Vegetables,Millet,Wheat,Low,80,25,75,73529,/content/drive/MyDrive/dataset/CyAUG-Dataset/Red_Soil/r (157).jpeg
Loamy,6.64,38,39,32,55,Sprinkler,76,Barley,Rice,Millet,High,189,33,64,77311,/content/drive/MyDrive/dataset/CyAUG-Dataset/Red_Soil/r (373).jpeg
Sandy,6.06,38,21,22,53,Sprinkler,53,Sugarcane,Millet,Wheat,Medium,184,20,85,35619,/content/drive/MyDrive/dataset/CyAUG-Dataset/Red_Soil/r (313).jpeg
Clay,7.44,34,23,37,51,Sprinkler,69,Rice,Sugarcane,Rice,Medium,121,32,70,39455,/content/drive/MyDrive/dataset/CyAUG-Dataset/Red_Soil/r (371).jpeg
Silty,6.72,55,17,43,71,Sprinkler,63,Cotton,Maize,Sugarcane,High,155,30,78,72178,/content/drive/MyDrive/dataset/CyAUG-Dataset/Red_Soil/48.jpg
Sandy,7.48,24,22,22,64,Drip,95,Rice,Maize,Sugarcane,Low,162,25,52,29110,/content/drive/MyDrive/dataset/CyAUG-Dataset/Red_Soil/r (320).jpeg
Silty,6.38,24,36,40,49,Flood,52,Groundnut,Vegetables,Cotton,Medium,69,29,62,67776,/content/drive/MyDrive/dataset/CyAUG-Dataset/Red_Soil/r (213).jpeg
Loamy,7.33,39,22,46,61,Flood,95,Soybean,Millet,Barley,High,65,34,69,71555,/content/drive/MyDrive/dataset/CyAUG-Dataset/Red_Soil/r (412).jpeg
Silty,6.86,31,20,24,70,Sprinkler,70,Maize,Vegetables,Soybean,Low,194,30,70,53287,/content/drive/MyDrive/dataset/CyAUG-Dataset/Red_Soil/r (100).jpeg
Clay,5.75,36,28,38,43,Drip,68,Barley,Rice,Groundnut,Low,59,23,78,56693,/content/drive/MyDrive/dataset/CyAUG-Dataset/Red_Soil/r (330).jpeg
Loamy,7.0,59,32,45,41,Drip,83,Barley,Cotton,Barley,High,115,32,78,59146,/content/drive/MyDrive/dataset/CyAUG-Dataset/Red_Soil/r (402).jpeg
Sandy,7.37,28,26,46,50,Flood,64,Maize,Maize,Vegetables,Low,50,28,56,35817,/content/drive/MyDrive/dataset/CyAUG-Dataset/Red_Soil/1a.jpg
Clay,6.81,39,26,32,51,Flood,58,Maize,Rice,Maize,Low,54,23,80,41250,/content/drive/MyDrive/dataset/CyAUG-Dataset/Red_Soil/r (459).jpeg
Clay,5.72,50,17,35,70,Sprinkler,77,Maize,Cotton,Groundnut,High,189,35,66,30884,/content/drive/MyDrive/dataset/CyAUG-Dataset/Red_Soil/62a.jpg
Loamy,5.99,39,29,48,74,Flood,86,Rice,Barley,Millet,Medium,84,21,64,20940,/content/drive/MyDrive/dataset/CyAUG-Dataset/Red_Soil/r (317).jpeg
Silty,6.31,47,31,32,59,Sprinkler,88,Cotton,Cotton,Cotton,Medium,50,23,52,74423,/content/drive/MyDrive/dataset/CyAUG-Dataset/Red_Soil/r (202).jpeg
Sandy,6.94,24,35,20,65,Flood,78,Soybean,Cotton,Wheat,Low,144,31,53,58595,/content/drive/MyDrive/dataset/CyAUG-Dataset/Red_Soil/r (358).jpeg
Sandy,7.33,50,22,27,46,Sprinkler,87,Maize,Barley,Sugarcane,High,68,34,41,61168,/content/drive/MyDrive/dataset/CyAUG-Dataset/Red_Soil/r (437).jpeg
Silty,5.88,34,30,24,34,Flood,51,Wheat,Groundnut,Millet,Low,142,29,44,63127,/content/drive/MyDrive/dataset/CyAUG-Dataset/Red_Soil/r (174).jpeg
Clay,6.89,31,27,29,51,Flood,74,Wheat,Rice,Sugarcane,Low,161,31,66,23898,/content/drive/MyDrive/dataset/CyAUG-Dataset/Red_Soil/r (508).jpeg
Clay,5.91,47,38,24,59,Sprinkler,66,Soybean,Barley,Rice,Medium,79,32,52,72169,/content/drive/MyDrive/dataset/CyAUG-Dataset/Red_Soil/58.jpg
Loamy,7.43,58,23,48,66,Drip,93,Cotton,Rice,Cotton,High,124,25,63,49414,/content/drive/MyDrive/dataset/CyAUG-Dataset/Red_Soil/r (527).jpeg
Sandy,6.88,44,35,20,42,Flood,50,Cotton,Maize,Maize,Low,147,27,81,76119,/content/drive/MyDrive/dataset/CyAUG-Dataset/Red_Soil/r (321).jpeg
Clay,6.23,56,17,23,58,Drip,67,Barley,Maize,Wheat,High,121,26,66,26602,/content/drive/MyDrive/dataset/CyAUG-Dataset/Red_Soil/r (400).jpeg
Clay,6.41,31,30,44,31,Flood,64,Wheat,Rice,Millet,High,198,22,83,78537,/content/drive/MyDrive/dataset/CyAUG-Dataset/Red_Soil/r (456).jpeg
Sandy,5.5,41,38,44,43,Flood,83,Millet,Barley,Rice,High,148,30,81,41775,/content/drive/MyDrive/dataset/CyAUG-Dataset/Red_Soil/24.jpg
Clay,5.54,50,20,22,56,Flood,94,Soybean,Millet,Sugarcane,Medium,50,24,60,55517,/content/drive/MyDrive/dataset/CyAUG-Dataset/Red_Soil/2.jpg
Sandy,6.27,34,27,35,70,Flood,60,Rice,Cotton,Vegetables,Low,182,21,76,39760,/content/drive/MyDrive/dataset/CyAUG-Dataset/Red_Soil/r (470).jpeg
Clay,7.48,45,25,43,47,Sprinkler,78,Maize,Wheat,Rice,Medium,104,22,40,45478,/content/drive/MyDrive/dataset/CyAUG-Dataset/Red_Soil/r (396).jpeg
Clay,6.11,53,33,45,67,Drip,52,Wheat,Vegetables,Wheat,Low,183,26,90,58607,/content/drive/MyDrive/dataset/CyAUG-Dataset/Red_Soil/r (520).jpeg
Sandy,5.81,31,34,29,80,Sprinkler,82,Sugarcane,Maize,Wheat,Low,94,33,57,78509,/content/drive/MyDrive/dataset/CyAUG-Dataset/Red_Soil/r (405).jpeg
Loamy,6.91,49,39,31,40,Flood,59,Millet,Cotton,Soybean,Medium,101,29,70,79903,/content/drive/MyDrive/dataset/CyAUG-Dataset/Red_Soil/r (247).jpeg
Sandy,6.97,45,26,47,47,Sprinkler,60,Soybean,Soybean,Cotton,High,132,28,68,68747,/content/drive/MyDrive/dataset/CyAUG-Dataset/Red_Soil/r (30).jpeg
Clay,5.83,27,38,23,41,Sprinkler,71,Sugarcane,Rice,Soybean,High,90,25,40,68117,/content/drive/MyDrive/dataset/CyAUG-Dataset/Red_Soil/r (167).jpeg
Silty,6.83,30,39,44,41,Sprinkler,73,Sugarcane,Maize,Millet,High,73,35,72,69464,/content/drive/MyDrive/dataset/CyAUG-Dataset/Red_Soil/r (246).jpeg
Silty,7.33,42,39,36,43,Sprinkler,76,Soybean,Sugarcane,Cotton,High,106,28,86,48663,/content/drive/MyDrive/dataset/CyAUG-Dataset/Red_Soil/r (449).jpeg
Loamy,6.03,24,25,22,42,Flood,71,Maize,Cotton,Soybean,High,157,21,67,59800,/content/drive/MyDrive/dataset/CyAUG-Dataset/Red_Soil/r (187).jpeg
Loamy,6.55,52,20,24,67,Flood,64,Vegetables,Rice,Soybean,High,51,32,46,20576,/content/drive/MyDrive/dataset/CyAUG-Dataset/Red_Soil/r (448).jpeg
Loamy,6.98,35,40,49,39,Drip,94,Cotton,Maize,Sugarcane,Low,180,27,80,72645,/content/drive/MyDrive/dataset/CyAUG-Dataset/Red_Soil/r (253).jpeg
Clay,5.54,48,32,28,52,Flood,87,Maize,Millet,Rice,Medium,76,22,78,61493,/content/drive/MyDrive/dataset/CyAUG-Dataset/Red_Soil/r (489).jpeg
Clay,5.62,49,37,50,30,Drip,86,Soybean,Maize,Wheat,Low,193,22,54,72290,/content/drive/MyDrive/dataset/CyAUG-Dataset/Red_Soil/r (497).jpeg
Silty,6.47,34,17,37,76,Drip,90,Soybean,Groundnut,Cotton,Medium,188,27,50,66966,/content/drive/MyDrive/dataset/CyAUG-Dataset/Red_Soil/r (1006).jpeg
Loamy,6.22,51,37,42,38,Flood,51,Wheat,Groundnut,Maize,Low,198,21,63,61658,/content/drive/MyDrive/dataset/CyAUG-Dataset/Red_Soil/r (389).jpeg
Loamy,5.66,44,27,21,50,Drip,95,Barley,Cotton,Millet,High,126,22,50,21532,/content/drive/MyDrive/dataset/CyAUG-Dataset/Red_Soil/r (175).jpeg
Sandy,6.34,43,32,34,55,Drip,58,Vegetables,Soybean,Cotton,High,136,22,81,44681,/content/drive/MyDrive/dataset/CyAUG-Dataset/Red_Soil/r (507).jpeg
Clay,7.29,37,20,28,64,Drip,64,Millet,Millet,Wheat,Low,102,20,84,71251,/content/drive/MyDrive/dataset/CyAUG-Dataset/Red_Soil/65a.jpg
Sandy,7.04,26,38,41,61,Drip,93,Sugarcane,Vegetables,Rice,Low,170,20,48,69054,/content/drive/MyDrive/dataset/CyAUG-Dataset/Red_Soil/r (512).jpeg
Sandy,5.84,50,18,34,38,Flood,65,Vegetables,Vegetables,Maize,Low,94,31,44,51534,/content/drive/MyDrive/dataset/CyAUG-Dataset/Red_Soil/r (443).jpeg
Silty,5.81,57,40,40,59,Drip,57,Millet,Barley,Sugarcane,Low,177,27,72,77146,/content/drive/MyDrive/dataset/CyAUG-Dataset/Red_Soil/r (397).jpeg
Sandy,5.82,35,23,33,42,Sprinkler,56,Groundnut,Barley,Barley,Low,150,21,43,78546,/content/drive/MyDrive/dataset/CyAUG-Dataset/Red_Soil/r (476).jpeg
Clay,7.0,42,39,45,36,Drip,63,Rice,Barley,Vegetables,Medium,194,31,81,45357,/content/drive/MyDrive/dataset/CyAUG-Dataset/Red_Soil/r (155).jpeg
Clay,5.9,32,40,39,42,Drip,64,Maize,Vegetables,Maize,Low,172,21,76,78748,/content/drive/MyDrive/dataset/CyAUG-Dataset/Red_Soil/39.jpg
Loamy,6.55,28,17,48,62,Flood,68,Vegetables,Cotton,Rice,Low,88,27,69,39125,/content/drive/MyDrive/dataset/CyAUG-Dataset/Red_Soil/r (353).jpeg
Loamy,6.6,27,38,34,39,Flood,88,Wheat,Soybean,Wheat,Medium,199,28,50,42250,/content/drive/MyDrive/dataset/CyAUG-Dataset/Red_Soil/r (244).jpeg
Loamy,6.77,46,30,29,63,Sprinkler,67,Soybean,Rice,Vegetables,Low,145,25,67,44272,/content/drive/MyDrive/dataset/CyAUG-Dataset/Red_Soil/r (172).jpeg
Loamy,5.84,39,38,20,34,Drip,86,Vegetables,Barley,Vegetables,Low,56,32,71,38790,/content/drive/MyDrive/dataset/CyAUG-Dataset/Red_Soil/r (342).jpeg
Silty,7.22,51,26,27,44,Sprinkler,74,Wheat,Soybean,Groundnut,High,119,24,65,40554,/content/drive/MyDrive/dataset/CyAUG-Dataset/Red_Soil/r (334).jpeg
Silty,5.68,47,24,26,78,Drip,59,Cotton,Wheat,Soybean,High,152,23,80,25136,/content/drive/MyDrive/dataset/CyAUG-Dataset/Red_Soil/41a.jpg
Sandy,6.47,20,29,23,62,Drip,78,Millet,Vegetables,Wheat,Low,162,35,74,56034,/content/drive/MyDrive/dataset/CyAUG-Dataset/Red_Soil/r (377).jpeg
Silty,6.18,23,26,39,59,Drip,80,Soybean,Sugarcane,Soybean,Low,169,32,78,63763,/content/drive/MyDrive/dataset/CyAUG-Dataset/Red_Soil/r (343).jpeg
Loamy,6.78,43,23,31,45,Sprinkler,67,Wheat,Millet,Sugarcane,Medium,113,34,75,72668,/content/drive/MyDrive/dataset/CyAUG-Dataset/Red_Soil/66.jpg
Clay,6.4,38,38,32,51,Drip,51,Sugarcane,Maize,Rice,High,118,31,67,63906,/content/drive/MyDrive/dataset/CyAUG-Dataset/Red_Soil/r (416).jpeg
Silty,6.68,31,15,34,61,Sprinkler,68,Maize,Maize,Groundnut,High,151,25,55,68497,/content/drive/MyDrive/dataset/CyAUG-Dataset/Red_Soil/7.jpg
Sandy,5.89,46,33,30,79,Drip,74,Maize,Barley,Barley,High,54,26,47,59754,/content/drive/MyDrive/dataset/CyAUG-Dataset/Red_Soil/r (22).jpeg
Silty,6.02,20,38,32,33,Drip,72,Soybean,Barley,Sugarcane,High,193,27,57,42652,/content/drive/MyDrive/dataset/CyAUG-Dataset/Red_Soil/r (496).jpeg
Silty,6.99,24,27,24,60,Flood,83,Sugarcane,Vegetables,Soybean,Medium,129,33,90,28667,/content/drive/MyDrive/dataset/CyAUG-Dataset/Red_Soil/r (316).jpeg
Sandy,6.19,39,34,34,44,Sprinkler,83,Millet,Soybean,Sugarcane,Medium,72,22,74,68551,/content/drive/MyDrive/dataset/CyAUG-Dataset/Red_Soil/r (447).jpeg
Clay,6.53,38,30,50,68,Sprinkler,78,Cotton,Groundnut,Millet,Medium,167,25,84,71265,/content/drive/MyDrive/dataset/CyAUG-Dataset/Red_Soil/r (268).jpeg
Silty,5.82,26,39,29,51,Flood,83,Barley,Wheat,Maize,Medium,107,35,52,63529,/content/drive/MyDrive/dataset/CyAUG-Dataset/Red_Soil/r (17).jpeg
Sandy,7.37,55,29,34,79,Sprinkler,51,Groundnut,Vegetables,Sugarcane,High,97,27,43,48224,/content/drive/MyDrive/dataset/CyAUG-Dataset/Red_Soil/r (519).jpeg
Sandy,5.58,30,30,21,50,Flood,87,Groundnut,Wheat,Vegetables,Low,181,29,58,79820,/content/drive/MyDrive/dataset/CyAUG-Dataset/Red_Soil/r (318).jpeg
Sandy,7.26,21,25,30,62,Drip,54,Cotton,Millet,Cotton,Low,160,30,73,34616,/content/drive/MyDrive/dataset/CyAUG-Dataset/Red_Soil/r (289).jpeg
Silty,6.9,31,23,34,76,Sprinkler,86,Soybean,Vegetables,Rice,Medium,134,23,66,57925,/content/drive/MyDrive/dataset/CyAUG-Dataset/Red_Soil/27.jpg
Sandy,5.85,25,26,48,64,Flood,61,Rice,Cotton,Wheat,Low,111,35,44,50384,/content/drive/MyDrive/dataset/CyAUG-Dataset/Red_Soil/r (427).jpeg
Silty,7.32,25,27,20,73,Sprinkler,70,Barley,Barley,Groundnut,Low,105,20,71,32726,/content/drive/MyDrive/dataset/CyAUG-Dataset/Red_Soil/r (191).jpeg
Clay,6.87,39,39,27,53,Flood,91,Vegetables,Wheat,Maize,High,51,26,61,46940,/content/drive/MyDrive/dataset/CyAUG-Dataset/Red_Soil/r (432).jpeg
Loamy,6.55,20,22,23,36,Flood,77,Barley,Sugarcane,Maize,High,68,35,79,34221,/content/drive/MyDrive/dataset/CyAUG-Dataset/Red_Soil/r (525).jpeg
Silty,6.78,54,23,38,42,Drip,83,Wheat,Millet,Rice,Low,110,35,51,65330,/content/drive/MyDrive/dataset/CyAUG-Dataset/Red_Soil/31.jpg
Clay,6.71,50,39,26,55,Sprinkler,65,Millet,Rice,Barley,Medium,127,27,50,47522,/content/drive/MyDrive/dataset/CyAUG-Dataset/Red_Soil/r (41).jpeg
Clay,5.57,45,38,20,44,Drip,77,Rice,Sugarcane,Soybean,Medium,121,30,74,48005,/content/drive/MyDrive/dataset/CyAUG-Dataset/Red_Soil/r (498).jpeg
Silty,6.18,32,20,32,55,Sprinkler,81,Sugarcane,Barley,Barley,High,127,26,74,53371,/content/drive/MyDrive/dataset/CyAUG-Dataset/Red_Soil/r (308).jpeg
Clay,6.63,58,28,36,44,Drip,69,Vegetables,Wheat,Groundnut,High,123,22,85,20348,/content/drive/MyDrive/dataset/CyAUG-Dataset/Red_Soil/r (463).jpeg
Silty,5.62,34,22,48,50,Sprinkler,68,Groundnut,Sugarcane,Cotton,High,131,26,88,54812,/content/drive/MyDrive/dataset/CyAUG-Dataset/Red_Soil/59.jpg
Loamy,5.68,28,21,38,62,Drip,85,Vegetables,Rice,Soybean,Medium,77,21,79,69520,/content/drive/MyDrive/dataset/CyAUG-Dataset/Red_Soil/r (515).jpeg
Sandy,6.29,29,35,30,65,Flood,73,Rice,Vegetables,Vegetables,Medium,197,22,44,77282,/content/drive/MyDrive/dataset/CyAUG-Dataset/Red_Soil/r (354).jpeg
Silty,6.87,28,38,46,55,Drip,54,Rice,Rice,Soybean,Medium,54,34,57,27929,/content/drive/MyDrive/dataset/CyAUG-Dataset/Red_Soil/r (287).jpeg
Clay,6.94,33,27,33,54,Sprinkler,59,Vegetables,Vegetables,Groundnut,Low,197,28,73,31694,/content/drive/MyDrive/dataset/CyAUG-Dataset/Red_Soil/r (376).jpeg
Silty,7.25,56,37,33,30,Drip,92,Wheat,Millet,Vegetables,Low,123,31,62,24975,/content/drive/MyDrive/dataset/CyAUG-Dataset/Red_Soil/r (52).jpeg
Silty,6.1,47,29,43,79,Flood,57,Maize,Sugarcane,Wheat,Medium,117,20,86,55241,/content/drive/MyDrive/dataset/CyAUG-Dataset/Red_Soil/r (341).jpeg
Loamy,7.22,26,37,49,78,Sprinkler,72,Groundnut,Rice,Sugarcane,Medium,150,31,56,74826,/content/drive/MyDrive/dataset/CyAUG-Dataset/Red_Soil/r (326).jpeg
Loamy,7.03,35,21,21,44,Flood,50,Groundnut,Rice,Barley,Low,102,21,86,72110,/content/drive/MyDrive/dataset/CyAUG-Dataset/Red_Soil/r (298).jpeg
Silty,7.01,52,19,36,67,Sprinkler,74,Millet,Rice,Groundnut,Low,76,24,74,34003,/content/drive/MyDrive/dataset/CyAUG-Dataset/Red_Soil/r (493).jpeg
Sandy,5.61,36,30,33,55,Flood,51,Cotton,Barley,Maize,Low,116,35,88,41616,/content/drive/MyDrive/dataset/CyAUG-Dataset/Red_Soil/r (136).jpeg
Clay,6.52,25,39,33,75,Sprinkler,54,Maize,Millet,Rice,Medium,62,35,56,43469,/content/drive/MyDrive/dataset/CyAUG-Dataset/Red_Soil/28a.jpg
Clay,6.8,30,16,41,58,Sprinkler,57,Sugarcane,Soybean,Groundnut,High,86,27,50,68059,/content/drive/MyDrive/dataset/CyAUG-Dataset/Red_Soil/r (265).jpeg
Loamy,6.98,42,28,30,65,Flood,81,Maize,Sugarcane,Maize,High,107,20,57,20897,/content/drive/MyDrive/dataset/CyAUG-Dataset/Red_Soil/r (108).jpeg
Sandy,6.77,37,30,31,63,Sprinkler,55,Cotton,Cotton,Maize,Medium,134,23,67,71634,/content/drive/MyDrive/dataset/CyAUG-Dataset/Red_Soil/r (336).jpeg
Loamy,7.31,37,32,22,66,Flood,69,Soybean,Wheat,Soybean,Medium,133,34,51,67817,/content/drive/MyDrive/dataset/CyAUG-Dataset/Red_Soil/r (27).jpeg
Sandy,5.69,28,23,46,79,Drip,57,Rice,Cotton,Cotton,High,99,33,87,28152,/content/drive/MyDrive/dataset/CyAUG-Dataset/Red_Soil/r (16).jpeg
Sandy,7.39,20,32,27,57,Sprinkler,56,Maize,Maize,Cotton,Medium,175,28,82,53017,/content/drive/MyDrive/dataset/CyAUG-Dataset/Red_Soil/r (500).jpeg
Clay,7.1,23,21,47,79,Flood,56,Barley,Rice,Wheat,High,55,35,69,55426,/content/drive/MyDrive/dataset/CyAUG-Dataset/Red_Soil/r (207).jpeg
Silty,6.94,38,34,49,31,Flood,75,Cotton,Barley,Barley,High,200,21,72,48322,/content/drive/MyDrive/dataset/CyAUG-Dataset/Red_Soil/30.jpg
Loamy,5.53,60,39,40,67,Sprinkler,61,Groundnut,Soybean,Barley,High,163,20,42,56859,/content/drive/MyDrive/dataset/CyAUG-Dataset/Red_Soil/r (49).jpeg
Clay,5.73,50,29,23,63,Drip,87,Millet,Cotton,Rice,High,198,32,48,59317,/content/drive/MyDrive/dataset/CyAUG-Dataset/Red_Soil/r (116).jpeg
Sandy,6.42,25,29,21,47,Flood,56,Maize,Rice,Vegetables,Medium,175,23,47,59347,/content/drive/MyDrive/dataset/CyAUG-Dataset/Red_Soil/69.jpg
Sandy,6.57,36,31,27,68,Drip,72,Rice,Rice,Soybean,Low,143,29,90,26857,/content/drive/MyDrive/dataset/CyAUG-Dataset/Red_Soil/r (137).jpeg
Loamy,7.22,40,39,40,64,Flood,71,Wheat,Cotton,Maize,Medium,158,22,68,62643,/content/drive/MyDrive/dataset/CyAUG-Dataset/Red_Soil/r (439).jpeg
Loamy,6.87,39,28,47,44,Flood,77,Sugarcane,Barley,Wheat,High,58,20,75,55535,/content/drive/MyDrive/dataset/CyAUG-Dataset/Red_Soil/r (165).jpeg
Loamy,6.83,50,33,20,38,Drip,90,Sugarcane,Groundnut,Rice,High,154,32,90,28947,/content/drive/MyDrive/dataset/CyAUG-Dataset/Red_Soil/60.jpg
Loamy,6.02,30,32,31,44,Sprinkler,72,Cotton,Millet,Maize,High,65,27,44,71756,/content/drive/MyDrive/dataset/CyAUG-Dataset/Red_Soil/r (462).jpeg
Silty,7.37,34,33,35,38,Drip,58,Groundnut,Soybean,Rice,Low,77,20,44,47775,/content/drive/MyDrive/dataset/CyAUG-Dataset/Red_Soil/r (467).jpeg
Sandy,6.18,36,28,27,43,Flood,86,Soybean,Soybean,Rice,Low,139,29,88,70395,/content/drive/MyDrive/dataset/CyAUG-Dataset/Red_Soil/71.jpg
Silty,5.87,27,33,38,64,Drip,92,Barley,Wheat,Soybean,High,186,27,44,34251,/content/drive/MyDrive/dataset/CyAUG-Dataset/Red_Soil/r (483).jpeg
Silty,7.39,56,32,43,51,Sprinkler,88,Rice,Vegetables,Soybean,Low,115,30,67,67520,/content/drive/MyDrive/dataset/CyAUG-Dataset/Red_Soil/r (381).jpeg
Clay,7.03,20,24,23,47,Drip,78,Vegetables,Cotton,Groundnut,Low,156,21,68,78359,/content/drive/MyDrive/dataset/CyAUG-Dataset/Red_Soil/r (15).jpeg
Clay,6.23,47,25,46,78,Drip,69,Soybean,Wheat,Barley,High,65,32,72,53962,/content/drive/MyDrive/dataset/CyAUG-Dataset/Red_Soil/r (410).jpeg
Loamy,5.71,20,37,28,48,Drip,72,Millet,Groundnut,Wheat,Medium,154,29,53,71552,/content/drive/MyDrive/dataset/CyAUG-Dataset/Red_Soil/r (251).jpeg
Silty,5.83,27,31,36,75,Drip,72,Millet,Vegetables,Vegetables,Low,100,35,82,21049,/content/drive/MyDrive/dataset/CyAUG-Dataset/Red_Soil/13a.jpg
Clay,6.81,29,38,31,75,Flood,50,Sugarcane,Wheat,Groundnut,Low,74,27,58,77953,/content/drive/MyDrive/dataset/CyAUG-Dataset/Red_Soil/r (209).jpeg
Clay,5.81,34,30,27,35,Sprinkler,73,Vegetables,Wheat,Groundnut,Low,57,20,53,50658,/content/drive/MyDrive/dataset/CyAUG-Dataset/Red_Soil/19.jpg
Loamy,6.73,30,17,35,39,Flood,83,Maize,Millet,Rice,Low,93,31,84,69899,/content/drive/MyDrive/dataset/CyAUG-Dataset/Red_Soil/r (242).jpeg
Clay,5.96,41,23,36,67,Flood,72,Groundnut,Cotton,Vegetables,High,181,28,45,24328,/content/drive/MyDrive/dataset/CyAUG-Dataset/Red_Soil/r (464).jpeg
Silty,6.18,25,23,26,46,Flood,50,Wheat,Soybean,Groundnut,Low,69,31,73,25255,/content/drive/MyDrive/dataset/CyAUG-Dataset/Red_Soil/r (181).jpeg
Clay,6.08,48,26,43,58,Drip,56,Soybean,Millet,Millet,Low,76,32,53,66930,/content/drive/MyDrive/dataset/CyAUG-Dataset/Red_Soil/r (255).jpeg
Loamy,5.87,25,38,21,60,Drip,69,Vegetables,Wheat,Millet,Medium,140,34,48,71816,/content/drive/MyDrive/dataset/CyAUG-Dataset/Red_Soil/57.jpg
Sandy,6.49,38,28,26,47,Drip,80,Rice,Wheat,Sugarcane,Low,130,30,79,30251,/content/drive/MyDrive/dataset/CyAUG-Dataset/Red_Soil/r (388).jpeg
Loamy,6.88,21,23,26,34,Drip,84,Sugarcane,Millet,Cotton,High,117,20,65,28840,/content/drive/MyDrive/dataset/CyAUG-Dataset/Red_Soil/r (461).jpeg
Loamy,7.3,34,36,24,51,Sprinkler,65,Vegetables,Sugarcane,Sugarcane,Medium,55,21,81,20312,/content/drive/MyDrive/dataset/CyAUG-Dataset/Red_Soil/r (1001).jpeg
Silty,7.22,30,17,50,46,Flood,67,Rice,Barley,Millet,High,114,23,69,69549,/content/drive/MyDrive/dataset/CyAUG-Dataset/Red_Soil/r (363).jpeg
Clay,6.58,59,25,35,65,Sprinkler,88,Vegetables,Wheat,Millet,Low,167,30,65,35012,/content/drive/MyDrive/dataset/CyAUG-Dataset/Red_Soil/r (395).jpeg
Clay,5.56,21,20,33,77,Flood,69,Vegetables,Vegetables,Vegetables,Low,156,30,76,36449,/content/drive/MyDrive/dataset/CyAUG-Dataset/Red_Soil/79.jpg
Silty,5.58,56,22,49,54,Sprinkler,79,Vegetables,Vegetables,Wheat,Low,172,32,58,32961,/content/drive/MyDrive/dataset/CyAUG-Dataset/Red_Soil/r (252).jpeg
Clay,6.51,36,23,34,55,Drip,57,Vegetables,Soybean,Vegetables,High,135,31,54,75460,/content/drive/MyDrive/dataset/CyAUG-Dataset/Red_Soil/r (487).jpeg
Clay,7.12,52,30,31,57,Drip,60,Barley,Groundnut,Sugarcane,High,136,35,88,41134,/content/drive/MyDrive/dataset/CyAUG-Dataset/Red_Soil/r (221).jpeg
Sandy,6.56,49,18,26,75,Drip,95,Soybean,Millet,Millet,Medium,140,27,70,72699,/content/drive/MyDrive/dataset/CyAUG-Dataset/Red_Soil/r (414).jpeg
Clay,5.82,44,23,23,61,Sprinkler,81,Sugarcane,Millet,Groundnut,Medium,184,29,57,25180,/content/drive/MyDrive/dataset/CyAUG-Dataset/Red_Soil/r (184).jpeg
Sandy,5.7,32,33,34,40,Flood,85,Sugarcane,Groundnut,Barley,Medium,150,20,49,66719,/content/drive/MyDrive/dataset/CyAUG-Dataset/Red_Soil/r (295).jpeg
Loamy,5.86,40,32,22,49,Flood,70,Barley,Vegetables,Wheat,Medium,158,35,90,59300,/content/drive/MyDrive/dataset/CyAUG-Dataset/Red_Soil/r (106).jpeg
Clay,5.66,59,19,37,75,Sprinkler,90,Millet,Millet,Groundnut,Low,135,30,67,27136,/content/drive/MyDrive/dataset/CyAUG-Dataset/Red_Soil/r (105).jpeg
Silty,5.93,38,28,32,69,Flood,91,Sugarcane,Cotton,Barley,Low,197,32,76,67683,/content/drive/MyDrive/dataset/CyAUG-Dataset/Red_Soil/42.jpg
Loamy,6.33,55,31,25,36,Flood,66,Sugarcane,Rice,Rice,Low,143,25,83,35131,/content/drive/MyDrive/dataset/CyAUG-Dataset/Red_Soil/r (335).jpeg
Clay,6.07,29,23,34,74,Drip,61,Barley,Maize,Rice,Medium,55,28,60,55017,/content/drive/MyDrive/dataset/CyAUG-Dataset/Red_Soil/r (428).jpeg
Sandy,6.6,40,39,33,63,Sprinkler,82,Barley,Cotton,Cotton,Medium,168,34,81,37728,/content/drive/MyDrive/dataset/CyAUG-Dataset/Red_Soil/r (38).jpeg
Silty,5.81,24,21,25,75,Flood,61,Millet,Soybean,Barley,Low,93,26,44,47206,/content/drive/MyDrive/dataset/CyAUG-Dataset/Red_Soil/r (125).jpeg
Sandy,5.82,45,26,21,38,Sprinkler,77,Soybean,Maize,Vegetables,High,75,21,68,75434,/content/drive/MyDrive/dataset/CyAUG-Dataset/Red_Soil/r (47).jpeg
Clay,6.51,40,27,20,44,Flood,80,Sugarcane,Maize,Cotton,Low,118,23,57,77900,/content/drive/MyDrive/dataset/CyAUG-Dataset/Red_Soil/r (351).jpeg
Silty,6.34,23,29,46,78,Sprinkler,85,Vegetables,Millet,Vegetables,Medium,102,30,51,77780,/content/drive/MyDrive/dataset/CyAUG-Dataset/Red_Soil/r (387).jpeg
Loamy,6.86,28,40,39,43,Sprinkler,54,Cotton,Barley,Barley,Low,127,32,61,66127,/content/drive/MyDrive/dataset/CyAUG-Dataset/Red_Soil/r (273).jpeg
Sandy,6.94,23,28,33,66,Drip,91,Millet,Barley,Maize,Medium,101,31,64,57977,/content/drive/MyDrive/dataset/CyAUG-Dataset/Red_Soil/r (458).jpeg
Clay,6.95,42,18,49,32,Drip,94,Sugarcane,Groundnut,Soybean,Medium,141,25,55,23525,/content/drive/MyDrive/dataset/CyAUG-Dataset/Red_Soil/r (328).jpeg
Clay,7.14,53,26,38,30,Flood,62,Millet,Sugarcane,Soybean,Low,76,24,42,56353,/content/drive/MyDrive/dataset/CyAUG-Dataset/Red_Soil/63.jpg
Silty,5.85,42,20,39,33,Drip,95,Rice,Sugarcane,Groundnut,High,83,28,47,40593,/content/drive/MyDrive/dataset/CyAUG-Dataset/Red_Soil/20a.jpg
Sandy,6.73,35,30,40,50,Sprinkler,92,Sugarcane,Wheat,Sugarcane,Medium,120,33,84,47082,/content/drive/MyDrive/dataset/CyAUG-Dataset/Red_Soil/r (1003).jpeg
Sandy,5.67,41,18,49,70,Sprinkler,76,Soybean,Soybean,Vegetables,High,125,21,51,73112,/content/drive/MyDrive/dataset/CyAUG-Dataset/Red_Soil/r (176).jpeg
Sandy,7.28,58,21,44,67,Drip,72,Cotton,Vegetables,Millet,High,119,30,51,22452,/content/drive/MyDrive/dataset/CyAUG-Dataset/Red_Soil/41c.jpeg
Sandy,5.68,29,26,39,58,Flood,86,Rice,Barley,Sugarcane,Medium,66,33,90,41534,/content/drive/MyDrive/dataset/CyAUG-Dataset/Red_Soil/r (290).jpeg
Clay,5.52,44,27,38,40,Drip,52,Groundnut,Maize,Soybean,High,129,34,84,34821,/content/drive/MyDrive/dataset/CyAUG-Dataset/Red_Soil/r (327).jpeg
Loamy,6.97,46,40,41,38,Sprinkler,68,Soybean,Maize,Sugarcane,Medium,66,31,63,61111,/content/drive/MyDrive/dataset/CyAUG-Dataset/Red_Soil/r (759).jpeg
Silty,5.54,33,37,20,68,Drip,88,Vegetables,Maize,Maize,Medium,163,34,46,49024,/content/drive/MyDrive/dataset/CyAUG-Dataset/Red_Soil/r (715).jpeg
Sandy,7.27,22,31,23,43,Drip,68,Rice,Vegetables,Vegetables,Medium,180,29,60,74395,/content/drive/MyDrive/dataset/CyAUG-Dataset/Red_Soil/r (733).jpeg
Silty,5.96,43,35,31,46,Flood,89,Groundnut,Barley,Cotton,Low,158,21,82,25607,/content/drive/MyDrive/dataset/CyAUG-Dataset/Red_Soil/r (844).jpeg
Loamy,6.33,52,38,25,70,Drip,53,Groundnut,Vegetables,Vegetables,Low,107,23,82,24760,/content/drive/MyDrive/dataset/CyAUG-Dataset/Red_Soil/r (612).jpeg
Silty,7.24,31,29,26,46,Flood,80,Soybean,Rice,Cotton,High,182,33,77,20293,/content/drive/MyDrive/dataset/CyAUG-Dataset/Red_Soil/r (930).jpeg
Sandy,6.22,49,25,40,79,Sprinkler,53,Millet,Maize,Barley,High,72,30,59,50981,/content/drive/MyDrive/dataset/CyAUG-Dataset/Red_Soil/r (635).jpeg
Clay,7.05,50,27,40,49,Drip,60,Wheat,Millet,Soybean,Low,95,35,67,66185,/content/drive/MyDrive/dataset/CyAUG-Dataset/Red_Soil/r (892).jpeg
Silty,6.32,49,34,50,35,Sprinkler,62,Sugarcane,Soybean,Soybean,Low,116,30,44,47129,/content/drive/MyDrive/dataset/CyAUG-Dataset/Red_Soil/r (829).jpeg
Sandy,5.57,43,18,35,36,Sprinkler,94,Wheat,Cotton,Cotton,Low,79,29,56,37207,/content/drive/MyDrive/dataset/CyAUG-Dataset/Red_Soil/r (575).jpeg
Loamy,6.25,39,18,25,32,Drip,92,Millet,Wheat,Millet,Low,137,28,46,73641,/content/drive/MyDrive/dataset/CyAUG-Dataset/Red_Soil/r (751).jpeg
Clay,6.15,46,18,45,80,Sprinkler,52,Barley,Wheat,Barley,Medium,91,24,58,78806,/content/drive/MyDrive/dataset/CyAUG-Dataset/Red_Soil/r (567).jpeg
Loamy,6.44,35,28,32,60,Drip,94,Rice,Wheat,Vegetables,Low,91,23,77,61778,/content/drive/MyDrive/dataset/CyAUG-Dataset/Red_Soil/r (727).jpeg
Clay,6.3,26,23,38,53,Sprinkler,73,Soybean,Sugarcane,Barley,Medium,101,21,62,43548,/content/drive/MyDrive/dataset/CyAUG-Dataset/Red_Soil/r (861).jpeg
Silty,7.09,60,36,26,75,Drip,73,Vegetables,Soybean,Wheat,Medium,95,25,72,39859,/content/drive/MyDrive/dataset/CyAUG-Dataset/Red_Soil/r (997).jpeg
Silty,7.33,50,24,22,47,Drip,82,Vegetables,Cotton,Groundnut,Low,172,21,53,22415,/content/drive/MyDrive/dataset/CyAUG-Dataset/Red_Soil/r (589).jpeg
Loamy,5.81,45,36,37,42,Flood,78,Maize,Barley,Maize,Medium,177,22,49,55272,/content/drive/MyDrive/dataset/CyAUG-Dataset/Red_Soil/r (571).jpeg
Silty,7.5,44,38,33,46,Flood,71,Maize,Groundnut,Vegetables,Low,150,30,69,65624,/content/drive/MyDrive/dataset/CyAUG-Dataset/Red_Soil/r (783).jpeg
Clay,7.08,44,36,46,41,Flood,72,Millet,Groundnut,Barley,Medium,189,33,52,73988,/content/drive/MyDrive/dataset/CyAUG-Dataset/Red_Soil/r (653).jpeg
Sandy,5.63,31,17,24,45,Flood,86,Millet,Wheat,Barley,High,168,32,40,63477,/content/drive/MyDrive/dataset/CyAUG-Dataset/Red_Soil/r (974).jpeg
Silty,6.57,25,30,31,49,Sprinkler,93,Soybean,Soybean,Cotton,High,147,33,42,54844,/content/drive/MyDrive/dataset/CyAUG-Dataset/Red_Soil/r (60).jpeg
Silty,5.8,33,16,31,50,Flood,90,Maize,Maize,Vegetables,High,115,22,60,36473,/content/drive/MyDrive/dataset/CyAUG-Dataset/Red_Soil/r (73).jpeg
Clay,5.7,43,27,25,51,Drip,53,Maize,Groundnut,Cotton,Medium,109,34,77,57553,/content/drive/MyDrive/dataset/CyAUG-Dataset/Red_Soil/r (797).jpeg
Silty,6.86,32,17,22,75,Drip,60,Groundnut,Millet,Cotton,High,169,30,54,26026,/content/drive/MyDrive/dataset/CyAUG-Dataset/Red_Soil/r (67).jpeg
Sandy,5.82,34,29,24,63,Sprinkler,75,Cotton,Millet,Wheat,Medium,150,34,71,30097,/content/drive/MyDrive/dataset/CyAUG-Dataset/Red_Soil/r (949).jpeg
Sandy,5.68,27,23,43,56,Flood,72,Sugarcane,Vegetables,Wheat,Low,173,32,78,56589,/content/drive/MyDrive/dataset/CyAUG-Dataset/Red_Soil/r (850).jpeg
Loamy,6.72,23,36,22,74,Drip,59,Rice,Cotton,Soybean,Low,119,28,63,62057,/content/drive/MyDrive/dataset/CyAUG-Dataset/Red_Soil/r (82).jpeg
Loamy,7.27,22,40,34,52,Sprinkler,58,Wheat,Vegetables,Rice,High,107,29,73,30733,/content/drive/MyDrive/dataset/CyAUG-Dataset/Red_Soil/r (652).jpeg
Clay,7.0,44,22,27,66,Drip,87,Barley,Vegetables,Wheat,Medium,72,31,40,70520,/content/drive/MyDrive/dataset/CyAUG-Dataset/Red_Soil/r (618).jpeg
Sandy,6.01,25,37,41,72,Drip,58,Vegetables,Cotton,Cotton,High,81,28,50,40617,/content/drive/MyDrive/dataset/CyAUG-Dataset/Red_Soil/r (835).jpeg
Silty,6.57,39,24,45,70,Flood,61,Sugarcane,Rice,Cotton,Medium,170,20,47,37765,/content/drive/MyDrive/dataset/CyAUG-Dataset/Red_Soil/r (563).jpeg
Silty,6.08,21,20,39,55,Sprinkler,71,Barley,Cotton,Barley,Medium,107,32,60,26371,/content/drive/MyDrive/dataset/CyAUG-Dataset/Red_Soil/r (696).jpeg
Loamy,6.48,27,25,34,43,Flood,81,Rice,Sugarcane,Maize,Medium,58,34,52,69559,/content/drive/MyDrive/dataset/CyAUG-Dataset/Red_Soil/r (595).jpeg
Clay,6.24,58,36,46,41,Drip,80,Groundnut,Groundnut,Millet,Low,145,24,65,67004,/content/drive/MyDrive/dataset/CyAUG-Dataset/Red_Soil/r (622).jpeg
Sandy,5.97,52,26,33,70,Sprinkler,58,Maize,Millet,Wheat,Medium,120,22,79,40512,/content/drive/MyDrive/dataset/CyAUG-Dataset/Red_Soil/r (777).jpeg
Sandy,6.38,46,25,26,33,Flood,70,Rice,Groundnut,Maize,High,92,33,74,63725,/content/drive/MyDrive/dataset/CyAUG-Dataset/Red_Soil/r (870).jpeg
Silty,7.11,29,18,27,63,Sprinkler,66,Groundnut,Groundnut,Groundnut,Low,199,33,50,27937,/content/drive/MyDrive/dataset/CyAUG-Dataset/Red_Soil/r (645).jpeg
Sandy,5.92,59,39,28,31,Drip,85,Soybean,Barley,Millet,Low,127,29,79,21985,/content/drive/MyDrive/dataset/CyAUG-Dataset/Red_Soil/r (683).jpeg
Sandy,6.58,35,26,27,73,Flood,84,Soybean,Sugarcane,Millet,Low,171,34,63,75641,/content/drive/MyDrive/dataset/CyAUG-Dataset/Red_Soil/r (650).jpeg
Sandy,5.91,34,23,24,67,Sprinkler,61,Groundnut,Groundnut,Barley,High,105,23,78,79426,/content/drive/MyDrive/dataset/CyAUG-Dataset/Red_Soil/r (95).jpeg
Loamy,6.07,35,36,35,67,Sprinkler,71,Sugarcane,Sugarcane,Sugarcane,Medium,176,32,66,59376,/content/drive/MyDrive/dataset/CyAUG-Dataset/Red_Soil/r (541).jpeg
Sandy,5.52,37,25,26,44,Drip,85,Soybean,Soybean,Wheat,Medium,88,34,67,52253,/content/drive/MyDrive/dataset/CyAUG-Dataset/Red_Soil/r (887).jpeg
Clay,5.82,33,27,30,79,Drip,92,Rice,Maize,Vegetables,High,165,32,77,45438,/content/drive/MyDrive/dataset/CyAUG-Dataset/Red_Soil/r (798).jpeg
Clay,6.22,32,24,45,58,Drip,61,Soybean,Maize,Millet,Medium,195,23,85,61061,/content/drive/MyDrive/dataset/CyAUG-Dataset/Red_Soil/r (623).jpeg
Silty,6.13,54,31,26,33,Sprinkler,59,Millet,Groundnut,Millet,High,168,24,59,57117,/content/drive/MyDrive/dataset/CyAUG-Dataset/Red_Soil/r (712).jpeg
Loamy,6.31,26,21,24,44,Sprinkler,69,Wheat,Millet,Cotton,Low,100,33,72,54697,/content/drive/MyDrive/dataset/CyAUG-Dataset/Red_Soil/r (985).jpeg
Clay,7.42,22,36,33,34,Sprinkler,55,Wheat,Barley,Soybean,High,163,25,72,34008,/content/drive/MyDrive/dataset/CyAUG-Dataset/Red_Soil/r (999).jpeg
Loamy,6.02,45,27,23,59,Drip,52,Groundnut,Wheat,Rice,Medium,200,28,72,34625,/content/drive/MyDrive/dataset/CyAUG-Dataset/Red_Soil/r (741).jpeg
Silty,5.54,31,33,31,77,Sprinkler,62,Wheat,Groundnut,Groundnut,Low,169,33,56,48315,/content/drive/MyDrive/dataset/CyAUG-Dataset/Red_Soil/r (555).jpeg
Silty,6.66,41,16,38,54,Sprinkler,62,Wheat,Millet,Wheat,Medium,56,32,78,38017,/content/drive/MyDrive/dataset/CyAUG-Dataset/Red_Soil/r (93).jpeg
Loamy,6.61,27,38,20,72,Drip,67,Maize,Maize,Sugarcane,Low,133,29,86,58869,/content/drive/MyDrive/dataset/CyAUG-Dataset/Red_Soil/r (619).jpeg
Sandy,7.15,54,30,34,80,Sprinkler,66,Groundnut,Maize,Groundnut,Low,188,30,71,79586,/content/drive/MyDrive/dataset/CyAUG-Dataset/Red_Soil/r (837).jpeg
Clay,7.28,60,18,29,69,Drip,74,Rice,Barley,Vegetables,Medium,77,30,42,53612,/content/drive/MyDrive/dataset/CyAUG-Dataset/Red_Soil/r (581).jpeg
Sandy,7.49,41,26,36,74,Flood,93,Sugarcane,Millet,Barley,Medium,86,23,84,37682,/content/drive/MyDrive/dataset/CyAUG-Dataset/Red_Soil/r (895).jpeg
Sandy,6.54,36,23,25,59,Flood,78,Cotton,Groundnut,Wheat,Medium,63,28,69,69288,/content/drive/MyDrive/dataset/CyAUG-Dataset/Red_Soil/r (573).jpeg
Loamy,6.97,55,18,47,80,Flood,95,Cotton,Millet,Wheat,Low,173,20,89,54644,/content/drive/MyDrive/dataset/CyAUG-Dataset/Red_Soil/r (834).jpeg
Sandy,6.22,41,33,28,58,Drip,61,Rice,Rice,Sugarcane,High,182,30,87,78069,/content/drive/MyDrive/dataset/CyAUG-Dataset/Red_Soil/r (948).jpeg
Silty,5.87,33,30,34,37,Drip,57,Vegetables,Millet,Millet,Medium,132,27,76,25352,/content/drive/MyDrive/dataset/CyAUG-Dataset/Red_Soil/r (688).jpeg
Silty,6.16,52,36,30,58,Flood,95,Wheat,Millet,Maize,High,166,23,87,51891,/content/drive/MyDrive/dataset/CyAUG-Dataset/Red_Soil/r (570).jpeg
Clay,6.43,60,25,31,48,Drip,75,Cotton,Barley,Groundnut,Low,131,32,90,23692,/content/drive/MyDrive/dataset/CyAUG-Dataset/Red_Soil/r (709).jpeg
Loamy,5.62,48,18,37,72,Sprinkler,70,Wheat,Maize,Sugarcane,High,84,32,57,75325,/content/drive/MyDrive/dataset/CyAUG-Dataset/Red_Soil/r (841).jpeg
Silty,7.35,36,15,44,50,Flood,64,Sugarcane,Vegetables,Barley,Low,85,22,43,58849,/content/drive/MyDrive/dataset/CyAUG-Dataset/Red_Soil/r (87).jpeg
Sandy,6.41,56,34,43,79,Flood,53,Groundnut,Millet,Millet,Medium,144,20,40,40439,/content/drive/MyDrive/dataset/CyAUG-Dataset/Red_Soil/r (813).jpeg
Silty,7.07,60,33,28,68,Drip,58,Wheat,Maize,Soybean,High,173,29,72,78007,/content/drive/MyDrive/dataset/CyAUG-Dataset/Red_Soil/r (56).jpeg
Silty,5.82,55,26,36,33,Sprinkler,69,Wheat,Wheat,Rice,Low,104,29,82,22158,/content/drive/MyDrive/dataset/CyAUG-Dataset/Red_Soil/r (69).jpeg
Silty,7.49,46,37,39,52,Flood,68,Millet,Maize,Sugarcane,Low,93,21,69,69609,/content/drive/MyDrive/dataset/CyAUG-Dataset/Red_Soil/r (881).jpeg
Sandy,6.06,36,18,29,79,Drip,87,Maize,Wheat,Maize,Medium,141,29,85,68988,/content/drive/MyDrive/dataset/CyAUG-Dataset/Red_Soil/r (614).jpeg
Loamy,5.97,24,18,23,42,Sprinkler,80,Sugarcane,Vegetables,Cotton,Low,166,30,73,40671,/content/drive/MyDrive/dataset/CyAUG-Dataset/Red_Soil/r (744).jpeg
Silty,7.22,30,30,44,71,Sprinkler,85,Rice,Vegetables,Rice,Low,56,34,57,53810,/content/drive/MyDrive/dataset/CyAUG-Dataset/Red_Soil/r (579).jpeg
Loamy,5.71,60,26,45,50,Drip,75,Cotton,Barley,Maize,Medium,123,20,52,36826,/content/drive/MyDrive/dataset/CyAUG-Dataset/Red_Soil/r (731).jpeg
Clay,6.41,40,19,20,78,Flood,88,Groundnut,Groundnut,Vegetables,Low,55,34,52,69971,/content/drive/MyDrive/dataset/CyAUG-Dataset/Red_Soil/r (682).jpeg
Sandy,6.51,39,15,44,35,Flood,85,Groundnut,Groundnut,Soybean,Low,97,34,63,48172,/content/drive/MyDrive/dataset/CyAUG-Dataset/Red_Soil/r (987).jpeg
Loamy,6.99,50,15,44,61,Flood,82,Barley,Groundnut,Cotton,Medium,187,31,60,42721,/content/drive/MyDrive/dataset/CyAUG-Dataset/Red_Soil/r (856).jpeg
Silty,6.16,58,24,45,44,Drip,56,Barley,Wheat,Rice,High,188,21,86,76842,/content/drive/MyDrive/dataset/CyAUG-Dataset/Red_Soil/r (63).jpeg
Loamy,7.1,56,24,30,46,Flood,68,Wheat,Wheat,Maize,Medium,166,27,73,56952,/content/drive/MyDrive/dataset/CyAUG-Dataset/Red_Soil/r (554).jpeg
Sandy,7.38,48,19,20,56,Sprinkler,59,Groundnut,Vegetables,Wheat,Low,50,29,63,31703,/content/drive/MyDrive/dataset/CyAUG-Dataset/Red_Soil/r (971).jpeg
Clay,6.52,45,28,42,52,Sprinkler,65,Soybean,Rice,Vegetables,Medium,86,20,66,27059,/content/drive/MyDrive/dataset/CyAUG-Dataset/Red_Soil/r (959).jpeg
Clay,6.69,58,39,33,66,Sprinkler,72,Vegetables,Groundnut,Sugarcane,High,127,33,55,63404,/content/drive/MyDrive/dataset/CyAUG-Dataset/Red_Soil/r (919).jpeg
Loamy,6.57,37,35,34,33,Sprinkler,79,Cotton,Vegetables,Vegetables,Low,187,21,70,77015,/content/drive/MyDrive/dataset/CyAUG-Dataset/Red_Soil/r (890).jpeg
Silty,5.75,50,15,26,61,Drip,80,Vegetables,Maize,Soybean,Medium,78,25,43,34973,/content/drive/MyDrive/dataset/CyAUG-Dataset/Red_Soil/r (802).jpeg
Loamy,7.17,20,27,38,62,Flood,93,Maize,Barley,Wheat,Medium,56,28,52,65274,/content/drive/MyDrive/dataset/CyAUG-Dataset/Red_Soil/r (944).jpeg
Loamy,6.99,29,28,40,30,Flood,73,Rice,Groundnut,Cotton,Medium,61,33,62,73898,/content/drive/MyDrive/dataset/CyAUG-Dataset/Red_Soil/r (986).jpeg
Sandy,6.63,24,25,23,66,Flood,93,Sugarcane,Millet,Barley,Low,125,24,50,39640,/content/drive/MyDrive/dataset/CyAUG-Dataset/Red_Soil/r (816).jpeg
Silty,6.1,37,31,26,71,Flood,76,Wheat,Millet,Barley,High,136,29,88,34277,/content/drive/MyDrive/dataset/CyAUG-Dataset/Red_Soil/r (886).jpeg
Sandy,6.11,20,31,32,43,Flood,90,Rice,Millet,Maize,High,109,28,87,59902,/content/drive/MyDrive/dataset/CyAUG-Dataset/Red_Soil/r (606).jpeg
Silty,6.05,55,34,20,56,Sprinkler,91,Barley,Groundnut,Millet,High,138,22,83,64170,/content/drive/MyDrive/dataset/CyAUG-Dataset/Red_Soil/r (586).jpeg
Sandy,7.31,58,40,22,41,Sprinkler,51,Soybean,Cotton,Millet,High,72,26,89,40872,/content/drive/MyDrive/dataset/CyAUG-Dataset/Red_Soil/r (790).jpeg
Loamy,6.35,52,27,22,66,Sprinkler,59,Vegetables,Groundnut,Groundnut,Low,113,25,48,67194,/content/drive/MyDrive/dataset/CyAUG-Dataset/Red_Soil/r (57).jpeg
Silty,7.16,31,26,46,78,Drip,84,Rice,Soybean,Soybean,Low,83,22,74,41964,/content/drive/MyDrive/dataset/CyAUG-Dataset/Red_Soil/r (726).jpeg
Clay,7.03,47,25,30,59,Sprinkler,94,Vegetables,Barley,Rice,Low,93,20,89,28974,/content/drive/MyDrive/dataset/CyAUG-Dataset/Red_Soil/r (89).jpeg
Clay,7.1,28,28,45,63,Flood,70,Wheat,Cotton,Vegetables,High,191,34,66,41737,/content/drive/MyDrive/dataset/CyAUG-Dataset/Red_Soil/r (952).jpeg
Loamy,7.36,50,33,28,62,Flood,82,Sugarcane,Millet,Maize,Low,192,28,49,78964,/content/drive/MyDrive/dataset/CyAUG-Dataset/Red_Soil/r (941).jpeg
Silty,7.49,31,34,22,45,Drip,64,Millet,Rice,Millet,High,128,22,59,53061,/content/drive/MyDrive/dataset/CyAUG-Dataset/Red_Soil/r (673).jpeg
Clay,6.89,32,40,34,53,Drip,89,Cotton,Millet,Cotton,Low,107,33,62,51793,/content/drive/MyDrive/dataset/CyAUG-Dataset/Red_Soil/r (915).jpeg
Loamy,7.11,54,35,49,71,Sprinkler,61,Cotton,Millet,Vegetables,Medium,185,34,46,60964,/content/drive/MyDrive/dataset/CyAUG-Dataset/Red_Soil/r (64).jpeg
Loamy,5.84,28,30,25,72,Sprinkler,82,Barley,Vegetables,Barley,Low,179,31,79,54730,/content/drive/MyDrive/dataset/CyAUG-Dataset/Red_Soil/r (681).jpeg
Clay,6.36,38,20,31,62,Sprinkler,84,Groundnut,Wheat,Vegetables,Medium,147,20,40,42990,/content/drive/MyDrive/dataset/CyAUG-Dataset/Red_Soil/r (896).jpeg
Clay,5.8,50,35,38,75,Flood,92,Soybean,Groundnut,Wheat,Low,52,22,76,65952,/content/drive/MyDrive/dataset/CyAUG-Dataset/Red_Soil/r (546).jpeg
Silty,7.05,20,31,32,67,Flood,88,Soybean,Maize,Wheat,High,173,31,71,25262,/content/drive/MyDrive/dataset/CyAUG-Dataset/Red_Soil/r (805).jpeg
Clay,6.74,44,35,38,34,Sprinkler,88,Soybean,Cotton,Barley,Low,150,23,86,55235,/content/drive/MyDrive/dataset/CyAUG-Dataset/Red_Soil/r (632).jpeg
Clay,6.3,34,36,21,69,Drip,75,Maize,Rice,Soybean,Low,85,30,60,59355,/content/drive/MyDrive/dataset/CyAUG-Dataset/Red_Soil/r (957).jpeg
Loamy,6.73,20,18,31,39,Drip,56,Millet,Rice,Maize,High,185,27,84,33829,/content/drive/MyDrive/dataset/CyAUG-Dataset/Red_Soil/r (710).jpeg
Loamy,6.47,39,28,24,47,Sprinkler,75,Sugarcane,Millet,Soybean,Medium,62,30,72,35810,/content/drive/MyDrive/dataset/CyAUG-Dataset/Red_Soil/r (562).jpeg
Loamy,6.25,47,37,36,60,Flood,51,Maize,Cotton,Cotton,Low,59,27,61,60340,/content/drive/MyDrive/dataset/CyAUG-Dataset/Red_Soil/r (838).jpeg
Silty,5.63,30,34,33,60,Drip,84,Vegetables,Groundnut,Groundnut,Medium,139,30,88,47566,/content/drive/MyDrive/dataset/CyAUG-Dataset/Red_Soil/r (66).jpeg
Clay,5.63,37,40,44,36,Flood,88,Sugarcane,Wheat,Groundnut,High,171,30,84,65893,/content/drive/MyDrive/dataset/CyAUG-Dataset/Red_Soil/r (687).jpeg
Silty,6.29,60,16,43,77,Drip,70,Vegetables,Sugarcane,Barley,High,78,22,88,28637,/content/drive/MyDrive/dataset/CyAUG-Dataset/Red_Soil/r (532).jpeg
Loamy,6.9,41,24,45,30,Flood,75,Barley,Soybean,Millet,High,90,26,70,20246,/content/drive/MyDrive/dataset/CyAUG-Dataset/Red_Soil/r (597).jpeg
Loamy,7.43,49,17,38,46,Drip,81,Millet,Vegetables,Millet,Low,189,23,90,53982,/content/drive/MyDrive/dataset/CyAUG-Dataset/Red_Soil/r (598).jpeg
Loamy,5.82,23,32,26,39,Flood,80,Sugarcane,Sugarcane,Maize,High,194,33,40,72520,/content/drive/MyDrive/dataset/CyAUG-Dataset/Red_Soil/r (995).jpeg
Sandy,6.41,47,23,21,63,Flood,93,Barley,Groundnut,Millet,Low,105,34,52,34898,/content/drive/MyDrive/dataset/CyAUG-Dataset/Red_Soil/r (697).jpeg
Sandy,6.87,29,24,43,35,Sprinkler,95,Rice,Sugarcane,Maize,High,168,20,68,40276,/content/drive/MyDrive/dataset/CyAUG-Dataset/Red_Soil/r (972).jpeg
Clay,6.28,45,40,31,67,Sprinkler,64,Sugarcane,Rice,Vegetables,High,146,25,74,21496,/content/drive/MyDrive/dataset/CyAUG-Dataset/Red_Soil/r (794).jpeg
Clay,5.71,35,34,42,67,Sprinkler,79,Barley,Sugarcane,Groundnut,Low,86,23,61,57441,/content/drive/MyDrive/dataset/CyAUG-Dataset/Red_Soil/r (658).jpeg
Silty,6.54,50,33,42,48,Sprinkler,80,Vegetables,Soybean,Cotton,Low,88,23,64,24499,/content/drive/MyDrive/dataset/CyAUG-Dataset/Red_Soil/r (963).jpeg
Sandy,5.8,20,18,27,61,Sprinkler,71,Soybean,Vegetables,Maize,Low,139,31,49,56212,/content/drive/MyDrive/dataset/CyAUG-Dataset/Red_Soil/r (699).jpeg
Clay,7.22,38,32,36,66,Sprinkler,51,Rice,Groundnut,Wheat,High,176,26,59,79853,/content/drive/MyDrive/dataset/CyAUG-Dataset/Red_Soil/r (540).jpeg
Clay,6.55,50,18,33,50,Drip,62,Vegetables,Rice,Groundnut,Low,106,29,44,33742,/content/drive/MyDrive/dataset/CyAUG-Dataset/Red_Soil/r (927).jpeg
Loamy,6.08,50,15,36,42,Drip,95,Maize,Wheat,Millet,Medium,121,33,61,40737,/content/drive/MyDrive/dataset/CyAUG-Dataset/Red_Soil/r (604).jpeg
Sandy,5.9,20,36,41,57,Drip,92,Groundnut,Maize,Barley,Low,104,26,71,22853,/content/drive/MyDrive/dataset/CyAUG-Dataset/Red_Soil/r (811).jpeg
Clay,6.11,40,26,27,59,Drip,78,Vegetables,Millet,Soybean,Low,66,23,77,73750,/content/drive/MyDrive/dataset/CyAUG-Dataset/Red_Soil/r (882).jpeg
Loamy,7.49,43,35,37,51,Flood,93,Millet,Barley,Barley,Low,159,25,57,59830,/content/drive/MyDrive/dataset/CyAUG-Dataset/Red_Soil/r (830).jpeg
Silty,6.58,49,26,26,73,Drip,60,Maize,Maize,Wheat,Medium,143,23,44,61399,/content/drive/MyDrive/dataset/CyAUG-Dataset/Red_Soil/r (640).jpeg
Clay,6.53,44,25,29,59,Flood,50,Rice,Maize,Vegetables,High,117,34,41,25462,/content/drive/MyDrive/dataset/CyAUG-Dataset/Red_Soil/r (796).jpeg
Silty,5.97,25,30,23,64,Flood,78,Soybean,Cotton,Groundnut,High,183,33,88,76407,/content/drive/MyDrive/dataset/CyAUG-Dataset/Red_Soil/r (674).jpeg
Sandy,6.7,27,22,50,57,Drip,82,Sugarcane,Barley,Millet,High,132,26,89,65463,/content/drive/MyDrive/dataset/CyAUG-Dataset/Red_Soil/r (869).jpeg
Sandy,5.79,55,39,33,80,Sprinkler,79,Groundnut,Wheat,Sugarcane,High,104,35,51,70803,/content/drive/MyDrive/dataset/CyAUG-Dataset/Red_Soil/r (542).jpeg
Clay,7.34,37,31,45,65,Drip,71,Barley,Cotton,Sugarcane,Medium,132,23,59,34833,/content/drive/MyDrive/dataset/CyAUG-Dataset/Red_Soil/r (629).jpeg
Loamy,6.56,60,15,47,32,Flood,52,Millet,Wheat,Sugarcane,Medium,174,23,83,72694,/content/drive/MyDrive/dataset/CyAUG-Dataset/Red_Soil/r (79).jpeg
Sandy,6.52,27,18,36,75,Drip,93,Rice,Groundnut,Soybean,Medium,199,29,59,45487,/content/drive/MyDrive/dataset/CyAUG-Dataset/Red_Soil/r (711).jpeg
Clay,6.51,21,28,24,41,Sprinkler,69,Sugarcane,Millet,Wheat,Low,197,22,73,58075,/content/drive/MyDrive/dataset/CyAUG-Dataset/Red_Soil/r (929).jpeg
Silty,6.22,56,20,21,56,Flood,88,Wheat,Wheat,Rice,Medium,138,27,50,45511,/content/drive/MyDrive/dataset/CyAUG-Dataset/Red_Soil/r (940).jpeg
Silty,7.45,32,38,44,31,Sprinkler,65,Groundnut,Groundnut,Groundnut,High,65,31,86,75224,/content/drive/MyDrive/dataset/CyAUG-Dataset/Red_Soil/r (600).jpeg
Clay,6.07,32,30,44,58,Sprinkler,66,Sugarcane,Millet,Sugarcane,Low,148,29,89,55029,/content/drive/MyDrive/dataset/CyAUG-Dataset/Red_Soil/r (669).jpeg
Loamy,6.84,30,25,43,56,Drip,66,Vegetables,Wheat,Soybean,Low,71,32,87,67567,/content/drive/MyDrive/dataset/CyAUG-Dataset/Red_Soil/r (778).jpeg
Clay,6.86,51,15,32,46,Drip,55,Sugarcane,Soybean,Millet,High,92,24,51,30530,/content/drive/MyDrive/dataset/CyAUG-Dataset/Red_Soil/r (814).jpeg
Sandy,6.82,39,26,27,80,Drip,55,Millet,Wheat,Maize,Low,128,22,57,58793,/content/drive/MyDrive/dataset/CyAUG-Dataset/Red_Soil/r (92).jpeg
Clay,6.05,24,26,43,60,Sprinkler,58,Groundnut,Wheat,Wheat,Medium,191,33,68,34429,/content/drive/MyDrive/dataset/CyAUG-Dataset/Red_Soil/r (920).jpeg
Loamy,5.82,41,28,22,49,Flood,90,Cotton,Soybean,Millet,High,105,31,84,59306,/content/drive/MyDrive/dataset/CyAUG-Dataset/Red_Soil/r (874).jpeg
Clay,6.62,33,21,28,63,Sprinkler,73,Rice,Rice,Barley,Low,183,32,49,30257,/content/drive/MyDrive/dataset/CyAUG-Dataset/Red_Soil/r (792).jpeg
Loamy,6.68,26,29,42,44,Flood,75,Maize,Sugarcane,Wheat,Medium,152,27,84,22197,/content/drive/MyDrive/dataset/CyAUG-Dataset/Red_Soil/r (907).jpeg
Loamy,6.24,47,24,42,80,Flood,54,Rice,Groundnut,Cotton,Medium,147,27,74,23423,/content/drive/MyDrive/dataset/CyAUG-Dataset/Red_Soil/r (762).jpeg
Loamy,7.28,47,37,50,65,Flood,86,Maize,Soybean,Maize,Low,123,35,51,33262,/content/drive/MyDrive/dataset/CyAUG-Dataset/Red_Soil/r (672).jpeg
Sandy,6.24,28,37,31,49,Drip,80,Wheat,Sugarcane,Maize,Low,109,24,54,41463,/content/drive/MyDrive/dataset/CyAUG-Dataset/Red_Soil/r (745).jpeg
Silty,7.42,44,26,37,33,Drip,82,Millet,Groundnut,Maize,Medium,92,22,44,33834,/content/drive/MyDrive/dataset/CyAUG-Dataset/Red_Soil/r (839).jpeg
Clay,6.42,38,23,49,42,Sprinkler,66,Groundnut,Groundnut,Soybean,High,50,34,60,75353,/content/drive/MyDrive/dataset/CyAUG-Dataset/Red_Soil/r (975).jpeg
Sandy,6.11,40,39,38,45,Drip,70,Barley,Wheat,Cotton,High,112,20,81,75700,/content/drive/MyDrive/dataset/CyAUG-Dataset/Red_Soil/r (609).jpeg
Sandy,6.65,21,35,33,66,Sprinkler,88,Millet,Cotton,Maize,Low,72,25,55,28530,/content/drive/MyDrive/dataset/CyAUG-Dataset/Red_Soil/r (947).jpeg
Sandy,7.35,49,34,43,41,Sprinkler,79,Sugarcane,Millet,Vegetables,Low,171,22,42,28244,/content/drive/MyDrive/dataset/CyAUG-Dataset/Red_Soil/r (639).jpeg
Loamy,6.19,51,17,48,34,Drip,79,Sugarcane,Rice,Millet,Medium,112,35,57,77580,/content/drive/MyDrive/dataset/CyAUG-Dataset/Red_Soil/r (913).jpeg
Clay,5.86,50,28,36,47,Sprinkler,71,Vegetables,Rice,Soybean,High,63,23,44,36197,/content/drive/MyDrive/dataset/CyAUG-Dataset/Red_Soil/r (641).jpeg
Clay,6.21,58,19,21,63,Drip,78,Vegetables,Maize,Millet,High,147,31,64,26405,/content/drive/MyDrive/dataset/CyAUG-Dataset/Red_Soil/r (720).jpeg
Loamy,6.67,24,17,23,43,Drip,69,Millet,Millet,Sugarcane,High,91,31,84,60486,/content/drive/MyDrive/dataset/CyAUG-Dataset/Red_Soil/r (749).jpeg
Clay,6.25,27,30,43,78,Flood,84,Wheat,Cotton,Vegetables,High,182,20,47,40269,/content/drive/MyDrive/dataset/CyAUG-Dataset/Red_Soil/r (852).jpeg
Sandy,6.59,26,24,30,30,Drip,77,Maize,Rice,Barley,Low,185,30,45,26822,/content/drive/MyDrive/dataset/CyAUG-Dataset/Red_Soil/r (547).jpeg
Sandy,7.15,32,24,39,48,Flood,66,Maize,Rice,Vegetables,High,142,34,42,38671,/content/drive/MyDrive/dataset/CyAUG-Dataset/Red_Soil/r (828).jpeg
Loamy,5.69,32,27,47,63,Sprinkler,73,Rice,Soybean,Barley,Medium,55,32,74,48173,/content/drive/MyDrive/dataset/CyAUG-Dataset/Red_Soil/r (80).jpeg
Loamy,6.7,39,37,46,75,Drip,50,Cotton,Millet,Barley,Low,156,20,58,39156,/content/drive/MyDrive/dataset/CyAUG-Dataset/Red_Soil/r (808).jpeg
Loamy,5.89,47,34,38,37,Sprinkler,65,Barley,Millet,Groundnut,High,90,22,49,29311,/content/drive/MyDrive/dataset/CyAUG-Dataset/Red_Soil/r (936).jpeg
Loamy,7.49,23,24,21,54,Flood,78,Vegetables,Soybean,Wheat,Medium,145,22,41,61634,/content/drive/MyDrive/dataset/CyAUG-Dataset/Red_Soil/r (719).jpeg
Clay,7.22,44,37,37,36,Drip,60,Vegetables,Millet,Groundnut,Low,73,20,86,67319,/content/drive/MyDrive/dataset/CyAUG-Dataset/Red_Soil/r (607).jpeg
Clay,5.67,58,21,50,67,Flood,72,Millet,Wheat,Millet,Low,56,28,60,22281,/content/drive/MyDrive/dataset/CyAUG-Dataset/Red_Soil/r (840).jpeg
Loamy,5.84,54,31,47,61,Drip,94,Millet,Millet,Barley,High,141,26,65,76096,/content/drive/MyDrive/dataset/CyAUG-Dataset/Red_Soil/r (750).jpeg
Silty,6.26,52,39,28,51,Sprinkler,88,Wheat,Vegetables,Barley,Medium,67,32,41,20699,/content/drive/MyDrive/dataset/CyAUG-Dataset/Red_Soil/r (610).jpeg
Loamy,6.8,22,27,31,32,Sprinkler,66,Rice,Cotton,Groundnut,Medium,52,32,75,28462,/content/drive/MyDrive/dataset/CyAUG-Dataset/Red_Soil/r (98).jpeg
Loamy,6.62,59,20,31,45,Sprinkler,66,Vegetables,Barley,Vegetables,Low,161,26,76,62738,/content/drive/MyDrive/dataset/CyAUG-Dataset/Red_Soil/r (625).jpeg
Clay,6.31,34,22,30,68,Flood,69,Sugarcane,Groundnut,Groundnut,High,86,30,48,52694,/content/drive/MyDrive/dataset/CyAUG-Dataset/Red_Soil/r (961).jpeg
Sandy,7.48,54,29,30,60,Flood,60,Barley,Cotton,Maize,Low,98,20,48,37606,/content/drive/MyDrive/dataset/CyAUG-Dataset/Red_Soil/r (599).jpeg
Silty,7.36,30,36,41,33,Drip,95,Barley,Vegetables,Vegetables,High,85,24,44,61246,/content/drive/MyDrive/dataset/CyAUG-Dataset/Red_Soil/r (675).jpeg
Sandy,6.11,38,20,33,58,Drip,61,Rice,Vegetables,Rice,High,106,23,50,26165,/content/drive/MyDrive/dataset/CyAUG-Dataset/Red_Soil/r (569).jpeg
Sandy,6.23,21,17,40,54,Flood,54,Wheat,Rice,Soybean,Low,63,25,54,44764,/content/drive/MyDrive/dataset/CyAUG-Dataset/Red_Soil/r (831).jpeg
Sandy,6.74,57,20,32,47,Sprinkler,64,Groundnut,Barley,Wheat,Medium,188,21,42,27022,/content/drive/MyDrive/dataset/CyAUG-Dataset/Red_Soil/r (734).jpeg
Loamy,6.96,46,19,44,47,Drip,50,Groundnut,Wheat,Millet,High,121,27,52,52775,/content/drive/MyDrive/dataset/CyAUG-Dataset/Red_Soil/r (77).jpeg
Loamy,6.27,20,39,32,41,Drip,75,Groundnut,Rice,Barley,Low,92,20,74,58453,/content/drive/MyDrive/dataset/CyAUG-Dataset/Red_Soil/r (655).jpeg
Clay,6.82,21,26,42,49,Flood,85,Vegetables,Sugarcane,Rice,Medium,121,26,68,52195,/content/drive/MyDrive/dataset/CyAUG-Dataset/Red_Soil/r (872).jpeg
Sandy,7.09,21,22,27,71,Drip,93,Groundnut,Rice,Rice,Medium,124,21,59,36959,/content/drive/MyDrive/dataset/CyAUG-Dataset/Red_Soil/r (591).jpeg
Clay,6.45,60,27,37,69,Sprinkler,59,Barley,Vegetables,Sugarcane,Low,196,26,62,43600,/content/drive/MyDrive/dataset/CyAUG-Dataset/Red_Soil/r (916).jpeg
Loamy,6.4,36,26,25,74,Flood,90,Soybean,Soybean,Rice,Low,172,32,85,60442,/content/drive/MyDrive/dataset/CyAUG-Dataset/Red_Soil/r (729).jpeg
Loamy,7.15,36,40,32,55,Flood,58,Barley,Maize,Vegetables,Medium,83,30,78,58260,/content/drive/MyDrive/dataset/CyAUG-Dataset/Red_Soil/r (845).jpeg
Silty,6.28,50,37,26,41,Flood,85,Rice,Groundnut,Vegetables,Medium,155,34,75,27290,/content/drive/MyDrive/dataset/CyAUG-Dataset/Red_Soil/r (782).jpeg
Sandy,6.0,50,34,45,70,Sprinkler,85,Wheat,Millet,Soybean,Medium,160,30,85,51984,/content/drive/MyDrive/dataset/CyAUG-Dataset/Red_Soil/r (933).jpeg
Silty,7.2,50,27,47,69,Sprinkler,60,Cotton,Groundnut,Soybean,Medium,151,32,60,47821,/content/drive/MyDrive/dataset/CyAUG-Dataset/Red_Soil/r (556).jpeg
Clay,6.24,56,28,38,68,Flood,76,Groundnut,Groundnut,Maize,High,176,32,43,78543,/content/drive/MyDrive/dataset/CyAUG-Dataset/Red_Soil/r (760).jpeg
Loamy,6.05,45,29,45,46,Sprinkler,78,Soybean,Wheat,Sugarcane,Medium,127,21,60,69844,/content/drive/MyDrive/dataset/CyAUG-Dataset/Red_Soil/r (978).jpeg
Clay,5.75,43,19,40,67,Flood,52,Wheat,Maize,Millet,Low,130,27,47,75087,/content/drive/MyDrive/dataset/CyAUG-Dataset/Red_Soil/r (722).jpeg
Sandy,5.86,47,27,47,42,Drip,84,Cotton,Groundnut,Sugarcane,High,69,28,80,27871,/content/drive/MyDrive/dataset/CyAUG-Dataset/Red_Soil/r (588).jpeg
Sandy,5.6,54,15,41,47,Flood,68,Groundnut,Millet,Rice,Low,54,24,43,55273,/content/drive/MyDrive/dataset/CyAUG-Dataset/Red_Soil/r (898).jpeg
Sandy,6.87,25,18,33,52,Drip,76,Millet,Rice,Soybean,High,121,32,66,58110,/content/drive/MyDrive/dataset/CyAUG-Dataset/Red_Soil/r (945).jpeg
Loamy,5.91,28,20,42,48,Sprinkler,52,Barley,Rice,Rice,Low,144,24,85,55885,/content/drive/MyDrive/dataset/CyAUG-Dataset/Red_Soil/r (922).jpeg
Sandy,5.8,59,33,48,37,Flood,63,Rice,Barley,Rice,Low,136,33,54,78206,/content/drive/MyDrive/dataset/CyAUG-Dataset/Red_Soil/r (785).jpeg
Loamy,6.38,55,37,46,51,Sprinkler,65,Rice,Soybean,Cotton,Low,168,35,87,56466,/content/drive/MyDrive/dataset/CyAUG-Dataset/Red_Soil/r (756).jpeg
Loamy,7.38,32,32,50,56,Sprinkler,92,Barley,Millet,Groundnut,Low,62,29,65,35793,/content/drive/MyDrive/dataset/CyAUG-Dataset/Red_Soil/r (631).jpeg
Sandy,6.34,51,35,49,38,Drip,51,Groundnut,Sugarcane,Vegetables,Low,97,22,59,31655,/content/drive/MyDrive/dataset/CyAUG-Dataset/Red_Soil/r (611).jpeg
Clay,5.61,20,35,38,44,Sprinkler,72,Wheat,Maize,Wheat,Medium,103,32,54,62436,/content/drive/MyDrive/dataset/CyAUG-Dataset/Red_Soil/r (61).jpeg
Sandy,6.55,26,38,32,34,Drip,63,Millet,Rice,Soybean,High,127,22,76,79322,/content/drive/MyDrive/dataset/CyAUG-Dataset/Red_Soil/r (691).jpeg
Loamy,6.83,43,30,46,41,Flood,72,Rice,Millet,Barley,Medium,70,22,74,61991,/content/drive/MyDrive/dataset/CyAUG-Dataset/Red_Soil/r (753).jpeg
Clay,6.57,46,17,28,59,Drip,67,Vegetables,Rice,Sugarcane,Medium,109,28,89,28194,/content/drive/MyDrive/dataset/CyAUG-Dataset/Red_Soil/r (684).jpeg
Clay,7.22,27,29,47,41,Sprinkler,86,Groundnut,Groundnut,Wheat,High,93,35,79,64474,/content/drive/MyDrive/dataset/CyAUG-Dataset/Red_Soil/r (560).jpeg
Sandy,6.25,39,25,20,67,Drip,65,Soybean,Rice,Soybean,Medium,76,33,81,68958,/content/drive/MyDrive/dataset/CyAUG-Dataset/Red_Soil/r (969).jpeg
Clay,5.57,51,29,23,45,Drip,57,Soybean,Maize,Vegetables,Low,61,27,84,21168,/content/drive/MyDrive/dataset/CyAUG-Dataset/Red_Soil/r (553).jpeg
Loamy,5.5,35,22,28,39,Sprinkler,70,Vegetables,Rice,Barley,Medium,147,28,68,70970,/content/drive/MyDrive/dataset/CyAUG-Dataset/Red_Soil/r (621).jpeg
Sandy,7.38,56,31,49,57,Sprinkler,78,Wheat,Wheat,Cotton,Low,133,29,57,41315,/content/drive/MyDrive/dataset/CyAUG-Dataset/Red_Soil/r (68).jpeg
Silty,5.78,20,29,39,41,Sprinkler,78,Barley,Groundnut,Cotton,High,66,22,50,34750,/content/drive/MyDrive/dataset/CyAUG-Dataset/Red_Soil/r (678).jpeg
Sandy,6.61,38,17,44,74,Flood,83,Soybean,Groundnut,Maize,Low,87,23,40,63438,/content/drive/MyDrive/dataset/CyAUG-Dataset/Red_Soil/r (689).jpeg
Loamy,6.57,35,31,27,30,Flood,75,Cotton,Wheat,Wheat,High,134,32,44,32047,/content/drive/MyDrive/dataset/CyAUG-Dataset/Red_Soil/r (784).jpeg
Sandy,7.18,28,17,23,68,Sprinkler,85,Maize,Groundnut,Groundnut,Low,173,27,74,29920,/content/drive/MyDrive/dataset/CyAUG-Dataset/Red_Soil/r (686).jpeg
Sandy,6.61,33,15,42,77,Sprinkler,71,Soybean,Rice,Maize,High,167,35,84,44466,/content/drive/MyDrive/dataset/CyAUG-Dataset/Red_Soil/r (761).jpeg
Sandy,7.4,40,28,30,37,Drip,85,Wheat,Sugarcane,Wheat,Medium,74,33,72,62450,/content/drive/MyDrive/dataset/CyAUG-Dataset/Red_Soil/r (791).jpeg
Loamy,6.42,26,26,47,59,Sprinkler,83,Cotton,Vegetables,Maize,High,106,29,47,71509,/content/drive/MyDrive/dataset/CyAUG-Dataset/Red_Soil/r (572).jpeg
Sandy,7.22,41,16,46,70,Flood,57,Rice,Groundnut,Groundnut,Medium,51,29,76,58109,/content/drive/MyDrive/dataset/CyAUG-Dataset/Red_Soil/r (718).jpeg
Sandy,5.79,20,23,34,37,Sprinkler,70,Cotton,Cotton,Rice,High,86,27,53,36338,/content/drive/MyDrive/dataset/CyAUG-Dataset/Red_Soil/r (587).jpeg
Sandy,6.14,41,39,50,37,Flood,62,Barley,Cotton,Maize,Low,61,34,77,57155,/content/drive/MyDrive/dataset/CyAUG-Dataset/Red_Soil/r (8).jpeg
Sandy,5.91,26,15,44,70,Sprinkler,79,Sugarcane,Wheat,Groundnut,Medium,161,32,52,33775,/content/drive/MyDrive/dataset/CyAUG-Dataset/Red_Soil/r (85).jpeg
Silty,6.43,28,29,46,73,Flood,55,Wheat,Rice,Rice,Medium,129,25,49,76183,/content/drive/MyDrive/dataset/CyAUG-Dataset/Red_Soil/r (665).jpeg
Silty,6.69,20,21,42,44,Drip,71,Groundnut,Barley,Millet,Medium,124,26,83,26872,/content/drive/MyDrive/dataset/CyAUG-Dataset/Red_Soil/r (644).jpeg
Silty,5.8,22,33,41,62,Flood,84,Barley,Soybean,Barley,Medium,144,28,52,46308,/content/drive/MyDrive/dataset/CyAUG-Dataset/Red_Soil/r (815).jpeg
Sandy,5.59,49,19,25,75,Sprinkler,63,Cotton,Soybean,Vegetables,Low,167,23,89,56059,/content/drive/MyDrive/dataset/CyAUG-Dataset/Red_Soil/r (899).jpeg
Clay,5.73,36,16,38,67,Flood,64,Maize,Barley,Maize,High,52,23,50,76627,/content/drive/MyDrive/dataset/CyAUG-Dataset/Red_Soil/r (996).jpeg
Sandy,6.62,44,29,22,71,Sprinkler,61,Wheat,Rice,Wheat,Medium,142,29,51,41564,/content/drive/MyDrive/dataset/CyAUG-Dataset/Red_Soil/r (879).jpeg
Clay,5.99,39,34,20,49,Flood,93,Maize,Groundnut,Cotton,High,188,30,59,22946,/content/drive/MyDrive/dataset/CyAUG-Dataset/Red_Soil/r (991).jpeg
Silty,6.95,34,32,39,66,Sprinkler,88,Wheat,Vegetables,Soybean,High,110,34,71,27975,/content/drive/MyDrive/dataset/CyAUG-Dataset/Red_Soil/r (634).jpeg
Sandy,5.53,48,30,31,54,Sprinkler,51,Vegetables,Barley,Groundnut,High,200,22,67,63596,/content/drive/MyDrive/dataset/CyAUG-Dataset/Red_Soil/r (894).jpeg
Loamy,6.03,42,16,35,57,Drip,79,Cotton,Rice,Cotton,Medium,50,22,78,57442,/content/drive/MyDrive/dataset/CyAUG-Dataset/Red_Soil/r (801).jpeg
Clay,6.51,49,36,27,71,Drip,57,Soybean,Groundnut,Barley,Low,119,23,86,56148,/content/drive/MyDrive/dataset/CyAUG-Dataset/Red_Soil/r (865).jpeg
Sandy,7.41,27,39,38,68,Sprinkler,68,Barley,Rice,Wheat,Low,72,24,50,52274,/content/drive/MyDrive/dataset/CyAUG-Dataset/Red_Soil/r (864).jpeg
Sandy,7.32,40,31,43,44,Sprinkler,62,Maize,Millet,Vegetables,Low,151,23,54,74019,/content/drive/MyDrive/dataset/CyAUG-Dataset/Red_Soil/r (866).jpeg
Sandy,7.47,38,35,39,41,Drip,57,Soybean,Sugarcane,Sugarcane,Medium,67,35,49,58812,/content/drive/MyDrive/dataset/CyAUG-Dataset/Red_Soil/r (937).jpeg
Silty,6.8,20,31,24,68,Drip,93,Wheat,Millet,Vegetables,High,189,26,45,34915,/content/drive/MyDrive/dataset/CyAUG-Dataset/Red_Soil/r (70).jpeg
Clay,6.19,30,22,22,41,Drip,63,Rice,Maize,Groundnut,High,82,30,51,24605,/content/drive/MyDrive/dataset/CyAUG-Dataset/Red_Soil/r (960).jpeg
Sandy,6.19,30,39,21,76,Flood,60,Vegetables,Vegetables,Barley,Low,165,27,84,42366,/content/drive/MyDrive/dataset/CyAUG-Dataset/Red_Soil/r (820).jpeg
Clay,6.6,51,29,35,41,Drip,73,Groundnut,Rice,Millet,Medium,141,23,88,32600,/content/drive/MyDrive/dataset/CyAUG-Dataset/Red_Soil/r (721).jpeg
Silty,6.83,33,27,38,56,Sprinkler,69,Soybean,Rice,Barley,Low,91,31,76,32836,/content/drive/MyDrive/dataset/CyAUG-Dataset/Red_Soil/r (739).jpeg
Sandy,5.58,44,39,36,31,Flood,51,Groundnut,Millet,Cotton,Medium,154,23,70,34843,/content/drive/MyDrive/dataset/CyAUG-Dataset/Red_Soil/r (819).jpeg
Clay,6.04,23,31,48,77,Sprinkler,60,Rice,Groundnut,Maize,High,199,33,89,29343,/content/drive/MyDrive/dataset/CyAUG-Dataset/Red_Soil/r (876).jpeg
Loamy,5.57,40,35,37,59,Drip,79,Wheat,Vegetables,Maize,High,56,25,87,28537,/content/drive/MyDrive/dataset/CyAUG-Dataset/Red_Soil/r (958).jpeg
Sandy,5.97,31,27,31,52,Flood,71,Vegetables,Maize,Soybean,High,175,29,70,25338,/content/drive/MyDrive/dataset/CyAUG-Dataset/Red_Soil/r (789).jpeg
Silty,6.25,42,27,22,65,Flood,52,Sugarcane,Groundnut,Groundnut,High,193,35,87,71407,/content/drive/MyDrive/dataset/CyAUG-Dataset/Red_Soil/r (91).jpeg
Loamy,6.23,22,20,25,35,Drip,72,Millet,Maize,Soybean,Low,63,31,42,40338,/content/drive/MyDrive/dataset/CyAUG-Dataset/Red_Soil/r (793).jpeg
Silty,6.85,22,29,28,32,Drip,94,Vegetables,Groundnut,Groundnut,Low,92,23,78,72147,/content/drive/MyDrive/dataset/CyAUG-Dataset/Red_Soil/r (836).jpeg
Sandy,6.29,56,29,43,78,Sprinkler,92,Barley,Sugarcane,Soybean,Low,131,26,65,25440,/content/drive/MyDrive/dataset/CyAUG-Dataset/Red_Soil/r (891).jpeg
Loamy,6.3,44,24,23,52,Flood,53,Rice,Vegetables,Maize,High,194,24,84,75513,/content/drive/MyDrive/dataset/CyAUG-Dataset/Red_Soil/r (630).jpeg
Sandy,7.11,34,22,29,37,Flood,71,Rice,Vegetables,Barley,Low,80,30,60,29307,/content/drive/MyDrive/dataset/CyAUG-Dataset/Red_Soil/r (877).jpeg
Loamy,6.99,58,39,33,41,Flood,86,Groundnut,Cotton,Rice,Low,69,27,64,62483,/content/drive/MyDrive/dataset/CyAUG-Dataset/Red_Soil/r (988).jpeg
Sandy,6.9,28,38,20,62,Sprinkler,64,Barley,Millet,Rice,Low,128,33,90,50492,/content/drive/MyDrive/dataset/CyAUG-Dataset/Red_Soil/r (666).jpeg
Sandy,6.37,46,29,22,39,Flood,64,Barley,Sugarcane,Millet,Low,110,20,47,61246,/content/drive/MyDrive/dataset/CyAUG-Dataset/Red_Soil/r (585).jpeg
Silty,6.32,22,17,37,61,Flood,74,Wheat,Vegetables,Barley,High,137,21,47,37671,/content/drive/MyDrive/dataset/CyAUG-Dataset/Red_Soil/r (965).jpeg
Silty,6.44,28,24,44,77,Sprinkler,90,Barley,Maize,Sugarcane,Low,124,26,66,27941,/content/drive/MyDrive/dataset/CyAUG-Dataset/Red_Soil/r (918).jpeg
Sandy,7.04,54,15,33,74,Sprinkler,90,Vegetables,Millet,Maize,Medium,53,27,77,36027,/content/drive/MyDrive/dataset/CyAUG-Dataset/Red_Soil/r (989).jpeg
Loamy,6.62,27,28,38,69,Drip,87,Barley,Soybean,Maize,High,133,33,69,25538,/content/drive/MyDrive/dataset/CyAUG-Dataset/Red_Soil/r (708).jpeg
Silty,6.05,41,23,42,80,Flood,83,Wheat,Vegetables,Rice,Low,68,27,63,55340,/content/drive/MyDrive/dataset/CyAUG-Dataset/Red_Soil/r (748).jpeg
Silty,6.49,50,16,30,52,Drip,63,Barley,Maize,Groundnut,High,63,27,54,23132,/content/drive/MyDrive/dataset/CyAUG-Dataset/Red_Soil/r (926).jpeg
Sandy,5.78,43,23,47,61,Drip,67,Vegetables,Rice,Soybean,High,60,24,57,73653,/content/drive/MyDrive/dataset/CyAUG-Dataset/Red_Soil/r (956).jpeg
Clay,6.18,60,37,37,73,Sprinkler,61,Barley,Maize,Maize,Low,90,26,49,34703,/content/drive/MyDrive/dataset/CyAUG-Dataset/Red_Soil/r (71).jpeg
Silty,5.76,48,35,23,74,Sprinkler,71,Vegetables,Millet,Vegetables,Medium,110,25,60,38828,/content/drive/MyDrive/dataset/CyAUG-Dataset/Red_Soil/r (54).jpeg
Loamy,6.89,21,33,44,77,Sprinkler,88,Millet,Cotton,Cotton,High,115,26,46,53839,/content/drive/MyDrive/dataset/CyAUG-Dataset/Red_Soil/r (550).jpeg
Loamy,5.99,54,24,34,78,Sprinkler,62,Groundnut,Sugarcane,Soybean,Medium,107,24,68,50917,/content/drive/MyDrive/dataset/CyAUG-Dataset/Red_Soil/r (747).jpeg
Silty,6.13,37,35,42,62,Flood,63,Wheat,Soybean,Wheat,High,158,20,51,47559,/content/drive/MyDrive/dataset/CyAUG-Dataset/Red_Soil/r (804).jpeg
Loamy,6.98,25,40,47,74,Sprinkler,83,Wheat,Vegetables,Soybean,Medium,61,28,59,53821,/content/drive/MyDrive/dataset/CyAUG-Dataset/Red_Soil/r (746).jpeg
Silty,6.09,29,27,27,32,Flood,75,Wheat,Wheat,Sugarcane,Low,144,33,82,21283,/content/drive/MyDrive/dataset/CyAUG-Dataset/Red_Soil/r (909).jpeg
Clay,6.25,21,34,40,52,Flood,93,Barley,Vegetables,Rice,Medium,188,32,46,27576,/content/drive/MyDrive/dataset/CyAUG-Dataset/Red_Soil/r (859).jpeg
Loamy,7.24,42,20,20,49,Sprinkler,82,Vegetables,Cotton,Barley,Low,143,20,59,72330,/content/drive/MyDrive/dataset/CyAUG-Dataset/Red_Soil/r (903).jpeg
Sandy,5.84,24,27,40,38,Drip,71,Sugarcane,Millet,Sugarcane,High,118,24,84,57236,/content/drive/MyDrive/dataset/CyAUG-Dataset/Red_Soil/r (576).jpeg
Silty,6.95,30,36,23,33,Drip,94,Millet,Sugarcane,Wheat,Low,181,33,60,20784,/content/drive/MyDrive/dataset/CyAUG-Dataset/Red_Soil/r (743).jpeg
Loamy,6.92,49,23,50,51,Drip,78,Soybean,Barley,Sugarcane,Medium,193,27,45,46734,/content/drive/MyDrive/dataset/CyAUG-Dataset/Red_Soil/r (914).jpeg
Loamy,7.33,20,38,38,30,Flood,86,Barley,Maize,Groundnut,High,151,25,56,44801,/content/drive/MyDrive/dataset/CyAUG-Dataset/Red_Soil/r (577).jpeg
Silty,6.68,35,25,29,52,Drip,66,Wheat,Maize,Soybean,High,85,23,56,35934,/content/drive/MyDrive/dataset/CyAUG-Dataset/Red_Soil/r (705).jpeg
Clay,7.09,41,33,23,62,Sprinkler,58,Barley,Barley,Barley,High,100,32,49,27694,/content/drive/MyDrive/dataset/CyAUG-Dataset/Red_Soil/r (884).jpeg
Clay,6.39,35,17,46,68,Flood,94,Groundnut,Rice,Maize,Low,130,32,55,73040,/content/drive/MyDrive/dataset/CyAUG-Dataset/Red_Soil/r (943).jpeg
Sandy,6.85,49,30,50,63,Sprinkler,88,Wheat,Maize,Maize,Medium,172,30,46,56508,/content/drive/MyDrive/dataset/CyAUG-Dataset/Red_Soil/r (94).jpeg
Clay,7.37,21,40,47,74,Drip,54,Groundnut,Vegetables,Barley,High,132,32,80,70525,/content/drive/MyDrive/dataset/CyAUG-Dataset/Red_Soil/r (905).jpeg
Sandy,6.18,57,16,30,65,Flood,89,Sugarcane,Maize,Rice,Low,144,27,46,58556,/content/drive/MyDrive/dataset/CyAUG-Dataset/Red_Soil/r (732).jpeg
Loamy,6.95,36,37,31,79,Sprinkler,81,Wheat,Cotton,Cotton,Low,60,34,56,69898,/content/drive/MyDrive/dataset/CyAUG-Dataset/Red_Soil/r (559).jpeg
Loamy,6.3,31,27,50,74,Sprinkler,94,Cotton,Soybean,Wheat,Medium,102,27,87,29130,/content/drive/MyDrive/dataset/CyAUG-Dataset/Red_Soil/r (671).jpeg
Loamy,7.43,21,25,20,79,Flood,61,Soybean,Vegetables,Barley,Low,196,20,84,39981,/content/drive/MyDrive/dataset/CyAUG-Dataset/Red_Soil/r (558).jpeg
Sandy,7.11,36,40,38,36,Flood,74,Groundnut,Cotton,Barley,Medium,84,35,70,25475,/content/drive/MyDrive/dataset/CyAUG-Dataset/Red_Soil/r (900).jpeg
Clay,6.34,45,24,26,77,Flood,65,Cotton,Cotton,Cotton,Low,162,20,73,48313,/content/drive/MyDrive/dataset/CyAUG-Dataset/Red_Soil/r (535).jpeg
Silty,6.1,27,18,28,55,Sprinkler,58,Vegetables,Vegetables,Soybean,Low,142,20,70,47456,/content/drive/MyDrive/dataset/CyAUG-Dataset/Red_Soil/r (803).jpeg
Loamy,7.06,45,16,41,53,Flood,53,Barley,Cotton,Sugarcane,Medium,130,33,88,75142,/content/drive/MyDrive/dataset/CyAUG-Dataset/Red_Soil/r (788).jpeg
Sandy,5.8,21,27,24,72,Flood,82,Groundnut,Vegetables,Wheat,Medium,112,27,41,70485,/content/drive/MyDrive/dataset/CyAUG-Dataset/Red_Soil/r (700).jpeg
Sandy,6.38,22,22,50,66,Sprinkler,83,Groundnut,Barley,Maize,Medium,54,33,62,68742,/content/drive/MyDrive/dataset/CyAUG-Dataset/Red_Soil/r (847).jpeg
Loamy,7.06,44,32,50,36,Drip,87,Wheat,Sugarcane,Maize,Medium,128,22,44,71788,/content/drive/MyDrive/dataset/CyAUG-Dataset/Red_Soil/r (627).jpeg
Clay,7.13,41,37,46,57,Drip,54,Groundnut,Groundnut,Barley,High,152,20,89,68078,/content/drive/MyDrive/dataset/CyAUG-Dataset/Red_Soil/r (690).jpeg
Sandy,7.39,24,37,34,38,Sprinkler,73,Millet,Sugarcane,Maize,High,119,34,77,68188,/content/drive/MyDrive/dataset/CyAUG-Dataset/Red_Soil/r (730).jpeg
Loamy,5.61,29,19,44,37,Sprinkler,56,Groundnut,Vegetables,Groundnut,Medium,72,21,66,29637,/content/drive/MyDrive/dataset/CyAUG-Dataset/Red_Soil/r (661).jpeg
Silty,6.77,24,23,44,75,Sprinkler,51,Groundnut,Vegetables,Groundnut,Low,153,25,78,59324,/content/drive/MyDrive/dataset/CyAUG-Dataset/Red_Soil/r (823).jpeg
Clay,5.91,49,29,50,50,Drip,72,Cotton,Soybean,Sugarcane,Medium,128,34,64,71905,/content/drive/MyDrive/dataset/CyAUG-Dataset/Red_Soil/r (774).jpeg
Silty,7.33,50,28,21,57,Sprinkler,79,Barley,Millet,Groundnut,Medium,171,32,60,47430,/content/drive/MyDrive/dataset/CyAUG-Dataset/Red_Soil/r (875).jpeg
Sandy,6.21,43,36,27,41,Drip,67,Millet,Rice,Sugarcane,Medium,175,27,47,69836,/content/drive/MyDrive/dataset/CyAUG-Dataset/Red_Soil/r (846).jpeg
Silty,6.7,38,26,42,71,Flood,79,Maize,Sugarcane,Vegetables,Medium,143,35,45,35800,/content/drive/MyDrive/dataset/CyAUG-Dataset/Red_Soil/r (602).jpeg
Clay,5.63,32,35,35,38,Sprinkler,92,Sugarcane,Cotton,Rice,High,66,22,41,65960,/content/drive/MyDrive/dataset/CyAUG-Dataset/Red_Soil/r (862).jpeg
Loamy,6.94,51,30,46,43,Flood,54,Maize,Groundnut,Millet,High,55,33,90,38027,/content/drive/MyDrive/dataset/CyAUG-Dataset/Red_Soil/r (676).jpeg
Silty,7.09,43,38,45,42,Sprinkler,62,Wheat,Wheat,Sugarcane,Low,137,29,69,60299,/content/drive/MyDrive/dataset/CyAUG-Dataset/Red_Soil/r (889).jpeg
Sandy,5.89,38,18,48,33,Drip,93,Barley,Wheat,Maize,Medium,141,21,51,77708,/content/drive/MyDrive/dataset/CyAUG-Dataset/Red_Soil/r (544).jpeg
Silty,7.43,37,25,28,74,Drip,69,Vegetables,Wheat,Barley,Medium,67,33,68,43228,/content/drive/MyDrive/dataset/CyAUG-Dataset/Red_Soil/r (703).jpeg
Silty,7.3,49,15,29,56,Drip,69,Barley,Rice,Wheat,High,76,31,58,25153,/content/drive/MyDrive/dataset/CyAUG-Dataset/Red_Soil/r (809).jpeg
Loamy,7.06,28,18,31,62,Drip,90,Rice,Soybean,Wheat,High,54,31,75,41802,/content/drive/MyDrive/dataset/CyAUG-Dataset/Red_Soil/r (706).jpeg
Clay,5.56,36,20,31,75,Drip,81,Groundnut,Groundnut,Sugarcane,High,184,30,85,30606,/content/drive/MyDrive/dataset/CyAUG-Dataset/Red_Soil/r (924).jpeg
Loamy,7.48,45,40,47,79,Sprinkler,74,Rice,Sugarcane,Maize,Medium,200,31,52,55040,/content/drive/MyDrive/dataset/CyAUG-Dataset/Red_Soil/r (58).jpeg
Loamy,7.04,52,17,27,80,Flood,84,Cotton,Maize,Vegetables,Medium,59,27,42,43857,/content/drive/MyDrive/dataset/CyAUG-Dataset/Red_Soil/r (568).jpeg
Sandy,5.72,34,37,49,75,Sprinkler,79,Rice,Maize,Sugarcane,Low,111,27,51,49281,/content/drive/MyDrive/dataset/CyAUG-Dataset/Red_Soil/r (566).jpeg
Loamy,6.22,40,19,35,69,Drip,85,Vegetables,Cotton,Vegetables,Low,131,28,42,34039,/content/drive/MyDrive/dataset/CyAUG-Dataset/Red_Soil/r (626).jpeg
Loamy,5.89,36,31,49,61,Flood,67,Sugarcane,Cotton,Millet,High,181,21,62,64159,/content/drive/MyDrive/dataset/CyAUG-Dataset/Red_Soil/r (912).jpeg
Loamy,6.15,32,21,43,48,Drip,76,Soybean,Soybean,Barley,Medium,159,20,42,78066,/content/drive/MyDrive/dataset/CyAUG-Dataset/Red_Soil/r (857).jpeg
Loamy,6.99,52,37,33,48,Sprinkler,66,Barley,Barley,Sugarcane,Low,71,35,81,33316,/content/drive/MyDrive/dataset/CyAUG-Dataset/Red_Soil/r (716).jpeg
Silty,6.59,46,25,26,44,Sprinkler,62,Rice,Cotton,Vegetables,High,98,22,46,57971,/content/drive/MyDrive/dataset/CyAUG-Dataset/Red_Soil/r (910).jpeg
Clay,7.22,57,15,25,59,Drip,68,Barley,Cotton,Rice,Low,112,25,85,77695,/content/drive/MyDrive/dataset/CyAUG-Dataset/Red_Soil/r (772).jpeg
Loamy,6.45,50,18,26,41,Sprinkler,53,Barley,Sugarcane,Barley,High,126,28,54,77457,/content/drive/MyDrive/dataset/CyAUG-Dataset/Red_Soil/r (698).jpeg
Clay,6.08,38,40,47,37,Flood,55,Sugarcane,Cotton,Maize,Medium,152,22,76,21578,/content/drive/MyDrive/dataset/CyAUG-Dataset/Red_Soil/r (531).jpeg
Loamy,5.96,21,16,39,49,Sprinkler,77,Vegetables,Groundnut,Wheat,High,161,29,66,77591,/content/drive/MyDrive/dataset/CyAUG-Dataset/Red_Soil/r (768).jpeg
Silty,7.44,45,17,32,76,Flood,54,Soybean,Soybean,Sugarcane,Medium,82,23,65,63647,/content/drive/MyDrive/dataset/CyAUG-Dataset/Red_Soil/r (670).jpeg
Loamy,7.45,20,36,24,41,Drip,79,Barley,Rice,Maize,High,190,32,48,75524,/content/drive/MyDrive/dataset/CyAUG-Dataset/Red_Soil/r (917).jpeg
Loamy,6.7,28,30,36,56,Drip,58,Vegetables,Maize,Vegetables,High,62,33,53,49653,/content/drive/MyDrive/dataset/CyAUG-Dataset/Red_Soil/r (901).jpeg
Loamy,5.68,33,36,32,32,Drip,88,Maize,Wheat,Sugarcane,Low,115,20,44,26696,/content/drive/MyDrive/dataset/CyAUG-Dataset/Red_Soil/r (735).jpeg
Silty,6.24,46,28,25,32,Sprinkler,56,Rice,Cotton,Sugarcane,High,168,34,67,69232,/content/drive/MyDrive/dataset/CyAUG-Dataset/Red_Soil/r (574).jpeg
Silty,7.33,32,34,44,37,Drip,80,Cotton,Groundnut,Millet,High,185,26,76,72792,/content/drive/MyDrive/dataset/CyAUG-Dataset/Red_Soil/r (694).jpeg
Silty,5.86,31,28,30,72,Flood,91,Rice,Barley,Millet,Medium,121,31,59,41660,/content/drive/MyDrive/dataset/CyAUG-Dataset/Red_Soil/r (692).jpeg
Loamy,6.31,51,32,41,31,Flood,66,Cotton,Rice,Rice,High,97,34,59,41864,/content/drive/MyDrive/dataset/CyAUG-Dataset/Red_Soil/r (923).jpeg
Sandy,7.28,57,25,42,30,Sprinkler,91,Groundnut,Cotton,Soybean,Low,97,26,69,53998,/content/drive/MyDrive/dataset/CyAUG-Dataset/Red_Soil/r (867).jpeg
Clay,7.14,23,39,31,31,Drip,71,Sugarcane,Wheat,Rice,Medium,51,23,56,51669,/content/drive/MyDrive/dataset/CyAUG-Dataset/Red_Soil/r (84).jpeg
Sandy,7.4,56,30,43,52,Sprinkler,81,Millet,Maize,Soybean,Medium,120,34,51,75351,/content/drive/MyDrive/dataset/CyAUG-Dataset/Red_Soil/r (86).jpeg
Silty,5.93,44,22,45,58,Flood,59,Sugarcane,Vegetables,Wheat,High,68,27,84,20668,/content/drive/MyDrive/dataset/CyAUG-Dataset/Red_Soil/r (853).jpeg
Clay,7.17,48,40,46,48,Sprinkler,65,Rice,Rice,Vegetables,Low,145,22,84,78851,/content/drive/MyDrive/dataset/CyAUG-Dataset/Red_Soil/r (827).jpeg
Clay,5.5,56,24,42,36,Flood,87,Wheat,Cotton,Soybean,Medium,145,23,43,76981,/content/drive/MyDrive/dataset/CyAUG-Dataset/Red_Soil/r (717).jpeg
Sandy,7.45,53,39,34,49,Flood,74,Millet,Maize,Vegetables,High,117,22,62,21449,/content/drive/MyDrive/dataset/CyAUG-Dataset/Red_Soil/r (979).jpeg
Silty,7.03,24,26,44,61,Flood,73,Sugarcane,Millet,Groundnut,Medium,173,27,69,79428,/content/drive/MyDrive/dataset/CyAUG-Dataset/Red_Soil/r (728).jpeg
Loamy,6.67,33,27,22,59,Flood,91,Groundnut,Vegetables,Maize,High,63,23,62,48568,/content/drive/MyDrive/dataset/CyAUG-Dataset/Red_Soil/r (990).jpeg
Silty,7.39,41,15,30,37,Flood,71,Maize,Soybean,Groundnut,Low,189,23,76,29897,/content/drive/MyDrive/dataset/CyAUG-Dataset/Red_Soil/r (62).jpeg
Loamy,6.51,53,34,50,56,Drip,68,Soybean,Millet,Soybean,High,173,20,67,51622,/content/drive/MyDrive/dataset/CyAUG-Dataset/Red_Soil/r (818).jpeg
Sandy,6.38,43,29,50,79,Drip,82,Cotton,Sugarcane,Sugarcane,Medium,158,26,51,65234,/content/drive/MyDrive/dataset/CyAUG-Dataset/Red_Soil/r (752).jpeg
Loamy,5.73,22,17,26,74,Drip,54,Groundnut,Millet,Cotton,Medium,172,32,58,50005,/content/drive/MyDrive/dataset/CyAUG-Dataset/Red_Soil/r (659).jpeg
Loamy,6.43,21,34,50,33,Flood,90,Vegetables,Groundnut,Groundnut,Low,123,20,62,51634,/content/drive/MyDrive/dataset/CyAUG-Dataset/Red_Soil/r (601).jpeg
Loamy,7.04,59,33,50,60,Flood,80,Barley,Maize,Vegetables,Medium,103,25,59,24769,/content/drive/MyDrive/dataset/CyAUG-Dataset/Red_Soil/r (868).jpeg
Clay,6.14,49,16,25,41,Flood,85,Soybean,Barley,Cotton,High,89,28,75,29660,/content/drive/MyDrive/dataset/CyAUG-Dataset/Red_Soil/r (904).jpeg
Clay,6.89,26,18,50,56,Sprinkler,51,Groundnut,Soybean,Millet,Low,131,25,87,27120,/content/drive/MyDrive/dataset/CyAUG-Dataset/Red_Soil/r (648).jpeg
Sandy,6.5,53,32,36,37,Drip,60,Rice,Sugarcane,Barley,Low,54,20,42,59836,/content/drive/MyDrive/dataset/CyAUG-Dataset/Red_Soil/r (552).jpeg
Sandy,7.47,41,20,45,34,Sprinkler,64,Groundnut,Millet,Cotton,Low,119,34,71,39196,/content/drive/MyDrive/dataset/CyAUG-Dataset/Red_Soil/r (725).jpeg
Silty,6.96,52,38,48,34,Flood,54,Soybean,Soybean,Millet,Medium,51,20,86,28698,/content/drive/MyDrive/dataset/CyAUG-Dataset/Red_Soil/r (590).jpeg
Silty,6.45,23,36,48,39,Sprinkler,81,Soybean,Maize,Groundnut,High,54,22,67,23093,/content/drive/MyDrive/dataset/CyAUG-Dataset/Red_Soil/r (633).jpeg
Loamy,6.43,44,25,35,62,Drip,86,Vegetables,Wheat,Groundnut,Low,180,32,45,76300,/content/drive/MyDrive/dataset/CyAUG-Dataset/Red_Soil/r (538).jpeg
Clay,5.83,48,26,48,51,Sprinkler,91,Soybean,Groundnut,Vegetables,High,165,31,55,53201,/content/drive/MyDrive/dataset/CyAUG-Dataset/Red_Soil/r (980).jpeg
Sandy,6.57,33,32,26,76,Drip,82,Soybean,Groundnut,Millet,High,114,34,70,21665,/content/drive/MyDrive/dataset/CyAUG-Dataset/Red_Soil/r (582).jpeg
Silty,5.56,55,27,27,52,Drip,66,Vegetables,Vegetables,Wheat,High,194,35,73,67036,/content/drive/MyDrive/dataset/CyAUG-Dataset/Red_Soil/r (832).jpeg
Silty,6.13,25,20,44,37,Drip,79,Millet,Groundnut,Vegetables,Low,55,20,53,74417,/content/drive/MyDrive/dataset/CyAUG-Dataset/Red_Soil/r (950).jpeg
Clay,6.09,55,29,32,54,Flood,57,Millet,Millet,Millet,Low,136,21,62,32386,/content/drive/MyDrive/dataset/CyAUG-Dataset/Red_Soil/r (928).jpeg
Loamy,5.66,58,39,31,32,Sprinkler,76,Groundnut,Groundnut,Vegetables,Medium,69,34,58,21140,/content/drive/MyDrive/dataset/CyAUG-Dataset/Red_Soil/r (616).jpeg
Loamy,5.71,60,33,29,65,Flood,57,Maize,Vegetables,Sugarcane,Medium,84,35,50,41144,/content/drive/MyDrive/dataset/CyAUG-Dataset/Red_Soil/r (769).jpeg
Sandy,7.25,24,22,36,68,Flood,54,Millet,Millet,Sugarcane,High,130,22,88,24072,/content/drive/MyDrive/dataset/CyAUG-Dataset/Red_Soil/r (578).jpeg
Clay,5.88,49,22,23,50,Drip,69,Groundnut,Groundnut,Rice,High,140,22,67,37625,/content/drive/MyDrive/dataset/CyAUG-Dataset/Red_Soil/r (998).jpeg
Sandy,6.91,51,17,21,59,Flood,78,Wheat,Soybean,Soybean,Low,150,27,40,60436,/content/drive/MyDrive/dataset/CyAUG-Dataset/Red_Soil/r (954).jpeg
Silty,6.01,41,32,35,75,Flood,64,Rice,Vegetables,Millet,Medium,100,35,69,28207,/content/drive/MyDrive/dataset/CyAUG-Dataset/Red_Soil/r (723).jpeg
Clay,6.55,34,21,44,30,Flood,84,Soybean,Sugarcane,Millet,High,163,31,44,23234,/content/drive/MyDrive/dataset/CyAUG-Dataset/Red_Soil/r (9).jpeg
Silty,7.48,51,22,31,49,Flood,55,Maize,Barley,Millet,High,93,21,70,26686,/content/drive/MyDrive/dataset/CyAUG-Dataset/Red_Soil/r (967).jpeg
Sandy,7.39,23,24,38,66,Sprinkler,57,Cotton,Rice,Wheat,Low,90,20,58,49486,/content/drive/MyDrive/dataset/CyAUG-Dataset/Red_Soil/r (982).jpeg
Silty,7.38,57,28,47,69,Sprinkler,60,Millet,Sugarcane,Groundnut,Medium,116,22,53,62521,/content/drive/MyDrive/dataset/CyAUG-Dataset/Red_Soil/r (668).jpeg
Loamy,7.05,53,28,25,49,Sprinkler,79,Soybean,Barley,Maize,High,67,35,82,41768,/content/drive/MyDrive/dataset/CyAUG-Dataset/Red_Soil/r (97).jpeg
Loamy,6.5,42,37,46,71,Sprinkler,82,Maize,Sugarcane,Cotton,High,118,26,81,21139,/content/drive/MyDrive/dataset/CyAUG-Dataset/Red_Soil/r (662).jpeg
Clay,6.42,21,34,48,37,Flood,83,Maize,Soybean,Rice,Medium,51,31,45,42159,/content/drive/MyDrive/dataset/CyAUG-Dataset/Red_Soil/r (812).jpeg
Sandy,7.43,22,26,24,40,Sprinkler,50,Barley,Soybean,Maize,High,165,23,56,30556,/content/drive/MyDrive/dataset/CyAUG-Dataset/Red_Soil/r (81).jpeg
Clay,6.05,34,40,28,42,Flood,87,Groundnut,Wheat,Millet,Low,56,32,73,49565,/content/drive/MyDrive/dataset/CyAUG-Dataset/Red_Soil/r (88).jpeg
Loamy,6.86,49,16,29,52,Sprinkler,58,Cotton,Rice,Wheat,High,129,23,63,76758,/content/drive/MyDrive/dataset/CyAUG-Dataset/Red_Soil/r (770).jpeg
Clay,6.78,32,24,43,37,Drip,54,Wheat,Rice,Rice,Low,167,29,45,21251,/content/drive/MyDrive/dataset/CyAUG-Dataset/Red_Soil/r (617).jpeg
Clay,6.2,43,40,43,50,Drip,64,Rice,Rice,Cotton,Low,71,23,82,35401,/content/drive/MyDrive/dataset/CyAUG-Dataset/Red_Soil/r (977).jpeg
Clay,7.25,42,33,22,60,Flood,65,Barley,Maize,Barley,Low,182,34,60,62880,/content/drive/MyDrive/dataset/CyAUG-Dataset/Red_Soil/r (810).jpeg
Loamy,6.94,35,28,25,35,Drip,78,Cotton,Cotton,Cotton,Medium,133,35,43,21911,/content/drive/MyDrive/dataset/CyAUG-Dataset/Red_Soil/r (702).jpeg
Sandy,6.66,53,39,20,41,Sprinkler,86,Cotton,Vegetables,Barley,Low,182,29,78,21495,/content/drive/MyDrive/dataset/CyAUG-Dataset/Red_Soil/r (594).jpeg
Clay,6.62,43,34,50,77,Flood,91,Millet,Sugarcane,Cotton,High,114,27,81,45460,/content/drive/MyDrive/dataset/CyAUG-Dataset/Red_Soil/r (764).jpeg
Clay,5.59,35,21,33,51,Drip,67,Vegetables,Sugarcane,Wheat,Low,80,23,62,73968,/content/drive/MyDrive/dataset/CyAUG-Dataset/Red_Soil/r (613).jpeg
Silty,5.56,49,34,25,38,Drip,87,Vegetables,Vegetables,Maize,High,55,22,61,54979,/content/drive/MyDrive/dataset/CyAUG-Dataset/Red_Soil/r (775).jpeg
Sandy,6.24,49,27,25,58,Flood,51,Millet,Wheat,Soybean,Low,165,33,45,76297,/content/drive/MyDrive/dataset/CyAUG-Dataset/Red_Soil/r (636).jpeg
Silty,5.77,59,36,37,61,Drip,67,Rice,Rice,Sugarcane,Low,152,24,58,47030,/content/drive/MyDrive/dataset/CyAUG-Dataset/Red_Soil/r (984).jpeg
Sandy,6.43,43,29,27,61,Sprinkler,60,Groundnut,Cotton,Millet,High,96,33,72,28912,/content/drive/MyDrive/dataset/CyAUG-Dataset/Red_Soil/r (707).jpeg
Sandy,6.72,34,29,41,30,Flood,53,Soybean,Millet,Wheat,Medium,101,33,83,68541,/content/drive/MyDrive/dataset/CyAUG-Dataset/Red_Soil/r (955).jpeg
Silty,7.37,50,37,37,61,Sprinkler,54,Barley,Vegetables,Groundnut,Medium,63,21,44,30775,/content/drive/MyDrive/dataset/CyAUG-Dataset/Red_Soil/r (657).jpeg
Sandy,6.31,23,33,37,44,Flood,75,Millet,Soybean,Maize,Medium,171,35,81,22482,/content/drive/MyDrive/dataset/CyAUG-Dataset/Red_Soil/r (780).jpeg
Clay,7.15,36,37,47,78,Sprinkler,78,Millet,Soybean,Rice,High,151,30,79,33539,/content/drive/MyDrive/dataset/CyAUG-Dataset/Red_Soil/r (942).jpeg
Loamy,6.65,26,17,32,64,Drip,69,Groundnut,Millet,Millet,High,134,22,74,68804,/content/drive/MyDrive/dataset/CyAUG-Dataset/Red_Soil/r (771).jpeg
Silty,6.48,60,25,41,65,Drip,95,Maize,Groundnut,Sugarcane,Low,193,33,80,55892,/content/drive/MyDrive/dataset/CyAUG-Dataset/Red_Soil/r (763).jpeg
Silty,6.06,50,21,40,63,Flood,66,Wheat,Wheat,Cotton,High,179,20,86,42606,/content/drive/MyDrive/dataset/CyAUG-Dataset/Red_Soil/r (842).jpeg
Loamy,6.15,20,15,36,65,Flood,86,Soybean,Wheat,Maize,Low,117,20,44,64819,/content/drive/MyDrive/dataset/CyAUG-Dataset/Red_Soil/r (737).jpeg
Silty,6.19,21,37,39,36,Drip,56,Groundnut,Maize,Barley,Low,161,32,65,47622,/content/drive/MyDrive/dataset/CyAUG-Dataset/Red_Soil/r (855).jpeg
Clay,5.89,55,32,41,39,Drip,57,Soybean,Maize,Millet,Low,106,35,70,32872,/content/drive/MyDrive/dataset/CyAUG-Dataset/Red_Soil/r (78).jpeg
Sandy,7.41,21,31,35,40,Sprinkler,88,Sugarcane,Millet,Groundnut,High,168,31,74,23231,/content/drive/MyDrive/dataset/CyAUG-Dataset/Red_Soil/r (90).jpeg
Silty,6.94,27,31,31,44,Sprinkler,68,Sugarcane,Soybean,Sugarcane,Low,84,23,81,36389,/content/drive/MyDrive/dataset/CyAUG-Dataset/Red_Soil/r (643).jpeg
Loamy,6.91,55,39,33,73,Flood,89,Rice,Vegetables,Cotton,Low,112,31,80,39103,/content/drive/MyDrive/dataset/CyAUG-Dataset/Red_Soil/r (83).jpeg
Sandy,5.86,25,29,42,63,Flood,92,Maize,Rice,Soybean,Medium,162,33,73,71163,/content/drive/MyDrive/dataset/CyAUG-Dataset/Red_Soil/r (701).jpeg
Silty,5.79,58,31,36,70,Flood,78,Barley,Millet,Groundnut,Low,187,20,74,69412,/content/drive/MyDrive/dataset/CyAUG-Dataset/Red_Soil/r (537).jpeg
Sandy,5.96,47,21,35,41,Flood,91,Vegetables,Rice,Wheat,Low,111,29,75,33839,/content/drive/MyDrive/dataset/CyAUG-Dataset/Red_Soil/r (74).jpeg
Loamy,6.62,24,17,46,71,Drip,50,Vegetables,Groundnut,Soybean,High,198,24,61,38922,/content/drive/MyDrive/dataset/CyAUG-Dataset/Red_Soil/r (647).jpeg
Clay,6.68,56,33,21,77,Drip,64,Wheat,Rice,Barley,Low,71,21,81,26049,/content/drive/MyDrive/dataset/CyAUG-Dataset/Red_Soil/r (608).jpeg
Loamy,6.75,59,21,28,76,Sprinkler,72,Sugarcane,Barley,Groundnut,High,199,25,83,54507,/content/drive/MyDrive/dataset/CyAUG-Dataset/Red_Soil/r (767).jpeg
Loamy,6.46,45,17,22,73,Flood,56,Sugarcane,Millet,Barley,High,75,28,75,58376,/content/drive/MyDrive/dataset/CyAUG-Dataset/Red_Soil/r (695).jpeg
Clay,6.04,41,39,46,78,Flood,80,Barley,Cotton,Vegetables,Low,52,32,55,77222,/content/drive/MyDrive/dataset/CyAUG-Dataset/Red_Soil/r (825).jpeg
Silty,6.99,30,23,30,71,Drip,88,Rice,Rice,Barley,Medium,126,21,62,72085,/content/drive/MyDrive/dataset/CyAUG-Dataset/Red_Soil/r (59).jpeg
Silty,6.23,60,32,40,53,Drip,87,Cotton,Barley,Rice,High,186,34,89,25526,/content/drive/MyDrive/dataset/CyAUG-Dataset/Red_Soil/r (76).jpeg
Sandy,7.22,46,26,38,42,Sprinkler,54,Groundnut,Groundnut,Groundnut,Medium,171,20,46,50862,/content/drive/MyDrive/dataset/CyAUG-Dataset/Red_Soil/r (786).jpeg
Loamy,5.86,60,27,27,31,Flood,94,Millet,Millet,Rice,Medium,142,25,41,49609,/content/drive/MyDrive/dataset/CyAUG-Dataset/Red_Soil/r (713).jpeg
Clay,6.86,25,18,30,41,Drip,94,Sugarcane,Millet,Sugarcane,Low,178,21,71,33649,/content/drive/MyDrive/dataset/CyAUG-Dataset/Red_Soil/r (873).jpeg
Sandy,6.76,38,34,46,73,Drip,52,Barley,Millet,Soybean,High,59,22,83,56752,/content/drive/MyDrive/dataset/CyAUG-Dataset/Red_Soil/r (603).jpeg
Sandy,6.07,43,18,45,73,Drip,75,Soybean,Barley,Cotton,Medium,65,33,78,50958,/content/drive/MyDrive/dataset/CyAUG-Dataset/Red_Soil/r (849).jpeg
Loamy,7.16,51,39,41,53,Flood,53,Cotton,Millet,Maize,Medium,104,29,56,25567,/content/drive/MyDrive/dataset/CyAUG-Dataset/Red_Soil/r (843).jpeg
Silty,6.07,21,40,42,61,Flood,63,Sugarcane,Sugarcane,Vegetables,Low,156,26,88,68153,/content/drive/MyDrive/dataset/CyAUG-Dataset/Red_Soil/r (75).jpeg
Clay,5.94,54,25,21,53,Drip,54,Wheat,Rice,Sugarcane,Low,98,24,71,38629,/content/drive/MyDrive/dataset/CyAUG-Dataset/Red_Soil/r (953).jpeg
Loamy,6.41,28,33,33,46,Flood,54,Maize,Groundnut,Millet,Low,76,22,75,33222,/content/drive/MyDrive/dataset/CyAUG-Dataset/Red_Soil/r (592).jpeg
Sandy,5.75,45,19,30,42,Drip,94,Sugarcane,Rice,Groundnut,High,193,24,66,78309,/content/drive/MyDrive/dataset/CyAUG-Dataset/Red_Soil/r (824).jpeg
Loamy,7.5,59,22,33,44,Drip,69,Soybean,Maize,Cotton,High,106,25,47,27242,/content/drive/MyDrive/dataset/CyAUG-Dataset/Red_Soil/r (860).jpeg
Sandy,5.64,37,22,48,45,Drip,68,Millet,Vegetables,Sugarcane,Medium,160,34,56,25545,/content/drive/MyDrive/dataset/CyAUG-Dataset/Red_Soil/r (817).jpeg
Loamy,7.42,36,40,29,49,Sprinkler,57,Wheat,Rice,Maize,Low,69,30,68,76194,/content/drive/MyDrive/dataset/CyAUG-Dataset/Red_Soil/r (649).jpeg
Sandy,6.49,40,24,36,52,Flood,76,Groundnut,Soybean,Sugarcane,High,54,21,50,77144,/content/drive/MyDrive/dataset/CyAUG-Dataset/Red_Soil/r (863).jpeg
Loamy,5.75,36,25,29,54,Sprinkler,66,Barley,Vegetables,Rice,High,172,34,59,20563,/content/drive/MyDrive/dataset/CyAUG-Dataset/Red_Soil/r (580).jpeg
Silty,6.84,39,15,32,61,Flood,94,Rice,Cotton,Barley,Low,197,26,40,73032,/content/drive/MyDrive/dataset/CyAUG-Dataset/Red_Soil/r (548).jpeg
Silty,6.44,26,22,50,58,Drip,55,Cotton,Maize,Sugarcane,Low,148,27,56,69325,/content/drive/MyDrive/dataset/CyAUG-Dataset/Red_Soil/r (800).jpeg
Sandy,6.46,29,22,47,36,Drip,59,Barley,Maize,Soybean,Medium,197,26,58,59822,/content/drive/MyDrive/dataset/CyAUG-Dataset/Red_Soil/r (564).jpeg
Silty,5.62,32,27,38,43,Sprinkler,79,Groundnut,Maize,Cotton,High,149,21,45,26493,/content/drive/MyDrive/dataset/CyAUG-Dataset/Red_Soil/r (660).jpeg
Clay,6.54,45,24,26,70,Sprinkler,79,Vegetables,Barley,Millet,High,198,34,56,68288,/content/drive/MyDrive/dataset/CyAUG-Dataset/Red_Soil/r (888).jpeg
Sandy,7.45,55,28,28,55,Drip,94,Barley,Soybean,Wheat,Medium,142,26,54,41888,/content/drive/MyDrive/dataset/CyAUG-Dataset/Red_Soil/r (742).jpeg
Loamy,6.63,47,20,41,66,Drip,80,Vegetables,Maize,Wheat,Medium,149,30,74,34817,/content/drive/MyDrive/dataset/CyAUG-Dataset/Red_Soil/r (663).jpeg
Loamy,6.15,38,15,35,61,Sprinkler,57,Sugarcane,Vegetables,Cotton,Medium,178,22,86,20379,/content/drive/MyDrive/dataset/CyAUG-Dataset/Red_Soil/r (807).jpeg
Loamy,7.18,41,34,42,31,Flood,73,Vegetables,Barley,Maize,Low,65,33,54,72315,/content/drive/MyDrive/dataset/CyAUG-Dataset/Red_Soil/r (738).jpeg
Clay,6.53,44,22,46,57,Flood,84,Wheat,Millet,Vegetables,High,80,32,86,35286,/content/drive/MyDrive/dataset/CyAUG-Dataset/Red_Soil/r (7).jpeg
Silty,5.69,33,37,41,50,Sprinkler,88,Vegetables,Rice,Rice,Low,104,24,58,72005,/content/drive/MyDrive/dataset/CyAUG-Dataset/Red_Soil/r (799).jpeg
Silty,5.71,28,19,42,50,Flood,70,Vegetables,Vegetables,Groundnut,Low,176,30,65,58616,/content/drive/MyDrive/dataset/CyAUG-Dataset/Red_Soil/r (96).jpeg
Sandy,6.39,30,25,38,66,Sprinkler,70,Millet,Groundnut,Barley,High,109,33,65,48628,/content/drive/MyDrive/dataset/CyAUG-Dataset/Red_Soil/r (757).jpeg
Clay,6.14,57,22,43,75,Sprinkler,95,Cotton,Sugarcane,Maize,Medium,65,34,55,59402,/content/drive/MyDrive/dataset/CyAUG-Dataset/Red_Soil/r (921).jpeg
Silty,6.67,20,22,41,33,Flood,73,Vegetables,Wheat,Maize,High,116,32,75,29155,/content/drive/MyDrive/dataset/CyAUG-Dataset/Red_Soil/r (551).jpeg
Loamy,6.07,26,40,25,36,Drip,92,Barley,Sugarcane,Rice,High,194,30,40,55283,/content/drive/MyDrive/dataset/CyAUG-Dataset/Red_Soil/r (962).jpeg
Sandy,6.66,28,19,23,62,Flood,60,Groundnut,Sugarcane,Millet,High,93,33,78,70803,/content/drive/MyDrive/dataset/CyAUG-Dataset/Red_Soil/r (557).jpeg
Sandy,6.18,51,34,28,67,Drip,68,Vegetables,Millet,Wheat,High,97,28,42,77763,/content/drive/MyDrive/dataset/CyAUG-Dataset/Red_Soil/r (680).jpeg
Sandy,5.97,52,38,23,53,Flood,72,Rice,Soybean,Soybean,Medium,114,27,66,54463,/content/drive/MyDrive/dataset/CyAUG-Dataset/Red_Soil/r (654).jpeg
Silty,6.26,59,16,47,35,Sprinkler,56,Vegetables,Maize,Cotton,Medium,150,32,40,55704,/content/drive/MyDrive/dataset/CyAUG-Dataset/Red_Soil/r (624).jpeg
Silty,5.62,27,36,46,45,Flood,62,Millet,Soybean,Barley,Medium,79,32,83,26578,/content/drive/MyDrive/dataset/CyAUG-Dataset/Red_Soil/r (934).jpeg
Silty,5.65,33,36,40,75,Flood,74,Wheat,Maize,Maize,Medium,55,21,67,29048,/content/drive/MyDrive/dataset/CyAUG-Dataset/Red_Soil/r (565).jpeg
Loamy,6.12,20,35,49,57,Flood,82,Barley,Maize,Wheat,High,200,22,84,22411,/content/drive/MyDrive/dataset/CyAUG-Dataset/Red_Soil/r (776).jpeg
Silty,5.84,49,27,43,53,Drip,69,Sugarcane,Rice,Millet,Low,64,22,79,54019,/content/drive/MyDrive/dataset/CyAUG-Dataset/Red_Soil/r (994).jpeg
Sandy,6.2,21,21,27,50,Sprinkler,79,Millet,Vegetables,Maize,Low,124,33,41,63629,/content/drive/MyDrive/dataset/CyAUG-Dataset/Red_Soil/r (642).jpeg
Loamy,6.46,37,24,32,65,Sprinkler,78,Sugarcane,Barley,Maize,Low,110,28,40,64938,/content/drive/MyDrive/dataset/CyAUG-Dataset/Red_Soil/r (968).jpeg
Sandy,7.19,52,25,31,78,Sprinkler,77,Wheat,Soybean,Barley,Medium,174,24,74,79136,/content/drive/MyDrive/dataset/CyAUG-Dataset/Red_Soil/r (902).jpeg
Clay,6.63,51,34,31,70,Sprinkler,91,Cotton,Maize,Vegetables,Low,103,25,52,29311,/content/drive/MyDrive/dataset/CyAUG-Dataset/Red_Soil/r (925).jpeg
Loamy,5.73,58,38,23,48,Flood,93,Barley,Barley,Soybean,Medium,175,27,67,72536,/content/drive/MyDrive/dataset/CyAUG-Dataset/Red_Soil/r (848).jpeg
Silty,6.45,55,15,33,43,Drip,91,Sugarcane,Sugarcane,Sugarcane,Low,108,23,75,20486,/content/drive/MyDrive/dataset/CyAUG-Dataset/Red_Soil/r (964).jpeg
Loamy,6.81,30,26,49,43,Drip,78,Millet,Rice,Groundnut,Medium,166,32,76,44155,/content/drive/MyDrive/dataset/CyAUG-Dataset/Red_Soil/r (981).jpeg
Silty,6.36,53,37,23,63,Drip,62,Wheat,Maize,Barley,Low,164,21,63,35532,/content/drive/MyDrive/dataset/CyAUG-Dataset/Red_Soil/r (704).jpeg
Sandy,6.05,34,40,20,45,Flood,51,Wheat,Groundnut,Barley,Low,154,33,56,56052,/content/drive/MyDrive/dataset/CyAUG-Dataset/Red_Soil/r (795).jpeg
Sandy,6.27,20,16,20,52,Sprinkler,75,Sugarcane,Vegetables,Millet,High,72,35,79,26346,/content/drive/MyDrive/dataset/CyAUG-Dataset/Red_Soil/r (714).jpeg
Silty,6.14,35,38,39,62,Flood,53,Barley,Maize,Rice,High,55,24,55,24915,/content/drive/MyDrive/dataset/CyAUG-Dataset/Red_Soil/r (536).jpeg
Silty,6.76,45,30,23,49,Sprinkler,94,Cotton,Vegetables,Barley,Low,196,29,76,63978,/content/drive/MyDrive/dataset/CyAUG-Dataset/Red_Soil/r (973).jpeg
Clay,6.35,39,20,40,58,Drip,88,Wheat,Cotton,Vegetables,High,102,28,55,54421,/content/drive/MyDrive/dataset/CyAUG-Dataset/Red_Soil/r (880).jpeg
Silty,6.11,59,16,33,53,Flood,84,Wheat,Rice,Groundnut,Low,168,23,56,33569,/content/drive/MyDrive/dataset/CyAUG-Dataset/Red_Soil/r (584).jpeg
Clay,5.82,24,24,21,63,Flood,95,Sugarcane,Soybean,Vegetables,Medium,54,21,47,20223,/content/drive/MyDrive/dataset/CyAUG-Dataset/Red_Soil/r (871).jpeg
Silty,6.98,34,18,34,62,Sprinkler,53,Rice,Millet,Groundnut,High,89,32,85,22137,/content/drive/MyDrive/dataset/CyAUG-Dataset/Red_Soil/r (983).jpeg
Clay,6.34,54,38,23,72,Drip,88,Maize,Sugarcane,Barley,Medium,173,28,66,24122,/content/drive/MyDrive/dataset/CyAUG-Dataset/Red_Soil/r (65).jpeg
Sandy,5.73,43,29,20,74,Drip,61,Wheat,Maize,Soybean,High,51,33,65,31497,/content/drive/MyDrive/dataset/CyAUG-Dataset/Red_Soil/r (667).jpeg
Silty,5.7,43,25,22,57,Flood,65,Cotton,Millet,Maize,High,87,20,79,23723,/content/drive/MyDrive/dataset/CyAUG-Dataset/Red_Soil/r (605).jpeg
Clay,5.52,27,18,21,52,Flood,84,Vegetables,Vegetables,Sugarcane,Low,73,29,50,75308,/content/drive/MyDrive/dataset/CyAUG-Dataset/Red_Soil/r (911).jpeg
Loamy,7.04,28,35,28,56,Drip,50,Cotton,Maize,Sugarcane,Medium,57,35,89,76651,/content/drive/MyDrive/dataset/CyAUG-Dataset/Red_Soil/r (6).jpeg
Clay,7.45,44,17,36,30,Sprinkler,62,Cotton,Groundnut,Wheat,Low,120,26,83,76123,/content/drive/MyDrive/dataset/CyAUG-Dataset/Red_Soil/r (685).jpeg
Clay,6.34,44,22,46,51,Drip,87,Groundnut,Cotton,Soybean,Medium,107,32,84,54531,/content/drive/MyDrive/dataset/CyAUG-Dataset/Red_Soil/r (637).jpeg
Loamy,7.42,26,40,22,70,Flood,52,Vegetables,Groundnut,Sugarcane,Low,74,21,61,46224,/content/drive/MyDrive/dataset/CyAUG-Dataset/Red_Soil/r (897).jpeg
Loamy,6.45,60,27,27,67,Sprinkler,53,Sugarcane,Millet,Sugarcane,Low,136,33,68,36284,/content/drive/MyDrive/dataset/CyAUG-Dataset/Red_Soil/r (878).jpeg
Sandy,6.38,40,32,37,68,Drip,85,Cotton,Sugarcane,Maize,Medium,181,35,64,42420,/content/drive/MyDrive/dataset/CyAUG-Dataset/Red_Soil/r (932).jpeg
Loamy,7.28,32,36,27,80,Drip,83,Wheat,Maize,Maize,Low,111,33,54,34523,/content/drive/MyDrive/dataset/CyAUG-Dataset/Red_Soil/r (833).jpeg
Silty,5.53,39,34,33,30,Sprinkler,83,Vegetables,Maize,Soybean,High,121,32,83,25575,/content/drive/MyDrive/dataset/CyAUG-Dataset/Red_Soil/r (656).jpeg
Loamy,5.74,27,40,33,33,Sprinkler,77,Soybean,Groundnut,Soybean,Low,177,25,46,28765,/content/drive/MyDrive/dataset/CyAUG-Dataset/Red_Soil/r (826).jpeg
Sandy,5.98,23,25,22,64,Flood,62,Cotton,Sugarcane,Sugarcane,High,115,24,63,50243,/content/drive/MyDrive/dataset/CyAUG-Dataset/Red_Soil/r (615).jpeg
Sandy,7.3,24,30,40,62,Flood,68,Maize,Groundnut,Maize,High,75,30,50,63071,/content/drive/MyDrive/dataset/CyAUG-Dataset/Red_Soil/r (858).jpeg
Sandy,6.52,33,16,49,55,Drip,52,Groundnut,Maize,Maize,Medium,81,33,47,50355,/content/drive/MyDrive/dataset/CyAUG-Dataset/Red_Soil/r (693).jpeg
Silty,6.66,54,23,26,66,Sprinkler,72,Wheat,Barley,Millet,High,193,25,58,71494,/content/drive/MyDrive/dataset/CyAUG-Dataset/Red_Soil/r (893).jpeg
Silty,6.03,58,32,27,37,Flood,70,Barley,Barley,Millet,Medium,189,26,76,39620,/content/drive/MyDrive/dataset/CyAUG-Dataset/Red_Soil/r (992).jpeg
Loamy,6.0,26,19,42,75,Sprinkler,87,Millet,Maize,Rice,Low,190,28,80,71697,/content/drive/MyDrive/dataset/CyAUG-Dataset/Red_Soil/r (773).jpeg
Silty,6.06,35,18,39,75,Drip,65,Cotton,Vegetables,Maize,High,146,25,87,33115,/content/drive/MyDrive/dataset/CyAUG-Dataset/Red_Soil/r (938).jpeg
Loamy,7.02,49,30,35,43,Flood,61,Millet,Maize,Rice,Low,92,26,81,72830,/content/drive/MyDrive/dataset/CyAUG-Dataset/Red_Soil/r (993).jpeg
Sandy,5.89,44,16,36,57,Flood,50,Cotton,Barley,Groundnut,Low,119,21,65,74599,/content/drive/MyDrive/dataset/CyAUG-Dataset/Red_Soil/r (651).jpeg
Clay,5.55,57,31,28,56,Drip,53,Soybean,Maize,Millet,Low,104,27,69,64912,/content/drive/MyDrive/dataset/CyAUG-Dataset/Red_Soil/r (724).jpeg
Clay,5.77,46,21,24,69,Drip,85,Sugarcane,Sugarcane,Barley,High,140,24,66,68406,/content/drive/MyDrive/dataset/CyAUG-Dataset/Red_Soil/r (765).jpeg
Silty,7.22,30,29,32,49,Drip,91,Soybean,Cotton,Wheat,High,110,27,90,23351,/content/drive/MyDrive/dataset/CyAUG-Dataset/Red_Soil/r (596).jpeg
Silty,5.95,43,28,27,57,Drip,65,Wheat,Wheat,Soybean,Medium,90,28,64,26464,/content/drive/MyDrive/dataset/CyAUG-Dataset/Red_Soil/r (931).jpeg
Loamy,6.99,24,25,36,33,Flood,67,Rice,Barley,Vegetables,Low,100,30,43,51028,/content/drive/MyDrive/dataset/CyAUG-Dataset/Red_Soil/r (779).jpeg
Sandy,5.76,53,28,39,69,Flood,56,Millet,Maize,Rice,High,105,29,82,43475,/content/drive/MyDrive/dataset/CyAUG-Dataset/Red_Soil/r (787).jpeg
Loamy,6.59,30,28,31,58,Drip,83,Maize,Wheat,Rice,High,191,29,78,49560,/content/drive/MyDrive/dataset/CyAUG-Dataset/Red_Soil/r (539).jpeg
Sandy,6.04,41,36,34,76,Drip,79,Barley,Vegetables,Millet,High,95,24,49,41645,/content/drive/MyDrive/dataset/CyAUG-Dataset/Red_Soil/r (822).jpeg
Loamy,5.59,38,38,30,31,Flood,75,Soybean,Vegetables,Millet,Low,193,34,70,31446,/content/drive/MyDrive/dataset/CyAUG-Dataset/Red_Soil/r (72).jpeg
Sandy,6.51,37,38,31,53,Flood,64,Groundnut,Maize,Barley,Low,130,30,83,52911,/content/drive/MyDrive/dataset/CyAUG-Dataset/Red_Soil/r (543).jpeg
Sandy,6.67,23,25,44,80,Drip,55,Groundnut,Rice,Maize,Low,66,23,76,20872,/content/drive/MyDrive/dataset/CyAUG-Dataset/Red_Soil/r (906).jpeg
Loamy,6.34,32,17,38,53,Sprinkler,56,Sugarcane,Rice,Millet,High,149,26,53,56991,/content/drive/MyDrive/dataset/CyAUG-Dataset/Red_Soil/r (806).jpeg
Clay,5.55,20,34,46,73,Sprinkler,79,Groundnut,Cotton,Millet,Medium,165,21,47,31189,/content/drive/MyDrive/dataset/CyAUG-Dataset/Red_Soil/r (638).jpeg
Loamy,6.34,27,22,44,62,Flood,89,Rice,Cotton,Vegetables,Medium,149,33,75,41570,/content/drive/MyDrive/dataset/CyAUG-Dataset/Red_Soil/r (766).jpeg
Sandy,7.2,57,35,32,35,Flood,73,Barley,Rice,Wheat,Low,81,29,43,40899,/content/drive/MyDrive/dataset/CyAUG-Dataset/Red_Soil/r (883).jpeg
Clay,7.48,51,28,30,74,Drip,85,Millet,Groundnut,Vegetables,High,105,35,90,73332,/content/drive/MyDrive/dataset/CyAUG-Dataset/Red_Soil/r (583).jpeg
Silty,7.26,41,26,47,48,Sprinkler,71,Soybean,Soybean,Rice,Medium,95,33,47,64123,/content/drive/MyDrive/dataset/CyAUG-Dataset/Red_Soil/r (534).jpeg
Sandy,6.5,47,36,49,71,Sprinkler,50,Maize,Rice,Barley,High,66,34,47,78470,/content/drive/MyDrive/dataset/CyAUG-Dataset/Red_Soil/r (549).jpeg
Loamy,7.41,52,29,25,63,Sprinkler,89,Cotton,Maize,Millet,Low,139,32,80,67518,/content/drive/MyDrive/dataset/CyAUG-Dataset/Red_Soil/r (781).jpeg
Sandy,7.06,24,21,27,73,Flood,81,Groundnut,Cotton,Millet,Medium,185,20,84,66374,/content/drive/MyDrive/dataset/CyAUG-Dataset/Red_Soil/r (545).jpeg
Clay,5.77,24,22,43,76,Flood,51,Sugarcane,Cotton,Groundnut,High,148,20,78,62547,/content/drive/MyDrive/dataset/CyAUG-Dataset/Red_Soil/r (677).jpeg
Clay,5.7,31,20,42,53,Sprinkler,59,Soybean,Millet,Barley,Low,186,35,87,30934,/content/drive/MyDrive/dataset/CyAUG-Dataset/Red_Soil/r (758).jpeg
Silty,6.28,55,17,38,35,Flood,85,Barley,Maize,Rice,Medium,52,28,40,29422,/content/drive/MyDrive/dataset/CyAUG-Dataset/Red_Soil/r (755).jpeg
Loamy,6.31,47,26,30,70,Sprinkler,84,Cotton,Groundnut,Rice,Low,70,26,44,30867,/content/drive/MyDrive/dataset/CyAUG-Dataset/Red_Soil/r (966).jpeg
Sandy,6.79,45,30,38,58,Sprinkler,77,Millet,Vegetables,Cotton,High,54,23,66,79523,/content/drive/MyDrive/dataset/CyAUG-Dataset/Red_Soil/r (970).jpeg
Silty,6.52,36,32,26,32,Sprinkler,94,Groundnut,Groundnut,Rice,Medium,71,35,78,68546,/content/drive/MyDrive/dataset/CyAUG-Dataset/Red_Soil/r (939).jpeg
Silty,7.16,42,19,41,58,Drip,53,Vegetables,Soybean,Wheat,Medium,157,27,78,44643,/content/drive/MyDrive/dataset/CyAUG-Dataset/Red_Soil/r (679).jpeg
Silty,6.4,56,37,26,80,Flood,66,Barley,Soybean,Millet,High,107,33,41,20482,/content/drive/MyDrive/dataset/CyAUG-Dataset/Red_Soil/r (620).jpeg
Clay,7.42,46,32,23,44,Flood,86,Sugarcane,Rice,Vegetables,Low,116,33,82,52507,/content/drive/MyDrive/dataset/CyAUG-Dataset/Red_Soil/r (533).jpeg
Clay,5.93,41,24,41,80,Drip,61,Vegetables,Groundnut,Sugarcane,Medium,121,31,78,20995,/content/drive/MyDrive/dataset/CyAUG-Dataset/Red_Soil/r (885).jpeg
Loamy,6.55,41,38,23,76,Drip,57,Groundnut,Cotton,Sugarcane,Medium,141,34,43,52264,/content/drive/MyDrive/dataset/CyAUG-Dataset/Red_Soil/r (821).jpeg
Silty,6.1,41,40,25,80,Drip,89,Rice,Rice,Barley,High,123,22,59,61964,/content/drive/MyDrive/dataset/CyAUG-Dataset/Red_Soil/r (99).jpeg
Silty,6.2,20,33,38,43,Sprinkler,95,Millet,Maize,Sugarcane,Low,133,33,52,33701,/content/drive/MyDrive/dataset/CyAUG-Dataset/Red_Soil/r (593).jpeg
Silty,6.29,32,40,25,44,Sprinkler,64,Rice,Vegetables,Maize,Low,152,35,71,32105,/content/drive/MyDrive/dataset/CyAUG-Dataset/Red_Soil/r (976).jpeg
Silty,6.53,34,27,41,35,Flood,68,Millet,Sugarcane,Sugarcane,Medium,173,21,47,31630,/content/drive/MyDrive/dataset/CyAUG-Dataset/Red_Soil/r (935).jpeg
Silty,6.89,23,36,32,31,Flood,54,Maize,Rice,Soybean,Low,92,31,66,68145,/content/drive/MyDrive/dataset/CyAUG-Dataset/Red_Soil/r (946).jpeg
Loamy,6.51,22,26,48,47,Sprinkler,72,Barley,Maize,Sugarcane,Medium,98,31,66,33595,/content/drive/MyDrive/dataset/CyAUG-Dataset/Red_Soil/r (561).jpeg
Silty,6.69,47,18,24,54,Drip,85,Millet,Wheat,Wheat,Low,98,27,52,55201,/content/drive/MyDrive/dataset/CyAUG-Dataset/Red_Soil/r (664).jpeg
Clay,7.22,33,20,50,67,Flood,62,Wheat,Wheat,Millet,High,117,35,71,52124,/content/drive/MyDrive/dataset/CyAUG-Dataset/Red_Soil/r (646).jpeg
Sandy,6.54,24,35,36,32,Sprinkler,68,Groundnut,Vegetables,Cotton,Medium,92,34,90,50096,/content/drive/MyDrive/dataset/CyAUG-Dataset/Red_Soil/r (908).jpeg
Sandy,7.46,60,35,33,62,Sprinkler,61,Groundnut,Cotton,Soybean,Medium,123,21,49,26028,/content/drive/MyDrive/dataset/CyAUG-Dataset/Red_Soil/r (951).jpeg
Loamy,6.61,46,29,21,46,Sprinkler,61,Groundnut,Soybean,Vegetables,Low,195,22,76,61043,/content/drive/MyDrive/dataset/CyAUG-Dataset/Red_Soil/r (55).jpeg
Silty,7.19,24,15,38,57,Flood,92,Cotton,Sugarcane,Vegetables,Low,67,35,71,50666,/content/drive/MyDrive/dataset/CyAUG-Dataset/Red_Soil/r (740).jpeg
Sandy,7.44,23,35,50,55,Drip,75,Rice,Maize,Rice,Medium,142,30,73,67996,/content/drive/MyDrive/dataset/CyAUG-Dataset/Red_Soil/r (628).jpeg
Sandy,6.03,21,37,23,63,Flood,91,Wheat,Rice,Barley,Low,118,35,40,59045,/content/drive/MyDrive/dataset/CyAUG-Dataset/Red_Soil/r (854).jpeg
Clay,6.1,40,27,41,57,Drip,81,Groundnut,Soybean,Vegetables,Low,56,28,71,47867,/content/drive/MyDrive/dataset/CyAUG-Dataset/Red_Soil/r (851).jpeg
Silty,6.41,38,33,50,76,Sprinkler,76,Sugarcane,Vegetables,Groundnut,High,56,22,78,56797,/content/drive/MyDrive/dataset/CyAUG-Dataset/Red_Soil/r (736).jpeg
Silty,5.52,27,25,48,72,Sprinkler,54,Soybean,Maize,Soybean,Medium,75,33,83,74767,/content/drive/MyDrive/dataset/CyAUG-Dataset/Red_Soil/r (754).jpeg
Loamy,6.74,28,15,44,37,Flood,80,Cotton,Soybean,Groundnut,Medium,191,31,75,22995,/content/drive/MyDrive/dataset/CyAUG-Dataset/Red_Soil/r (505).jpeg
Loamy,6.89,50,16,50,74,Drip,70,Barley,Sugarcane,Rice,Low,80,28,55,43997,/content/drive/MyDrive/dataset/CyAUG-Dataset/Red_Soil/r (311).jpeg
Sandy,6.92,52,36,29,66,Sprinkler,87,Soybean,Millet,Barley,Medium,98,31,75,79205,/content/drive/MyDrive/dataset/CyAUG-Dataset/Red_Soil/r (378).jpeg
Loamy,5.77,51,38,46,52,Drip,51,Groundnut,Barley,Vegetables,High,91,33,59,44033,/content/drive/MyDrive/dataset/CyAUG-Dataset/Red_Soil/2a.jpg
Clay,7.34,32,31,25,36,Flood,53,Vegetables,Vegetables,Rice,Medium,166,30,66,25152,/content/drive/MyDrive/dataset/CyAUG-Dataset/Red_Soil/r (166).jpeg
Silty,5.58,21,23,28,58,Drip,51,Vegetables,Rice,Cotton,Medium,134,25,53,79835,/content/drive/MyDrive/dataset/CyAUG-Dataset/Red_Soil/r (1007).jpeg
Clay,6.48,46,30,27,70,Sprinkler,62,Wheat,Vegetables,Maize,High,72,30,67,78523,/content/drive/MyDrive/dataset/CyAUG-Dataset/Red_Soil/r (1014).jpeg
Clay,6.01,42,33,44,50,Flood,95,Rice,Millet,Barley,Medium,138,26,87,56797,/content/drive/MyDrive/dataset/CyAUG-Dataset/Red_Soil/r (134).jpeg
Silty,6.19,37,25,41,60,Sprinkler,84,Millet,Maize,Rice,Medium,73,31,77,21538,/content/drive/MyDrive/dataset/CyAUG-Dataset/Red_Soil/r (492).jpeg
Loamy,6.85,33,27,32,51,Flood,69,Cotton,Cotton,Rice,High,175,34,64,52696,/content/drive/MyDrive/dataset/CyAUG-Dataset/Red_Soil/r (216).jpeg
Clay,5.78,32,22,38,50,Drip,80,Millet,Rice,Millet,High,92,27,43,78378,/content/drive/MyDrive/dataset/CyAUG-Dataset/Red_Soil/r (360).jpeg
Silty,7.13,52,21,33,54,Sprinkler,57,Vegetables,Sugarcane,Maize,Low,147,28,49,68473,/content/drive/MyDrive/dataset/CyAUG-Dataset/Red_Soil/8.jpg
Loamy,7.37,25,29,26,40,Flood,84,Millet,Vegetables,Soybean,Low,152,28,89,23662,/content/drive/MyDrive/dataset/CyAUG-Dataset/Red_Soil/r (160).jpeg
Silty,7.26,58,38,20,78,Flood,72,Maize,Wheat,Millet,Medium,179,24,40,54335,/content/drive/MyDrive/dataset/CyAUG-Dataset/Red_Soil/r (112).jpeg
Clay,7.3,48,36,23,33,Sprinkler,94,Cotton,Groundnut,Vegetables,Low,84,23,50,30602,/content/drive/MyDrive/dataset/CyAUG-Dataset/Red_Soil/80.jpg
Sandy,7.45,43,25,27,54,Sprinkler,53,Sugarcane,Cotton,Barley,Low,196,24,76,31425,/content/drive/MyDrive/dataset/CyAUG-Dataset/Red_Soil/18b.jpg
Loamy,5.63,44,25,31,69,Flood,61,Maize,Maize,Groundnut,Low,65,23,50,35779,/content/drive/MyDrive/dataset/CyAUG-Dataset/Red_Soil/26.jpg
Sandy,6.16,35,17,29,64,Drip,63,Barley,Rice,Barley,High,153,20,83,64745,/content/drive/MyDrive/dataset/CyAUG-Dataset/Red_Soil/r (123).jpeg
Loamy,7.17,59,30,45,53,Sprinkler,68,Barley,Wheat,Wheat,Low,55,21,41,35727,/content/drive/MyDrive/dataset/CyAUG-Dataset/Red_Soil/r (1011).jpeg
Silty,5.74,25,31,45,47,Drip,76,Soybean,Wheat,Rice,Medium,140,33,47,63446,/content/drive/MyDrive/dataset/CyAUG-Dataset/Red_Soil/r (34).jpeg
Sandy,5.98,52,32,39,74,Drip,67,Vegetables,Wheat,Cotton,Low,175,28,72,38121,/content/drive/MyDrive/dataset/CyAUG-Dataset/Red_Soil/r (454).jpeg
Clay,6.21,21,21,25,33,Drip,95,Soybean,Vegetables,Wheat,Low,130,33,69,50827,/content/drive/MyDrive/dataset/CyAUG-Dataset/Red_Soil/r (259).jpeg
Silty,7.0,57,15,33,44,Flood,73,Barley,Soybean,Soybean,High,88,31,55,23455,/content/drive/MyDrive/dataset/CyAUG-Dataset/Red_Soil/r (522).jpeg
Silty,5.55,45,26,21,59,Drip,79,Soybean,Vegetables,Sugarcane,High,89,34,70,45975,/content/drive/MyDrive/dataset/CyAUG-Dataset/Red_Soil/r (183).jpeg
Clay,6.12,57,32,30,42,Drip,52,Millet,Soybean,Maize,High,135,22,43,70549,/content/drive/MyDrive/dataset/CyAUG-Dataset/Red_Soil/r (278).jpeg
Clay,6.34,22,37,37,51,Sprinkler,54,Millet,Millet,Rice,Medium,171,20,45,56548,/content/drive/MyDrive/dataset/CyAUG-Dataset/Red_Soil/r (479).jpeg
Loamy,6.95,30,35,25,44,Drip,65,Sugarcane,Soybean,Cotton,Medium,164,22,57,44313,/content/drive/MyDrive/dataset/CyAUG-Dataset/Red_Soil/r (3).jpeg
Loamy,6.75,21,39,43,75,Flood,61,Wheat,Rice,Millet,Medium,169,31,50,28139,/content/drive/MyDrive/dataset/CyAUG-Dataset/Red_Soil/r (494).jpeg
Sandy,6.19,41,29,27,43,Sprinkler,50,Wheat,Rice,Barley,Low,150,21,72,62122,/content/drive/MyDrive/dataset/CyAUG-Dataset/Red_Soil/r (424).jpeg
Silty,6.64,58,15,39,67,Sprinkler,71,Millet,Barley,Cotton,High,188,22,49,30385,/content/drive/MyDrive/dataset/CyAUG-Dataset/Red_Soil/r (186).jpeg
Loamy,6.96,60,34,47,63,Sprinkler,65,Vegetables,Barley,Millet,High,59,20,67,65865,/content/drive/MyDrive/dataset/CyAUG-Dataset/Red_Soil/r (408).jpeg
Loamy,5.96,23,15,40,41,Sprinkler,89,Groundnut,Soybean,Sugarcane,Low,105,20,79,21013,/content/drive/MyDrive/dataset/CyAUG-Dataset/Red_Soil/80a.jpg
Clay,7.39,20,25,41,54,Drip,76,Soybean,Millet,Soybean,High,79,21,56,73598,/content/drive/MyDrive/dataset/CyAUG-Dataset/Red_Soil/16.jpg
Loamy,6.48,29,34,49,74,Flood,65,Groundnut,Wheat,Maize,Low,113,23,40,66326,/content/drive/MyDrive/dataset/CyAUG-Dataset/Red_Soil/50.jpg
Sandy,5.93,32,28,23,61,Drip,70,Vegetables,Sugarcane,Vegetables,Low,183,28,64,39407,/content/drive/MyDrive/dataset/CyAUG-Dataset/Red_Soil/r (250).jpeg
Clay,7.46,35,35,36,48,Drip,77,Sugarcane,Vegetables,Soybean,Medium,93,22,45,69825,/content/drive/MyDrive/dataset/CyAUG-Dataset/Red_Soil/77.jpg
Silty,6.85,44,24,28,57,Drip,92,Rice,Rice,Millet,High,154,24,80,51267,/content/drive/MyDrive/dataset/CyAUG-Dataset/Red_Soil/r (45).jpeg
Silty,5.63,22,19,42,44,Flood,78,Rice,Maize,Cotton,High,66,20,79,43620,/content/drive/MyDrive/dataset/CyAUG-Dataset/Red_Soil/r (192).jpeg
Clay,6.7,30,19,20,66,Drip,60,Soybean,Maize,Sugarcane,High,172,26,83,59373,/content/drive/MyDrive/dataset/CyAUG-Dataset/Red_Soil/r (205).jpeg
Clay,6.38,33,20,20,46,Sprinkler,59,Wheat,Wheat,Rice,High,165,27,82,20981,/content/drive/MyDrive/dataset/CyAUG-Dataset/Red_Soil/r (215).jpeg
Silty,7.15,41,40,46,66,Flood,93,Millet,Vegetables,Sugarcane,Medium,180,31,51,37064,/content/drive/MyDrive/dataset/CyAUG-Dataset/Red_Soil/r (481).jpeg
Clay,7.02,48,35,26,75,Flood,85,Soybean,Wheat,Rice,Medium,133,31,74,41515,/content/drive/MyDrive/dataset/CyAUG-Dataset/Red_Soil/r (113).jpeg
Sandy,7.14,45,27,23,75,Flood,79,Sugarcane,Wheat,Soybean,Low,180,23,42,75071,/content/drive/MyDrive/dataset/CyAUG-Dataset/Red_Soil/r (357).jpeg
Silty,7.37,53,22,50,78,Drip,85,Millet,Barley,Sugarcane,Low,57,23,80,42723,/content/drive/MyDrive/dataset/CyAUG-Dataset/Red_Soil/r (263).jpeg
Clay,6.67,44,28,25,69,Sprinkler,67,Barley,Millet,Sugarcane,High,101,31,86,31896,/content/drive/MyDrive/dataset/CyAUG-Dataset/Red_Soil/r (300).jpeg
Clay,7.29,32,34,31,75,Drip,70,Vegetables,Wheat,Rice,High,88,34,56,28956,/content/drive/MyDrive/dataset/CyAUG-Dataset/Red_Soil/r (133).jpeg
Silty,6.99,32,33,50,71,Drip,73,Millet,Wheat,Millet,Medium,177,35,69,67671,/content/drive/MyDrive/dataset/CyAUG-Dataset/Red_Soil/r (32).jpeg
Silty,7.29,46,28,36,77,Flood,83,Maize,Soybean,Maize,Medium,87,31,40,36817,/content/drive/MyDrive/dataset/CyAUG-Dataset/Red_Soil/r (450).jpeg
Loamy,7.11,59,36,24,51,Sprinkler,79,Millet,Millet,Soybean,Low,144,30,85,66263,/content/drive/MyDrive/dataset/CyAUG-Dataset/Red_Soil/r (446).jpeg
Clay,6.86,23,25,42,80,Flood,58,Vegetables,Wheat,Soybean,Medium,89,23,49,24211,/content/drive/MyDrive/dataset/CyAUG-Dataset/Red_Soil/r (131).jpeg
Silty,6.1,35,17,27,59,Sprinkler,81,Wheat,Millet,Rice,High,188,34,64,62286,/content/drive/MyDrive/dataset/CyAUG-Dataset/Red_Soil/r (1016).jpeg
Silty,5.5,27,31,41,55,Flood,91,Rice,Cotton,Soybean,Medium,167,34,51,61384,/content/drive/MyDrive/dataset/CyAUG-Dataset/Red_Soil/r (307).jpeg
Clay,5.56,38,17,26,31,Drip,94,Groundnut,Wheat,Soybean,Medium,173,26,87,32808,/content/drive/MyDrive/dataset/CyAUG-Dataset/Red_Soil/r (182).jpeg
Loamy,5.8,24,39,49,62,Sprinkler,89,Barley,Soybean,Vegetables,Low,194,32,68,20154,/content/drive/MyDrive/dataset/CyAUG-Dataset/Red_Soil/r (509).jpeg
Loamy,6.35,44,34,35,78,Flood,95,Barley,Barley,Millet,Low,62,35,58,48271,/content/drive/MyDrive/dataset/CyAUG-Dataset/Red_Soil/r (511).jpeg
Silty,6.23,42,39,24,73,Sprinkler,75,Barley,Millet,Wheat,Low,200,35,61,36535,/content/drive/MyDrive/dataset/CyAUG-Dataset/Red_Soil/r (413).jpeg
Clay,6.01,57,15,35,65,Flood,68,Cotton,Vegetables,Cotton,Low,115,25,53,23349,/content/drive/MyDrive/dataset/CyAUG-Dataset/Red_Soil/r (151).jpeg
Clay,6.21,37,23,25,48,Drip,51,Barley,Barley,Cotton,High,118,35,43,29564,/content/drive/MyDrive/dataset/CyAUG-Dataset/Red_Soil/r (1013).jpeg
Clay,6.51,38,27,48,34,Flood,67,Barley,Wheat,Rice,Medium,95,24,83,75127,/content/drive/MyDrive/dataset/CyAUG-Dataset/Red_Soil/r (524).jpeg
Loamy,7.25,29,32,48,66,Sprinkler,85,Vegetables,Maize,Barley,Medium,94,21,79,65890,/content/drive/MyDrive/dataset/CyAUG-Dataset/Red_Soil/r (51).jpeg
Sandy,5.71,36,27,41,68,Sprinkler,92,Millet,Soybean,Wheat,High,190,29,85,67948,/content/drive/MyDrive/dataset/CyAUG-Dataset/Red_Soil/r (475).jpeg
Loamy,7.5,23,29,38,51,Sprinkler,94,Maize,Cotton,Cotton,Low,124,24,62,23242,/content/drive/MyDrive/dataset/CyAUG-Dataset/Red_Soil/r (194).jpeg
Clay,6.56,25,21,38,79,Drip,54,Barley,Wheat,Millet,Medium,142,23,49,76759,/content/drive/MyDrive/dataset/CyAUG-Dataset/Red_Soil/r (164).jpeg
Silty,6.47,25,19,40,80,Flood,71,Groundnut,Cotton,Millet,Medium,57,34,40,52918,/content/drive/MyDrive/dataset/CyAUG-Dataset/Red_Soil/r (269).jpeg
Sandy,6.8,43,24,23,51,Drip,64,Millet,Cotton,Wheat,Low,189,31,86,72526,/content/drive/MyDrive/dataset/CyAUG-Dataset/Red_Soil/32.jpg
Loamy,6.76,22,32,26,77,Sprinkler,94,Barley,Vegetables,Cotton,Low,51,24,75,28401,/content/drive/MyDrive/dataset/CyAUG-Dataset/Red_Soil/54.jpg
Clay,5.59,45,33,37,63,Drip,86,Rice,Maize,Groundnut,Low,98,26,59,68516,/content/drive/MyDrive/dataset/CyAUG-Dataset/Red_Soil/r (132).jpeg
Silty,6.34,30,33,48,51,Flood,50,Groundnut,Soybean,Maize,Medium,180,27,86,46078,/content/drive/MyDrive/dataset/CyAUG-Dataset/Red_Soil/r (350).jpeg
Clay,6.48,50,15,37,73,Flood,77,Cotton,Groundnut,Barley,Low,114,34,83,29673,/content/drive/MyDrive/dataset/CyAUG-Dataset/Red_Soil/r (1008).jpeg
Loamy,5.93,42,33,38,69,Drip,77,Millet,Soybean,Vegetables,Low,175,31,73,79996,/content/drive/MyDrive/dataset/CyAUG-Dataset/Red_Soil/75.jpg
Silty,5.97,38,27,36,59,Flood,60,Cotton,Barley,Barley,High,116,35,70,39366,/content/drive/MyDrive/dataset/CyAUG-Dataset/Red_Soil/r (233).jpeg
Sandy,6.43,39,25,47,35,Drip,82,Vegetables,Wheat,Maize,High,132,26,57,70431,/content/drive/MyDrive/dataset/CyAUG-Dataset/Red_Soil/r (339).jpeg
Loamy,6.48,60,36,22,74,Drip,94,Wheat,Maize,Groundnut,High,191,25,42,79191,/content/drive/MyDrive/dataset/CyAUG-Dataset/Red_Soil/15.jpg
Sandy,6.69,54,16,49,41,Flood,95,Cotton,Groundnut,Millet,High,117,28,56,53104,/content/drive/MyDrive/dataset/CyAUG-Dataset/Red_Soil/r (504).jpeg
Clay,6.37,37,19,44,41,Sprinkler,82,Cotton,Wheat,Groundnut,High,99,29,60,74645,/content/drive/MyDrive/dataset/CyAUG-Dataset/Red_Soil/r (53).jpeg
Silty,7.24,20,35,31,51,Sprinkler,80,Sugarcane,Barley,Groundnut,Low,167,21,45,56634,/content/drive/MyDrive/dataset/CyAUG-Dataset/Red_Soil/r (161).jpeg
Sandy,6.26,23,23,39,79,Flood,52,Millet,Rice,Rice,Medium,64,22,83,37236,/content/drive/MyDrive/dataset/CyAUG-Dataset/Red_Soil/r (305).jpeg
Sandy,5.52,55,17,42,79,Sprinkler,71,Groundnut,Millet,Wheat,High,99,34,52,39687,/content/drive/MyDrive/dataset/CyAUG-Dataset/Red_Soil/r (163).jpeg
Loamy,7.48,46,28,41,73,Drip,92,Sugarcane,Wheat,Groundnut,Medium,136,26,72,70366,/content/drive/MyDrive/dataset/CyAUG-Dataset/Red_Soil/r (37).jpeg
Clay,6.98,27,23,32,61,Drip,55,Maize,Cotton,Vegetables,Low,130,24,79,43859,/content/drive/MyDrive/dataset/CyAUG-Dataset/Red_Soil/r (362).jpeg
Clay,7.24,47,15,30,74,Flood,73,Millet,Sugarcane,Barley,Medium,151,29,44,40286,/content/drive/MyDrive/dataset/CyAUG-Dataset/Red_Soil/r (185).jpeg
Silty,5.96,43,18,29,74,Drip,54,Millet,Vegetables,Groundnut,Medium,68,35,85,34204,/content/drive/MyDrive/dataset/CyAUG-Dataset/Red_Soil/r (18).jpeg
Clay,6.82,20,39,21,63,Drip,62,Rice,Groundnut,Cotton,Medium,135,21,83,78410,/content/drive/MyDrive/dataset/CyAUG-Dataset/Red_Soil/r (1000).jpeg
Silty,5.85,24,16,45,49,Flood,95,Wheat,Rice,Sugarcane,High,71,35,43,51453,/content/drive/MyDrive/dataset/CyAUG-Dataset/Red_Soil/r (419).jpeg
Sandy,5.88,41,30,20,67,Drip,73,Cotton,Millet,Vegetables,High,174,31,72,74991,/content/drive/MyDrive/dataset/CyAUG-Dataset/Red_Soil/r (314).jpeg
Loamy,6.94,22,37,26,61,Drip,77,Maize,Groundnut,Rice,High,166,20,48,30907,/content/drive/MyDrive/dataset/CyAUG-Dataset/Red_Soil/r (2).jpeg
Sandy,6.55,23,25,34,64,Drip,71,Barley,Rice,Vegetables,Medium,69,29,63,45140,/content/drive/MyDrive/dataset/CyAUG-Dataset/Red_Soil/r (274).jpeg
Loamy,6.0,50,36,43,42,Flood,64,Groundnut,Rice,Sugarcane,Medium,96,26,47,25607,/content/drive/MyDrive/dataset/CyAUG-Dataset/Red_Soil/4.jpg
Sandy,6.75,25,36,38,76,Sprinkler,70,Millet,Rice,Sugarcane,High,128,21,46,34646,/content/drive/MyDrive/dataset/CyAUG-Dataset/Red_Soil/r (232).jpeg
Loamy,6.62,41,25,32,56,Sprinkler,94,Maize,Vegetables,Millet,Low,115,35,47,66616,/content/drive/MyDrive/dataset/CyAUG-Dataset/Red_Soil/r (190).jpeg
Clay,7.43,43,39,37,40,Drip,78,Millet,Rice,Vegetables,High,130,27,60,49916,/content/drive/MyDrive/dataset/CyAUG-Dataset/Red_Soil/r (374).jpeg
Sandy,7.2,29,22,41,64,Flood,58,Maize,Wheat,Sugarcane,Low,121,35,44,66227,/content/drive/MyDrive/dataset/CyAUG-Dataset/Red_Soil/r (154).jpeg
Loamy,5.95,58,18,21,30,Flood,92,Barley,Vegetables,Soybean,High,57,29,84,69940,/content/drive/MyDrive/dataset/CyAUG-Dataset/Red_Soil/r (423).jpeg
Sandy,6.05,38,36,33,49,Flood,77,Vegetables,Wheat,Vegetables,Low,90,23,46,60857,/content/drive/MyDrive/dataset/CyAUG-Dataset/Red_Soil/r (43).jpeg
Loamy,5.96,41,32,27,74,Flood,79,Barley,Rice,Cotton,High,136,21,45,64654,/content/drive/MyDrive/dataset/CyAUG-Dataset/Red_Soil/r (340).jpeg
Sandy,6.27,35,20,42,68,Sprinkler,83,Groundnut,Maize,Rice,High,63,22,49,77965,/content/drive/MyDrive/dataset/CyAUG-Dataset/Red_Soil/25.jpg
Sandy,5.76,21,25,41,51,Drip,61,Maize,Barley,Cotton,Medium,151,32,54,34640,/content/drive/MyDrive/dataset/CyAUG-Dataset/Red_Soil/r (107).jpeg
Silty,6.8,37,19,20,63,Drip,51,Maize,Vegetables,Groundnut,Medium,152,24,48,47009,/content/drive/MyDrive/dataset/CyAUG-Dataset/Red_Soil/r (482).jpeg
Loamy,6.99,39,29,29,62,Flood,61,Vegetables,Millet,Barley,Medium,149,29,83,65323,/content/drive/MyDrive/dataset/CyAUG-Dataset/Red_Soil/r (20).jpeg
Clay,5.94,22,16,42,51,Flood,87,Soybean,Soybean,Maize,Low,145,25,51,53321,/content/drive/MyDrive/dataset/CyAUG-Dataset/Red_Soil/80b.jpg
Clay,5.68,22,33,21,65,Sprinkler,65,Groundnut,Soybean,Groundnut,Medium,200,21,63,23768,/content/drive/MyDrive/dataset/CyAUG-Dataset/Red_Soil/r (291).jpeg
Clay,6.02,39,38,42,67,Sprinkler,75,Cotton,Cotton,Maize,Medium,99,28,63,46679,/content/drive/MyDrive/dataset/CyAUG-Dataset/Red_Soil/13.jpg
Sandy,6.58,23,39,27,54,Drip,83,Wheat,Millet,Groundnut,Low,57,32,64,61528,/content/drive/MyDrive/dataset/CyAUG-Dataset/Red_Soil/r (210).jpeg
Loamy,5.65,58,21,29,57,Sprinkler,59,Vegetables,Sugarcane,Vegetables,Low,178,21,68,34123,/content/drive/MyDrive/dataset/CyAUG-Dataset/Red_Soil/r (488).jpeg
Loamy,5.73,53,26,33,55,Flood,65,Sugarcane,Soybean,Sugarcane,Medium,120,23,86,52284,/content/drive/MyDrive/dataset/CyAUG-Dataset/Red_Soil/r (294).jpeg
Loamy,5.54,30,24,30,64,Flood,51,Cotton,Barley,Millet,Low,132,29,86,47867,/content/drive/MyDrive/dataset/CyAUG-Dataset/Red_Soil/37.jpg
Loamy,6.34,32,34,35,54,Flood,71,Vegetables,Sugarcane,Maize,Medium,126,27,47,63835,/content/drive/MyDrive/dataset/CyAUG-Dataset/Red_Soil/r (266).jpeg
Loamy,7.24,25,28,43,70,Flood,84,Millet,Maize,Groundnut,Low,128,35,89,29750,/content/drive/MyDrive/dataset/CyAUG-Dataset/Red_Soil/20c.jpg
Loamy,6.31,44,26,34,80,Drip,60,Rice,Soybean,Maize,Medium,146,21,45,28903,/content/drive/MyDrive/dataset/CyAUG-Dataset/Red_Soil/49.jpg
Sandy,6.08,21,17,22,51,Flood,79,Millet,Sugarcane,Cotton,Low,77,26,50,35790,/content/drive/MyDrive/dataset/CyAUG-Dataset/Red_Soil/r (223).jpeg
Clay,6.01,46,36,47,34,Drip,52,Sugarcane,Sugarcane,Groundnut,Medium,91,24,60,25945,/content/drive/MyDrive/dataset/CyAUG-Dataset/Red_Soil/r (472).jpeg
Clay,6.65,57,40,43,54,Drip,67,Soybean,Cotton,Soybean,High,54,33,50,29610,/content/drive/MyDrive/dataset/CyAUG-Dataset/Red_Soil/r (220).jpeg
Clay,7.44,41,40,23,44,Drip,65,Barley,Sugarcane,Sugarcane,Medium,176,22,74,74134,/content/drive/MyDrive/dataset/CyAUG-Dataset/Red_Soil/r (296).jpeg
Silty,6.85,22,28,23,35,Sprinkler,73,Vegetables,Barley,Soybean,Low,103,31,90,50398,/content/drive/MyDrive/dataset/CyAUG-Dataset/Red_Soil/56.jpg
Sandy,6.06,26,26,48,42,Drip,89,Maize,Maize,Wheat,Low,124,28,61,72976,/content/drive/MyDrive/dataset/CyAUG-Dataset/Red_Soil/r (171).jpeg
Clay,5.9,40,40,49,75,Drip,59,Maize,Wheat,Wheat,High,73,32,83,67214,/content/drive/MyDrive/dataset/CyAUG-Dataset/Red_Soil/r (513).jpeg
Loamy,6.24,45,33,29,45,Flood,63,Vegetables,Rice,Groundnut,Medium,75,23,56,75667,/content/drive/MyDrive/dataset/CyAUG-Dataset/Red_Soil/r (468).jpeg
Sandy,7.1,56,37,37,72,Flood,77,Rice,Wheat,Cotton,Low,90,32,84,75174,/content/drive/MyDrive/dataset/CyAUG-Dataset/Red_Soil/r (25).jpeg
Loamy,7.04,43,37,22,31,Drip,93,Soybean,Maize,Maize,High,172,26,47,56907,/content/drive/MyDrive/dataset/CyAUG-Dataset/Red_Soil/r (19).jpeg
Sandy,6.84,27,22,26,38,Drip,73,Sugarcane,Cotton,Rice,Low,107,31,59,26247,/content/drive/MyDrive/dataset/CyAUG-Dataset/Red_Soil/r (44).jpeg
Sandy,6.75,40,23,46,71,Flood,55,Groundnut,Vegetables,Rice,Low,140,22,52,68283,/content/drive/MyDrive/dataset/CyAUG-Dataset/Red_Soil/32a.jpg
Clay,5.93,43,20,30,62,Flood,53,Cotton,Cotton,Cotton,Medium,156,20,68,74286,/content/drive/MyDrive/dataset/CyAUG-Dataset/Red_Soil/r (179).jpeg
Loamy,6.79,43,23,40,73,Flood,60,Sugarcane,Cotton,Millet,Medium,193,26,84,47019,/content/drive/MyDrive/dataset/CyAUG-Dataset/Red_Soil/45a.jpg
Silty,5.64,60,16,33,79,Flood,69,Soybean,Maize,Groundnut,Low,105,23,90,78486,/content/drive/MyDrive/dataset/CyAUG-Dataset/Red_Soil/83.jpg
Sandy,6.31,39,22,46,57,Drip,70,Rice,Maize,Wheat,Low,135,31,44,42820,/content/drive/MyDrive/dataset/CyAUG-Dataset/Red_Soil/r (241).jpeg
Sandy,7.24,51,31,22,36,Flood,69,Soybean,Maize,Cotton,Medium,194,34,42,45558,/content/drive/MyDrive/dataset/CyAUG-Dataset/Red_Soil/r (218).jpeg
Loamy,6.61,60,22,22,32,Sprinkler,71,Millet,Maize,Barley,Medium,75,34,88,27940,/content/drive/MyDrive/dataset/CyAUG-Dataset/Mountain_Soil/116a.jpg
Loamy,7.02,32,20,38,70,Flood,61,Sugarcane,Groundnut,Millet,Medium,184,34,66,73757,/content/drive/MyDrive/dataset/CyAUG-Dataset/Mountain_Soil/116.jpg
Loamy,7.06,55,20,23,66,Sprinkler,79,Vegetables,Wheat,Cotton,Low,58,34,74,42966,/content/drive/MyDrive/dataset/CyAUG-Dataset/Mountain_Soil/122.jpg
Loamy,6.71,33,27,24,58,Flood,51,Vegetables,Rice,Wheat,Low,169,32,70,47158,/content/drive/MyDrive/dataset/CyAUG-Dataset/Mountain_Soil/107.jpg
Loamy,7.47,41,15,48,37,Drip,79,Barley,Soybean,Wheat,High,181,24,46,50154,/content/drive/MyDrive/dataset/CyAUG-Dataset/Mountain_Soil/131.jpg
Clay,6.3,31,28,41,39,Flood,58,Cotton,Cotton,Vegetables,Medium,181,30,66,78441,/content/drive/MyDrive/dataset/CyAUG-Dataset/Mountain_Soil/117.jpg
Clay,5.59,32,29,41,54,Sprinkler,59,Barley,Millet,Barley,High,172,23,72,31036,/content/drive/MyDrive/dataset/CyAUG-Dataset/Mountain_Soil/13.jpg
Sandy,7.06,21,22,43,56,Flood,63,Sugarcane,Rice,Maize,Low,164,28,85,72087,/content/drive/MyDrive/dataset/CyAUG-Dataset/Mountain_Soil/106.jpg
Silty,6.3,25,26,37,75,Sprinkler,51,Soybean,Millet,Groundnut,Low,74,34,47,66290,/content/drive/MyDrive/dataset/CyAUG-Dataset/Mountain_Soil/102.jpg
Loamy,6.92,45,38,32,59,Sprinkler,71,Vegetables,Sugarcane,Vegetables,Medium,151,31,53,70861,/content/drive/MyDrive/dataset/CyAUG-Dataset/Mountain_Soil/109.jpg
Clay,7.1,57,29,38,52,Flood,93,Millet,Soybean,Millet,High,179,27,89,25389,/content/drive/MyDrive/dataset/CyAUG-Dataset/Mountain_Soil/100.jpg
Loamy,6.6,59,21,23,30,Flood,66,Vegetables,Groundnut,Cotton,Medium,79,23,82,39654,/content/drive/MyDrive/dataset/CyAUG-Dataset/Mountain_Soil/111.jpg
Silty,5.52,54,26,41,76,Drip,85,Cotton,Wheat,Millet,Medium,109,35,89,79218,/content/drive/MyDrive/dataset/CyAUG-Dataset/Mountain_Soil/107a.jpg
Sandy,6.81,43,29,32,63,Drip,91,Maize,Soybean,Wheat,Medium,112,27,57,61419,/content/drive/MyDrive/dataset/CyAUG-Dataset/Mountain_Soil/123.jpg
Clay,7.2,27,21,40,56,Flood,50,Millet,Millet,Vegetables,High,64,27,88,36858,/content/drive/MyDrive/dataset/CyAUG-Dataset/Mountain_Soil/12.jpg
Sandy,6.17,22,16,46,78,Flood,67,Sugarcane,Maize,Maize,Medium,56,32,40,42140,/content/drive/MyDrive/dataset/CyAUG-Dataset/Mountain_Soil/14.jpg
Silty,7.47,31,35,23,68,Sprinkler,82,Rice,Millet,Soybean,Low,161,30,41,50465,/content/drive/MyDrive/dataset/CyAUG-Dataset/Mountain_Soil/130.jpg
Silty,7.06,44,37,33,62,Flood,90,Vegetables,Millet,Barley,Low,148,35,74,41422,/content/drive/MyDrive/dataset/CyAUG-Dataset/Mountain_Soil/133.jpg
Loamy,6.06,40,17,32,59,Sprinkler,60,Barley,Wheat,Vegetables,Medium,185,29,55,25894,/content/drive/MyDrive/dataset/CyAUG-Dataset/Mountain_Soil/125.jpg
Silty,6.78,56,15,38,64,Drip,92,Groundnut,Millet,Sugarcane,High,164,23,74,50253,/content/drive/MyDrive/dataset/CyAUG-Dataset/Mountain_Soil/1.jpg
Sandy,6.57,55,38,45,43,Flood,85,Wheat,Maize,Rice,Low,197,35,47,46358,/content/drive/MyDrive/dataset/CyAUG-Dataset/Mountain_Soil/103.jpg
Loamy,6.62,44,36,29,75,Drip,77,Rice,Wheat,Groundnut,Low,180,25,72,77931,/content/drive/MyDrive/dataset/CyAUG-Dataset/Mountain_Soil/105.jpg
Clay,6.47,35,31,50,43,Flood,90,Millet,Soybean,Vegetables,Medium,154,30,86,58821,/content/drive/MyDrive/dataset/CyAUG-Dataset/Mountain_Soil/113.jpg
Clay,7.25,42,28,50,54,Sprinkler,77,Cotton,Groundnut,Cotton,Medium,158,27,59,25075,/content/drive/MyDrive/dataset/CyAUG-Dataset/Mountain_Soil/104.jpg
Sandy,5.98,56,39,50,58,Flood,89,Maize,Millet,Cotton,Low,153,24,83,43499,/content/drive/MyDrive/dataset/CyAUG-Dataset/Mountain_Soil/114.jpg
Loamy,6.75,25,21,28,60,Sprinkler,63,Sugarcane,Soybean,Groundnut,Low,77,22,81,54384,/content/drive/MyDrive/dataset/CyAUG-Dataset/Mountain_Soil/107b.jpg
Silty,5.57,58,21,31,45,Sprinkler,93,Maize,Rice,Cotton,High,151,20,43,33058,/content/drive/MyDrive/dataset/CyAUG-Dataset/Mountain_Soil/11.jpg
Clay,7.29,43,17,26,37,Flood,90,Wheat,Sugarcane,Wheat,Medium,86,34,89,40439,/content/drive/MyDrive/dataset/CyAUG-Dataset/Mountain_Soil/124.jpg
Loamy,6.7,26,36,28,71,Sprinkler,85,Maize,Wheat,Groundnut,Medium,111,22,87,26189,/content/drive/MyDrive/dataset/CyAUG-Dataset/Mountain_Soil/127.jpg
Sandy,6.55,48,17,43,58,Sprinkler,91,Groundnut,Groundnut,Maize,Medium,57,35,64,65859,/content/drive/MyDrive/dataset/CyAUG-Dataset/Mountain_Soil/113a.jpg
Silty,7.21,21,17,25,55,Sprinkler,72,Sugarcane,Rice,Vegetables,High,151,31,41,56799,/content/drive/MyDrive/dataset/CyAUG-Dataset/Mountain_Soil/110.jpg
Silty,6.45,54,24,45,67,Flood,76,Barley,Rice,Barley,High,185,26,54,53657,/content/drive/MyDrive/dataset/CyAUG-Dataset/Mountain_Soil/112.jpg
Silty,6.06,50,30,45,51,Drip,87,Wheat,Wheat,Vegetables,Medium,146,20,48,78256,/content/drive/MyDrive/dataset/CyAUG-Dataset/Mountain_Soil/10.jpg
Clay,6.68,22,28,40,74,Flood,77,Vegetables,Millet,Groundnut,High,138,26,40,68643,/content/drive/MyDrive/dataset/CyAUG-Dataset/Mountain_Soil/126.jpg
Loamy,6.83,35,36,47,45,Sprinkler,82,Cotton,Rice,Cotton,High,83,30,52,43967,/content/drive/MyDrive/dataset/CyAUG-Dataset/Mountain_Soil/137.jpg
Loamy,6.53,34,23,44,31,Sprinkler,82,Groundnut,Wheat,Groundnut,Medium,66,30,60,64640,/content/drive/MyDrive/dataset/CyAUG-Dataset/Mountain_Soil/104a.jpg
Clay,5.74,44,28,26,66,Drip,82,Maize,Groundnut,Sugarcane,Low,107,29,88,43983,/content/drive/MyDrive/dataset/CyAUG-Dataset/Mountain_Soil/118.jpg
Sandy,6.81,38,23,21,38,Drip,88,Rice,Groundnut,Barley,Medium,147,23,87,57135,/content/drive/MyDrive/dataset/CyAUG-Dataset/Mountain_Soil/197.jpg
Silty,5.59,23,22,36,30,Sprinkler,81,Vegetables,Sugarcane,Barley,Low,113,22,89,75818,/content/drive/MyDrive/dataset/CyAUG-Dataset/Mountain_Soil/2.jpg
Sandy,7.14,46,26,38,75,Sprinkler,86,Rice,Vegetables,Soybean,Low,120,35,43,63878,/content/drive/MyDrive/dataset/CyAUG-Dataset/Mountain_Soil/156.jpg
Loamy,6.83,50,40,41,33,Flood,64,Wheat,Wheat,Soybean,Low,112,21,47,66286,/content/drive/MyDrive/dataset/CyAUG-Dataset/Mountain_Soil/225.jpg
Loamy,6.89,36,29,31,70,Drip,69,Maize,Groundnut,Rice,Medium,161,21,81,32051,/content/drive/MyDrive/dataset/CyAUG-Dataset/Mountain_Soil/62.jpg
Sandy,7.15,45,26,44,65,Drip,51,Rice,Groundnut,Cotton,High,125,34,68,79546,/content/drive/MyDrive/dataset/CyAUG-Dataset/Mountain_Soil/66.jpg
Silty,6.61,24,31,49,61,Sprinkler,67,Millet,Wheat,Cotton,Low,167,33,51,48178,/content/drive/MyDrive/dataset/CyAUG-Dataset/Mountain_Soil/56.jpg
Loamy,6.82,28,17,35,68,Flood,74,Cotton,Millet,Rice,High,113,21,84,50355,/content/drive/MyDrive/dataset/CyAUG-Dataset/Mountain_Soil/29.jpg
Clay,6.93,47,24,41,32,Sprinkler,82,Cotton,Maize,Millet,Low,199,22,74,29857,/content/drive/MyDrive/dataset/CyAUG-Dataset/Mountain_Soil/5.jpg
Sandy,6.4,55,39,49,50,Sprinkler,51,Cotton,Rice,Sugarcane,High,150,35,52,77755,/content/drive/MyDrive/dataset/CyAUG-Dataset/Mountain_Soil/209.jpg
Sandy,6.79,39,20,47,56,Drip,87,Soybean,Cotton,Soybean,Medium,71,30,42,67601,/content/drive/MyDrive/dataset/CyAUG-Dataset/Mountain_Soil/43.jpg
Silty,6.02,25,20,45,32,Flood,95,Barley,Cotton,Soybean,Low,87,35,44,58824,/content/drive/MyDrive/dataset/CyAUG-Dataset/Mountain_Soil/177.jpg
Silty,5.63,22,34,41,76,Flood,75,Soybean,Barley,Soybean,High,170,24,42,32146,/content/drive/MyDrive/dataset/CyAUG-Dataset/Mountain_Soil/69.jpg
Silty,5.84,22,29,25,65,Drip,61,Millet,Barley,Rice,High,65,27,81,28660,/content/drive/MyDrive/dataset/CyAUG-Dataset/Mountain_Soil/203.jpg
Silty,7.05,26,39,39,56,Flood,74,Groundnut,Barley,Groundnut,Medium,67,31,75,22873,/content/drive/MyDrive/dataset/CyAUG-Dataset/Mountain_Soil/194.jpg
Silty,7.48,45,35,25,54,Drip,66,Vegetables,Rice,Wheat,Medium,53,33,67,45411,/content/drive/MyDrive/dataset/CyAUG-Dataset/Mountain_Soil/178.jpg
Silty,6.29,41,35,34,77,Drip,70,Cotton,Vegetables,Wheat,Medium,61,24,80,72785,/content/drive/MyDrive/dataset/CyAUG-Dataset/Mountain_Soil/55.jpg
Loamy,6.02,51,32,20,64,Sprinkler,92,Rice,Wheat,Rice,High,57,28,72,74949,/content/drive/MyDrive/dataset/CyAUG-Dataset/Mountain_Soil/196.jpg
Silty,7.11,30,31,37,43,Sprinkler,62,Wheat,Millet,Groundnut,Low,79,22,48,39645,/content/drive/MyDrive/dataset/CyAUG-Dataset/Mountain_Soil/31.jpg
Sandy,5.81,48,32,34,55,Drip,90,Maize,Maize,Rice,Medium,140,25,85,75989,/content/drive/MyDrive/dataset/CyAUG-Dataset/Mountain_Soil/16.jpg
Silty,5.51,45,21,21,74,Drip,62,Sugarcane,Rice,Groundnut,Medium,190,29,63,58835,/content/drive/MyDrive/dataset/CyAUG-Dataset/Mountain_Soil/35.jpg
Loamy,6.88,40,40,50,50,Sprinkler,67,Rice,Soybean,Vegetables,High,52,35,85,52074,/content/drive/MyDrive/dataset/CyAUG-Dataset/Mountain_Soil/181.jpg
Sandy,7.3,34,36,24,45,Flood,68,Sugarcane,Groundnut,Maize,Medium,160,24,64,37207,/content/drive/MyDrive/dataset/CyAUG-Dataset/Mountain_Soil/15.jpg
Loamy,7.38,52,22,50,50,Sprinkler,67,Soybean,Barley,Soybean,Medium,67,22,68,59624,/content/drive/MyDrive/dataset/CyAUG-Dataset/Mountain_Soil/78.jpg
Clay,6.91,47,38,40,49,Sprinkler,69,Barley,Groundnut,Millet,Medium,147,23,46,56681,/content/drive/MyDrive/dataset/CyAUG-Dataset/Mountain_Soil/21.jpg
Silty,5.64,40,29,26,46,Sprinkler,82,Rice,Barley,Vegetables,High,187,28,79,58126,/content/drive/MyDrive/dataset/CyAUG-Dataset/Mountain_Soil/140.jpg
Sandy,7.07,24,18,43,40,Flood,88,Sugarcane,Sugarcane,Maize,Medium,165,27,54,56943,/content/drive/MyDrive/dataset/CyAUG-Dataset/Mountain_Soil/3a.jpg
Sandy,6.25,44,36,20,79,Flood,71,Rice,Maize,Soybean,High,71,32,66,51541,/content/drive/MyDrive/dataset/CyAUG-Dataset/Mountain_Soil/198.jpg
Clay,5.53,58,23,48,63,Flood,73,Maize,Sugarcane,Millet,Medium,170,32,76,44995,/content/drive/MyDrive/dataset/CyAUG-Dataset/Mountain_Soil/143.jpg
Silty,5.8,44,32,42,77,Drip,72,Cotton,Wheat,Barley,Low,184,34,60,36958,/content/drive/MyDrive/dataset/CyAUG-Dataset/Mountain_Soil/6.jpg
Sandy,7.28,58,21,49,46,Drip,92,Sugarcane,Vegetables,Groundnut,Low,145,34,45,29033,/content/drive/MyDrive/dataset/CyAUG-Dataset/Mountain_Soil/60a.jpg
Silty,6.24,36,27,27,60,Flood,88,Rice,Groundnut,Sugarcane,Low,63,25,63,27450,/content/drive/MyDrive/dataset/CyAUG-Dataset/Mountain_Soil/63.jpg
Clay,5.76,58,21,23,52,Sprinkler,86,Rice,Sugarcane,Millet,High,118,20,86,46322,/content/drive/MyDrive/dataset/CyAUG-Dataset/Mountain_Soil/216.jpg
Clay,6.76,38,24,27,46,Drip,67,Cotton,Millet,Soybean,Low,73,23,64,26737,/content/drive/MyDrive/dataset/CyAUG-Dataset/Mountain_Soil/50.jpg
Clay,6.89,35,30,31,51,Flood,55,Maize,Groundnut,Barley,Low,97,34,85,69474,/content/drive/MyDrive/dataset/CyAUG-Dataset/Mountain_Soil/47.jpg
Silty,5.65,35,25,32,32,Sprinkler,92,Vegetables,Cotton,Vegetables,Low,162,28,47,61752,/content/drive/MyDrive/dataset/CyAUG-Dataset/Mountain_Soil/177b.jpg
Clay,6.98,47,37,22,66,Drip,54,Groundnut,Millet,Soybean,Medium,102,22,63,30371,/content/drive/MyDrive/dataset/CyAUG-Dataset/Mountain_Soil/19.jpg
Clay,5.9,47,22,30,74,Drip,66,Maize,Sugarcane,Sugarcane,High,130,33,60,55429,/content/drive/MyDrive/dataset/CyAUG-Dataset/Mountain_Soil/189.jpg
Clay,6.16,60,36,41,58,Sprinkler,51,Millet,Sugarcane,Millet,Medium,85,24,62,60663,/content/drive/MyDrive/dataset/CyAUG-Dataset/Mountain_Soil/165.jpg
Loamy,6.38,34,15,38,50,Drip,61,Cotton,Maize,Barley,High,174,34,88,64056,/content/drive/MyDrive/dataset/CyAUG-Dataset/Mountain_Soil/60.jpg
Loamy,6.4,60,37,22,80,Flood,68,Rice,Groundnut,Cotton,Low,192,35,47,28608,/content/drive/MyDrive/dataset/CyAUG-Dataset/Mountain_Soil/17.jpg
Sandy,7.2,35,16,28,43,Sprinkler,77,Barley,Vegetables,Vegetables,Medium,90,26,87,25870,/content/drive/MyDrive/dataset/CyAUG-Dataset/Mountain_Soil/177a.jpg
Silty,6.22,51,31,21,61,Flood,91,Wheat,Groundnut,Wheat,High,103,28,47,21020,/content/drive/MyDrive/dataset/CyAUG-Dataset/Mountain_Soil/166.jpg
Sandy,6.66,58,36,29,55,Sprinkler,50,Soybean,Groundnut,Groundnut,High,56,28,46,20353,/content/drive/MyDrive/dataset/CyAUG-Dataset/Mountain_Soil/161.jpg
Sandy,6.2,37,27,38,55,Flood,71,Cotton,Groundnut,Millet,High,105,29,85,73467,/content/drive/MyDrive/dataset/CyAUG-Dataset/Mountain_Soil/214.jpg
Loamy,7.45,40,22,43,58,Drip,94,Soybean,Soybean,Sugarcane,High,175,28,60,24100,/content/drive/MyDrive/dataset/CyAUG-Dataset/Mountain_Soil/174.jpg
Sandy,7.21,51,23,38,64,Sprinkler,94,Barley,Maize,Millet,Medium,159,24,82,78365,/content/drive/MyDrive/dataset/CyAUG-Dataset/Mountain_Soil/175a.jpg
Loamy,7.0,53,32,26,65,Flood,55,Vegetables,Cotton,Vegetables,Low,61,26,43,25168,/content/drive/MyDrive/dataset/CyAUG-Dataset/Mountain_Soil/18.jpg
Sandy,5.83,53,23,37,79,Flood,82,Rice,Wheat,Rice,Medium,174,28,89,32392,/content/drive/MyDrive/dataset/CyAUG-Dataset/Mountain_Soil/201.jpg
Loamy,6.07,22,26,40,53,Flood,84,Millet,Vegetables,Wheat,Medium,174,34,52,27683,/content/drive/MyDrive/dataset/CyAUG-Dataset/Mountain_Soil/185.jpg
Silty,5.56,29,18,42,34,Sprinkler,73,Millet,Groundnut,Rice,Low,185,26,71,75873,/content/drive/MyDrive/dataset/CyAUG-Dataset/Mountain_Soil/25.jpg
Sandy,5.74,59,21,33,39,Flood,67,Groundnut,Rice,Millet,Medium,140,24,88,34816,/content/drive/MyDrive/dataset/CyAUG-Dataset/Mountain_Soil/3.jpg
Loamy,5.56,44,32,47,65,Sprinkler,69,Maize,Cotton,Maize,Low,119,30,85,58612,/content/drive/MyDrive/dataset/CyAUG-Dataset/Mountain_Soil/202.jpg
Loamy,5.7,40,32,20,38,Drip,90,Vegetables,Millet,Wheat,Medium,89,23,57,48883,/content/drive/MyDrive/dataset/CyAUG-Dataset/Mountain_Soil/173.jpg
Clay,5.83,28,40,42,57,Sprinkler,50,Groundnut,Barley,Barley,Low,147,21,66,65690,/content/drive/MyDrive/dataset/CyAUG-Dataset/Mountain_Soil/150.jpg
Loamy,7.49,57,30,46,75,Drip,74,Soybean,Cotton,Vegetables,High,125,35,52,72879,/content/drive/MyDrive/dataset/CyAUG-Dataset/Mountain_Soil/58a.jpg
Loamy,5.79,40,23,44,31,Drip,66,Maize,Cotton,Maize,Medium,50,25,84,67640,/content/drive/MyDrive/dataset/CyAUG-Dataset/Mountain_Soil/77.jpg
Clay,6.83,31,22,40,35,Flood,69,Rice,Barley,Wheat,Low,68,30,51,60785,/content/drive/MyDrive/dataset/CyAUG-Dataset/Mountain_Soil/27.jpg
Clay,6.0,34,20,48,74,Sprinkler,72,Rice,Vegetables,Maize,Medium,129,20,71,77143,/content/drive/MyDrive/dataset/CyAUG-Dataset/Mountain_Soil/179a.jpg
Loamy,5.91,21,17,22,36,Sprinkler,88,Vegetables,Cotton,Millet,Low,108,25,50,28894,/content/drive/MyDrive/dataset/CyAUG-Dataset/Mountain_Soil/155.jpg
Loamy,6.26,28,16,22,52,Drip,63,Millet,Groundnut,Barley,Medium,99,30,57,48527,/content/drive/MyDrive/dataset/CyAUG-Dataset/Mountain_Soil/157.jpg
Loamy,6.9,54,28,30,50,Drip,72,Cotton,Maize,Rice,Low,52,26,78,36312,/content/drive/MyDrive/dataset/CyAUG-Dataset/Mountain_Soil/186.jpg
Clay,7.48,25,40,50,55,Drip,89,Vegetables,Soybean,Cotton,Low,96,32,79,76936,/content/drive/MyDrive/dataset/CyAUG-Dataset/Mountain_Soil/70.jpg
Loamy,7.23,57,21,41,47,Sprinkler,85,Rice,Groundnut,Vegetables,High,191,31,63,24391,/content/drive/MyDrive/dataset/CyAUG-Dataset/Mountain_Soil/182.jpg
Silty,5.99,34,34,44,33,Sprinkler,61,Vegetables,Sugarcane,Soybean,Medium,188,28,87,60546,/content/drive/MyDrive/dataset/CyAUG-Dataset/Mountain_Soil/34.jpg
Loamy,7.35,39,29,27,38,Sprinkler,60,Barley,Sugarcane,Vegetables,High,105,25,90,62211,/content/drive/MyDrive/dataset/CyAUG-Dataset/Mountain_Soil/220.jpg
Clay,5.58,35,21,30,64,Sprinkler,82,Vegetables,Sugarcane,Barley,Low,61,27,52,35628,/content/drive/MyDrive/dataset/CyAUG-Dataset/Mountain_Soil/145.jpg
Silty,6.73,35,38,44,44,Flood,57,Groundnut,Maize,Groundnut,Low,152,23,85,42237,/content/drive/MyDrive/dataset/CyAUG-Dataset/Mountain_Soil/24.jpg
Clay,6.07,31,33,35,72,Sprinkler,72,Soybean,Wheat,Millet,High,116,29,88,51335,/content/drive/MyDrive/dataset/CyAUG-Dataset/Mountain_Soil/72.jpg
Sandy,5.83,34,31,43,59,Sprinkler,85,Maize,Sugarcane,Sugarcane,High,52,25,50,60521,/content/drive/MyDrive/dataset/CyAUG-Dataset/Mountain_Soil/159.jpg
Clay,5.65,59,38,49,39,Flood,93,Wheat,Vegetables,Cotton,High,92,28,86,48386,/content/drive/MyDrive/dataset/CyAUG-Dataset/Mountain_Soil/176.jpg
Silty,6.86,58,28,35,34,Sprinkler,70,Maize,Cotton,Cotton,Medium,72,27,77,29931,/content/drive/MyDrive/dataset/CyAUG-Dataset/Mountain_Soil/75.jpg
Sandy,6.53,42,19,34,64,Drip,61,Soybean,Sugarcane,Maize,Medium,81,26,86,55818,/content/drive/MyDrive/dataset/CyAUG-Dataset/Mountain_Soil/45.jpg
Silty,7.2,39,22,37,55,Flood,75,Wheat,Sugarcane,Millet,Medium,181,32,81,73632,/content/drive/MyDrive/dataset/CyAUG-Dataset/Mountain_Soil/148.jpg
Sandy,7.41,48,37,26,42,Flood,86,Soybean,Groundnut,Vegetables,Medium,72,24,44,69504,/content/drive/MyDrive/dataset/CyAUG-Dataset/Mountain_Soil/71c.jpg
Silty,5.54,28,30,24,32,Sprinkler,79,Groundnut,Cotton,Sugarcane,Medium,135,23,55,27927,/content/drive/MyDrive/dataset/CyAUG-Dataset/Mountain_Soil/41.jpg
Sandy,6.31,44,40,25,78,Sprinkler,94,Vegetables,Sugarcane,Wheat,Low,74,29,54,68284,/content/drive/MyDrive/dataset/CyAUG-Dataset/Mountain_Soil/23.jpg
Clay,6.36,37,21,25,47,Sprinkler,66,Rice,Rice,Sugarcane,Medium,121,24,54,25761,/content/drive/MyDrive/dataset/CyAUG-Dataset/Mountain_Soil/59.jpg
Clay,6.0,53,20,49,60,Sprinkler,92,Soybean,Vegetables,Vegetables,High,198,29,60,66591,/content/drive/MyDrive/dataset/CyAUG-Dataset/Mountain_Soil/152.jpg
Silty,5.97,57,28,47,64,Flood,76,Millet,Rice,Wheat,Medium,83,28,58,28883,/content/drive/MyDrive/dataset/CyAUG-Dataset/Mountain_Soil/167.jpg
Loamy,5.58,48,29,40,76,Drip,58,Sugarcane,Sugarcane,Wheat,Medium,114,23,84,33071,/content/drive/MyDrive/dataset/CyAUG-Dataset/Mountain_Soil/168.jpg
Loamy,6.49,47,22,46,37,Flood,68,Sugarcane,Millet,Millet,Medium,148,33,43,38864,/content/drive/MyDrive/dataset/CyAUG-Dataset/Mountain_Soil/36.jpg
Clay,7.15,40,39,43,76,Sprinkler,60,Vegetables,Sugarcane,Wheat,High,142,27,77,49343,/content/drive/MyDrive/dataset/CyAUG-Dataset/Mountain_Soil/154.jpg
Sandy,6.79,46,33,22,30,Sprinkler,78,Soybean,Maize,Cotton,Medium,177,25,88,37867,/content/drive/MyDrive/dataset/CyAUG-Dataset/Mountain_Soil/20.jpg
Loamy,7.36,36,18,48,79,Flood,95,Rice,Sugarcane,Vegetables,Low,184,28,83,22318,/content/drive/MyDrive/dataset/CyAUG-Dataset/Mountain_Soil/144.jpg
Silty,5.86,34,38,38,57,Flood,91,Vegetables,Sugarcane,Barley,Medium,79,27,81,57716,/content/drive/MyDrive/dataset/CyAUG-Dataset/Mountain_Soil/147.jpg
Clay,6.9,47,40,50,66,Flood,82,Rice,Millet,Cotton,Low,110,33,57,35755,/content/drive/MyDrive/dataset/CyAUG-Dataset/Mountain_Soil/26.jpg
Clay,7.23,22,39,47,47,Sprinkler,93,Vegetables,Groundnut,Groundnut,Medium,161,32,57,27444,/content/drive/MyDrive/dataset/CyAUG-Dataset/Mountain_Soil/223.jpg
Silty,6.08,36,35,35,40,Drip,84,Groundnut,Vegetables,Maize,Low,153,34,82,29138,/content/drive/MyDrive/dataset/CyAUG-Dataset/Mountain_Soil/153.jpg
Loamy,7.13,46,21,23,33,Flood,60,Vegetables,Maize,Cotton,High,128,24,64,65226,/content/drive/MyDrive/dataset/CyAUG-Dataset/Mountain_Soil/175.jpg
Loamy,5.89,25,27,32,37,Sprinkler,56,Rice,Soybean,Rice,Low,112,34,85,62456,/content/drive/MyDrive/dataset/CyAUG-Dataset/Mountain_Soil/73.jpg
Clay,6.91,53,35,41,30,Drip,66,Millet,Wheat,Cotton,Medium,96,31,71,48548,/content/drive/MyDrive/dataset/CyAUG-Dataset/Mountain_Soil/40.jpg
Clay,5.57,33,16,40,56,Drip,65,Rice,Soybean,Wheat,High,186,31,74,36652,/content/drive/MyDrive/dataset/CyAUG-Dataset/Mountain_Soil/44.jpg
Loamy,6.52,22,39,28,41,Drip,60,Cotton,Vegetables,Maize,Low,193,32,57,32895,/content/drive/MyDrive/dataset/CyAUG-Dataset/Mountain_Soil/57.jpg
Loamy,5.88,53,35,34,61,Drip,75,Groundnut,Soybean,Cotton,Medium,139,26,63,41239,/content/drive/MyDrive/dataset/CyAUG-Dataset/Mountain_Soil/149.jpg
Sandy,5.68,22,29,44,36,Flood,84,Rice,Millet,Wheat,High,194,33,81,44175,/content/drive/MyDrive/dataset/CyAUG-Dataset/Mountain_Soil/39.jpg
Loamy,6.47,33,27,43,37,Flood,66,Sugarcane,Maize,Sugarcane,High,87,28,54,70275,/content/drive/MyDrive/dataset/CyAUG-Dataset/Mountain_Soil/217.jpg
Sandy,6.57,57,20,37,49,Flood,70,Maize,Sugarcane,Barley,Medium,177,30,73,25482,/content/drive/MyDrive/dataset/CyAUG-Dataset/Mountain_Soil/215.jpg
Loamy,7.16,45,37,38,75,Drip,56,Groundnut,Rice,Sugarcane,Low,133,21,68,60238,/content/drive/MyDrive/dataset/CyAUG-Dataset/Mountain_Soil/195.jpg
Clay,7.14,38,37,24,52,Flood,76,Maize,Rice,Rice,Medium,130,29,51,50819,/content/drive/MyDrive/dataset/CyAUG-Dataset/Mountain_Soil/162.jpg
Loamy,6.2,32,21,26,44,Flood,66,Wheat,Cotton,Barley,Low,131,21,56,76452,/content/drive/MyDrive/dataset/CyAUG-Dataset/Mountain_Soil/210.jpg
Clay,6.24,24,33,34,42,Sprinkler,81,Vegetables,Vegetables,Vegetables,High,197,22,70,34993,/content/drive/MyDrive/dataset/CyAUG-Dataset/Mountain_Soil/185a.jpg
Clay,6.67,29,38,42,65,Flood,77,Groundnut,Soybean,Cotton,Low,64,29,78,29190,/content/drive/MyDrive/dataset/CyAUG-Dataset/Mountain_Soil/76.jpg
Silty,6.58,34,17,45,46,Flood,93,Groundnut,Maize,Soybean,High,133,23,84,30520,/content/drive/MyDrive/dataset/CyAUG-Dataset/Mountain_Soil/158.jpg
Loamy,6.32,52,33,43,49,Flood,56,Millet,Barley,Wheat,Low,190,27,63,20811,/content/drive/MyDrive/dataset/CyAUG-Dataset/Mountain_Soil/79.jpg
Loamy,7.36,43,37,33,78,Drip,86,Sugarcane,Groundnut,Vegetables,High,65,27,48,65328,/content/drive/MyDrive/dataset/CyAUG-Dataset/Mountain_Soil/4.jpg
Loamy,6.86,32,16,42,51,Sprinkler,68,Wheat,Groundnut,Vegetables,Medium,189,34,53,60300,/content/drive/MyDrive/dataset/CyAUG-Dataset/Mountain_Soil/71a.jpg
Silty,6.02,59,23,47,74,Drip,67,Rice,Wheat,Groundnut,Medium,98,21,68,73691,/content/drive/MyDrive/dataset/CyAUG-Dataset/Mountain_Soil/212.jpg
Clay,6.1,25,34,35,39,Flood,57,Sugarcane,Vegetables,Vegetables,High,141,24,86,65652,/content/drive/MyDrive/dataset/CyAUG-Dataset/Mountain_Soil/71.jpg
Clay,6.27,34,16,49,54,Flood,88,Sugarcane,Soybean,Sugarcane,Low,149,22,61,30514,/content/drive/MyDrive/dataset/CyAUG-Dataset/Mountain_Soil/52.jpg
Clay,6.36,38,24,44,30,Sprinkler,63,Maize,Groundnut,Rice,Low,193,25,86,51101,/content/drive/MyDrive/dataset/CyAUG-Dataset/Mountain_Soil/170.jpg
Silty,6.23,55,36,26,44,Drip,83,Cotton,Cotton,Vegetables,Low,185,25,58,23248,/content/drive/MyDrive/dataset/CyAUG-Dataset/Mountain_Soil/32.jpg
Silty,5.67,56,20,33,65,Drip,71,Maize,Groundnut,Sugarcane,High,146,24,90,32075,/content/drive/MyDrive/dataset/CyAUG-Dataset/Mountain_Soil/221.jpg
Loamy,6.16,56,26,34,39,Drip,77,Rice,Rice,Sugarcane,Low,133,20,47,39785,/content/drive/MyDrive/dataset/CyAUG-Dataset/Mountain_Soil/179.jpg
Clay,7.17,38,39,38,41,Sprinkler,59,Maize,Barley,Soybean,Low,67,33,66,52651,/content/drive/MyDrive/dataset/CyAUG-Dataset/Mountain_Soil/58.jpg
Silty,5.86,24,23,43,55,Sprinkler,93,Barley,Soybean,Rice,High,95,33,74,53212,/content/drive/MyDrive/dataset/CyAUG-Dataset/Mountain_Soil/33.jpg
Sandy,6.51,47,17,35,75,Sprinkler,77,Vegetables,Sugarcane,Cotton,High,150,21,51,79473,/content/drive/MyDrive/dataset/CyAUG-Dataset/Mountain_Soil/51.jpg
Clay,6.47,26,20,22,56,Drip,73,Rice,Soybean,Millet,High,138,27,41,25899,/content/drive/MyDrive/dataset/CyAUG-Dataset/Mountain_Soil/171.jpg
Clay,6.79,57,26,38,30,Flood,58,Cotton,Millet,Vegetables,High,157,25,81,47886,/content/drive/MyDrive/dataset/CyAUG-Dataset/Mountain_Soil/48.jpg
Silty,6.8,50,39,43,46,Sprinkler,90,Maize,Groundnut,Cotton,Low,156,33,85,26794,/content/drive/MyDrive/dataset/CyAUG-Dataset/Mountain_Soil/28.jpg
Loamy,7.2,57,20,33,64,Flood,69,Soybean,Groundnut,Maize,Low,65,32,56,52185,/content/drive/MyDrive/dataset/CyAUG-Dataset/Mountain_Soil/68.jpg
Silty,7.0,53,25,41,64,Flood,88,Wheat,Maize,Vegetables,Low,144,20,69,64269,/content/drive/MyDrive/dataset/CyAUG-Dataset/Mountain_Soil/211.jpg
Clay,5.51,33,33,45,77,Drip,82,Barley,Groundnut,Cotton,High,105,22,40,69162,/content/drive/MyDrive/dataset/CyAUG-Dataset/Mountain_Soil/163.jpg
Clay,6.31,54,27,20,71,Flood,51,Millet,Soybean,Vegetables,High,177,35,47,21686,/content/drive/MyDrive/dataset/CyAUG-Dataset/Mountain_Soil/53.jpg
Silty,5.95,48,18,36,78,Drip,85,Millet,Vegetables,Soybean,High,92,30,85,35207,/content/drive/MyDrive/dataset/CyAUG-Dataset/Mountain_Soil/190.jpg
Loamy,6.3,37,40,50,51,Drip,57,Soybean,Rice,Maize,High,151,30,52,37856,/content/drive/MyDrive/dataset/CyAUG-Dataset/Mountain_Soil/208.jpg
Clay,6.71,24,23,23,55,Sprinkler,70,Vegetables,Millet,Maize,Medium,83,20,52,22819,/content/drive/MyDrive/dataset/CyAUG-Dataset/Mountain_Soil/67.jpg
Clay,6.0,57,29,23,44,Sprinkler,77,Barley,Vegetables,Vegetables,Medium,83,21,79,75278,/content/drive/MyDrive/dataset/CyAUG-Dataset/Mountain_Soil/172.jpg
Sandy,7.24,48,37,34,36,Flood,73,Barley,Rice,Wheat,High,139,23,80,54405,/content/drive/MyDrive/dataset/CyAUG-Dataset/Mountain_Soil/199.jpg
Loamy,6.67,44,15,49,80,Sprinkler,88,Groundnut,Groundnut,Groundnut,Medium,127,23,58,65645,/content/drive/MyDrive/dataset/CyAUG-Dataset/Mountain_Soil/190a.jpg
Sandy,5.71,27,22,25,49,Drip,52,Maize,Vegetables,Millet,High,144,20,54,35092,/content/drive/MyDrive/dataset/CyAUG-Dataset/Mountain_Soil/226.jpg
Sandy,7.3,30,17,27,45,Flood,50,Wheat,Cotton,Barley,Low,73,35,61,62839,/content/drive/MyDrive/dataset/CyAUG-Dataset/Mountain_Soil/46.jpg
Sandy,6.71,42,25,20,71,Sprinkler,91,Soybean,Soybean,Soybean,Medium,57,35,57,37551,/content/drive/MyDrive/dataset/CyAUG-Dataset/Mountain_Soil/183.jpg
Sandy,5.73,39,30,34,56,Sprinkler,67,Maize,Barley,Millet,Medium,122,27,60,28377,/content/drive/MyDrive/dataset/CyAUG-Dataset/Mountain_Soil/204.jpg
Silty,6.6,28,36,36,44,Drip,89,Vegetables,Barley,Rice,Medium,135,23,75,55950,/content/drive/MyDrive/dataset/CyAUG-Dataset/Mountain_Soil/65.jpg
Clay,6.31,21,17,27,63,Drip,70,Wheat,Maize,Groundnut,Medium,92,26,41,76077,/content/drive/MyDrive/dataset/CyAUG-Dataset/Mountain_Soil/71b.jpg
Clay,5.64,27,18,24,77,Flood,68,Millet,Barley,Sugarcane,Low,104,33,48,55016,/content/drive/MyDrive/dataset/CyAUG-Dataset/Mountain_Soil/207.jpg
Silty,7.41,37,21,27,57,Flood,70,Groundnut,Rice,Maize,Medium,198,35,66,74076,/content/drive/MyDrive/dataset/CyAUG-Dataset/Mountain_Soil/213.jpg
Sandy,6.72,33,21,33,35,Flood,59,Maize,Cotton,Barley,High,188,20,58,31575,/content/drive/MyDrive/dataset/CyAUG-Dataset/Mountain_Soil/180.jpg
Sandy,6.6,34,39,27,40,Flood,85,Wheat,Rice,Rice,Low,79,21,81,22375,/content/drive/MyDrive/dataset/CyAUG-Dataset/Mountain_Soil/219.jpg
Silty,5.55,48,38,40,57,Flood,58,Rice,Millet,Vegetables,High,135,31,69,35102,/content/drive/MyDrive/dataset/CyAUG-Dataset/Mountain_Soil/49.jpg
Sandy,5.72,22,21,35,57,Sprinkler,83,Soybean,Cotton,Sugarcane,Low,183,33,43,71369,/content/drive/MyDrive/dataset/CyAUG-Dataset/Mountain_Soil/54.jpg
Silty,6.64,28,23,25,48,Drip,71,Barley,Millet,Soybean,High,139,32,88,47989,/content/drive/MyDrive/dataset/CyAUG-Dataset/Mountain_Soil/82.jpg
Silty,7.04,45,21,20,80,Flood,69,Groundnut,Barley,Barley,High,112,27,85,30003,/content/drive/MyDrive/dataset/CyAUG-Dataset/Mountain_Soil/92.jpg
Loamy,5.53,25,27,40,72,Drip,86,Barley,Millet,Soybean,Low,112,20,52,23091,/content/drive/MyDrive/dataset/CyAUG-Dataset/Mountain_Soil/95a.jpg
Loamy,6.86,31,23,35,72,Drip,76,Groundnut,Soybean,Millet,Medium,181,23,69,31171,/content/drive/MyDrive/dataset/CyAUG-Dataset/Mountain_Soil/99.jpg
Loamy,5.85,27,18,37,78,Drip,76,Millet,Groundnut,Wheat,Low,151,23,71,24965,/content/drive/MyDrive/dataset/CyAUG-Dataset/Mountain_Soil/91.jpg
Silty,6.72,21,16,39,52,Flood,81,Maize,Groundnut,Millet,Medium,139,25,68,65295,/content/drive/MyDrive/dataset/CyAUG-Dataset/Mountain_Soil/87a.jpg
Clay,6.61,37,19,31,68,Flood,73,Wheat,Millet,Sugarcane,High,137,20,79,70733,/content/drive/MyDrive/dataset/CyAUG-Dataset/Mountain_Soil/84.jpg
Silty,6.5,36,32,48,69,Flood,53,Groundnut,Wheat,Millet,Low,170,24,82,28719,/content/drive/MyDrive/dataset/CyAUG-Dataset/Mountain_Soil/88.jpg
Clay,6.24,32,27,42,76,Flood,95,Cotton,Wheat,Sugarcane,Low,119,35,60,32424,/content/drive/MyDrive/dataset/CyAUG-Dataset/Mountain_Soil/98.jpg
Loamy,6.22,26,33,46,80,Drip,58,Sugarcane,Groundnut,Soybean,High,116,28,59,29145,/content/drive/MyDrive/dataset/CyAUG-Dataset/Mountain_Soil/8.jpg
Silty,6.56,27,24,46,61,Drip,62,Millet,Sugarcane,Rice,Low,66,35,53,26483,/content/drive/MyDrive/dataset/CyAUG-Dataset/Mountain_Soil/89.jpg
Silty,6.77,44,27,25,55,Drip,86,Cotton,Wheat,Groundnut,Low,127,31,43,74910,/content/drive/MyDrive/dataset/CyAUG-Dataset/Mountain_Soil/97a.jpg
Loamy,7.46,52,26,28,73,Sprinkler,61,Wheat,Barley,Groundnut,High,170,28,90,47439,/content/drive/MyDrive/dataset/CyAUG-Dataset/Mountain_Soil/85.jpg
Loamy,6.3,39,28,30,79,Flood,67,Maize,Groundnut,Sugarcane,Medium,71,28,42,28373,/content/drive/MyDrive/dataset/CyAUG-Dataset/Mountain_Soil/81.jpg
Silty,5.76,36,40,27,38,Sprinkler,82,Groundnut,Rice,Maize,Medium,73,20,67,25561,/content/drive/MyDrive/dataset/CyAUG-Dataset/Mountain_Soil/83.jpg
Sandy,7.05,25,30,41,38,Flood,95,Barley,Maize,Sugarcane,Medium,156,21,72,59447,/content/drive/MyDrive/dataset/CyAUG-Dataset/Mountain_Soil/87.jpg
Clay,6.86,20,36,23,37,Drip,94,Millet,Vegetables,Maize,High,54,21,47,20464,/content/drive/MyDrive/dataset/CyAUG-Dataset/Mountain_Soil/86.jpg
Loamy,6.78,50,20,43,45,Flood,85,Rice,Barley,Cotton,Medium,144,30,53,76442,/content/drive/MyDrive/dataset/CyAUG-Dataset/Mountain_Soil/80.jpg
Sandy,5.98,34,38,35,40,Sprinkler,86,Barley,Wheat,Barley,Low,138,26,88,50698,/content/drive/MyDrive/dataset/CyAUG-Dataset/Mountain_Soil/9.jpg
Loamy,6.08,42,17,24,56,Sprinkler,62,Wheat,Rice,Groundnut,Low,79,20,75,54577,/content/drive/MyDrive/dataset/CyAUG-Dataset/Mountain_Soil/97.jpg
Silty,6.97,24,26,50,59,Drip,85,Maize,Groundnut,Soybean,Medium,123,21,81,75065,/content/drive/MyDrive/dataset/CyAUG-Dataset/Mountain_Soil/95.jpg
Clay,7.1,43,17,32,44,Sprinkler,61,Maize,Soybean,Rice,High,86,29,69,46793,/content/drive/MyDrive/dataset/CyAUG-Dataset/Mountain_Soil/96.jpg
Sandy,6.67,38,20,42,71,Flood,90,Millet,Soybean,Barley,High,115,27,81,25929,/content/drive/MyDrive/dataset/Orignal-Dataset/Alluvial_Soil/46.jpeg
Loamy,5.98,43,31,35,32,Flood,91,Millet,Soybean,Maize,High,101,27,47,22279,/content/drive/MyDrive/dataset/Orignal-Dataset/Alluvial_Soil/42.jpg
Loamy,7.26,59,26,42,71,Sprinkler,85,Vegetables,Groundnut,Maize,Low,116,31,54,48773,/content/drive/MyDrive/dataset/Orignal-Dataset/Alluvial_Soil/35.jpg
Silty,5.92,31,16,43,31,Sprinkler,87,Vegetables,Maize,Groundnut,High,83,25,64,56952,/content/drive/MyDrive/dataset/Orignal-Dataset/Alluvial_Soil/80.jpg
Sandy,6.82,36,23,32,60,Sprinkler,68,Maize,Vegetables,Rice,Medium,56,21,55,21005,/content/drive/MyDrive/dataset/Orignal-Dataset/Alluvial_Soil/30a.jpg
Clay,6.8,40,16,22,60,Sprinkler,83,Cotton,Maize,Millet,Medium,78,33,90,78181,/content/drive/MyDrive/dataset/Orignal-Dataset/Alluvial_Soil/24.jpg
Sandy,6.7,47,28,48,69,Sprinkler,73,Maize,Maize,Barley,Low,108,31,68,48771,/content/drive/MyDrive/dataset/Orignal-Dataset/Alluvial_Soil/13.jpg
Clay,7.46,58,27,23,36,Flood,92,Vegetables,Wheat,Maize,Low,197,29,43,62919,/content/drive/MyDrive/dataset/Orignal-Dataset/Alluvial_Soil/32.jpg
Loamy,6.16,53,30,49,54,Flood,73,Barley,Cotton,Sugarcane,High,56,20,65,22969,/content/drive/MyDrive/dataset/Orignal-Dataset/Alluvial_Soil/40.jpg
Silty,7.25,33,37,31,75,Sprinkler,81,Wheat,Cotton,Barley,High,135,28,60,37196,/content/drive/MyDrive/dataset/Orignal-Dataset/Alluvial_Soil/28a.jpg
Silty,5.73,60,39,47,48,Drip,88,Soybean,Maize,Soybean,High,178,35,69,51067,/content/drive/MyDrive/dataset/Orignal-Dataset/Alluvial_Soil/11.jpg
Silty,6.11,44,38,46,53,Flood,52,Barley,Cotton,Vegetables,Low,189,34,65,77982,/content/drive/MyDrive/dataset/Orignal-Dataset/Alluvial_Soil/17.jpg
Loamy,6.66,46,38,26,80,Flood,75,Barley,Barley,Maize,Medium,52,32,89,52873,/content/drive/MyDrive/dataset/Orignal-Dataset/Alluvial_Soil/8.jpg
Loamy,5.57,57,27,30,69,Drip,51,Soybean,Cotton,Cotton,High,151,28,68,70500,/content/drive/MyDrive/dataset/Orignal-Dataset/Alluvial_Soil/28b.jpg
Silty,6.1,58,16,36,72,Flood,78,Soybean,Vegetables,Barley,Low,80,28,89,21958,/content/drive/MyDrive/dataset/Orignal-Dataset/Alluvial_Soil/33.jpg
Clay,5.85,22,28,21,33,Flood,92,Sugarcane,Vegetables,Groundnut,Low,175,32,47,56616,/content/drive/MyDrive/dataset/Orignal-Dataset/Alluvial_Soil/45a.jpg
Silty,5.52,55,15,22,63,Drip,69,Soybean,Groundnut,Barley,Low,79,28,66,60402,/content/drive/MyDrive/dataset/Orignal-Dataset/Alluvial_Soil/27.jpg
Sandy,6.38,31,22,49,34,Drip,51,Millet,Rice,Wheat,Low,150,25,61,41426,/content/drive/MyDrive/dataset/Orignal-Dataset/Alluvial_Soil/5.jpg
Silty,7.28,46,35,28,71,Flood,87,Cotton,Maize,Soybean,Medium,92,31,74,73262,/content/drive/MyDrive/dataset/Orignal-Dataset/Alluvial_Soil/10.jpg
Loamy,7.15,25,24,27,45,Sprinkler,55,Millet,Barley,Cotton,Medium,156,22,59,70583,/content/drive/MyDrive/dataset/Orignal-Dataset/Alluvial_Soil/39.jpg
Loamy,5.72,24,30,47,32,Flood,79,Rice,Groundnut,Maize,Low,112,32,85,56504,/content/drive/MyDrive/dataset/Orignal-Dataset/Alluvial_Soil/41.jpg
Clay,6.2,48,21,44,35,Sprinkler,62,Wheat,Sugarcane,Wheat,Medium,98,28,58,56447,/content/drive/MyDrive/dataset/Orignal-Dataset/Alluvial_Soil/104.jpg
Silty,5.75,27,28,32,57,Drip,51,Wheat,Barley,Maize,High,149,34,75,36253,/content/drive/MyDrive/dataset/Orignal-Dataset/Alluvial_Soil/22.jpg
Sandy,6.46,41,21,33,68,Sprinkler,89,Barley,Groundnut,Sugarcane,High,54,35,81,61056,/content/drive/MyDrive/dataset/Orignal-Dataset/Alluvial_Soil/1.jpg
Loamy,7.01,54,31,28,53,Drip,55,Barley,Sugarcane,Sugarcane,Medium,136,29,49,42627,/content/drive/MyDrive/dataset/Orignal-Dataset/Alluvial_Soil/180.jpg
Clay,5.84,40,25,26,56,Drip,92,Cotton,Rice,Groundnut,High,151,34,87,59952,/content/drive/MyDrive/dataset/Orignal-Dataset/Alluvial_Soil/37.jpg
Sandy,6.91,26,32,27,48,Drip,77,Soybean,Cotton,Soybean,Medium,163,30,56,50767,/content/drive/MyDrive/dataset/Orignal-Dataset/Alluvial_Soil/15.jpg
Clay,7.08,51,34,47,74,Drip,70,Cotton,Vegetables,Cotton,Low,76,33,50,43582,/content/drive/MyDrive/dataset/Orignal-Dataset/Alluvial_Soil/2.jpg
Loamy,6.65,23,18,48,71,Flood,92,Millet,Groundnut,Vegetables,High,166,20,68,55112,/content/drive/MyDrive/dataset/Orignal-Dataset/Alluvial_Soil/12.jpg
Sandy,6.33,25,21,39,35,Sprinkler,56,Cotton,Sugarcane,Vegetables,Low,184,22,42,47283,/content/drive/MyDrive/dataset/Orignal-Dataset/Alluvial_Soil/14.jpg
Clay,5.85,41,24,48,54,Drip,85,Groundnut,Sugarcane,Rice,Medium,182,20,67,42962,/content/drive/MyDrive/dataset/Orignal-Dataset/Alluvial_Soil/21.jpg
Clay,5.72,28,23,21,60,Flood,52,Millet,Barley,Maize,Low,179,30,69,68161,/content/drive/MyDrive/dataset/Orignal-Dataset/Alluvial_Soil/200.jpg
Silty,7.24,37,24,37,69,Drip,83,Groundnut,Groundnut,Rice,High,186,34,56,45910,/content/drive/MyDrive/dataset/Orignal-Dataset/Alluvial_Soil/105.jpg
Clay,7.04,37,27,43,54,Sprinkler,56,Barley,Soybean,Wheat,High,85,33,82,26734,/content/drive/MyDrive/dataset/Orignal-Dataset/Alluvial_Soil/29.jpg
Loamy,7.02,21,29,49,46,Flood,89,Maize,Maize,Sugarcane,Low,195,23,50,33084,/content/drive/MyDrive/dataset/Orignal-Dataset/Alluvial_Soil/31.jpg
Loamy,6.54,38,25,32,58,Flood,70,Sugarcane,Vegetables,Sugarcane,Medium,91,35,59,37855,/content/drive/MyDrive/dataset/Orignal-Dataset/Alluvial_Soil/38.jpg
Sandy,7.36,39,36,38,36,Flood,77,Vegetables,Cotton,Millet,Low,63,24,52,22012,/content/drive/MyDrive/dataset/Orignal-Dataset/Alluvial_Soil/7.jpg
Silty,7.12,53,27,37,72,Drip,73,Vegetables,Rice,Millet,Medium,111,35,40,29634,/content/drive/MyDrive/dataset/Orignal-Dataset/Alluvial_Soil/28.jpg
Loamy,7.04,45,29,29,51,Sprinkler,62,Vegetables,Sugarcane,Sugarcane,Low,194,31,90,53768,/content/drive/MyDrive/dataset/Orignal-Dataset/Alluvial_Soil/25.jpg
Clay,5.76,43,36,44,45,Sprinkler,88,Groundnut,Millet,Barley,Low,184,31,88,72082,/content/drive/MyDrive/dataset/Orignal-Dataset/Alluvial_Soil/101.jpg
Sandy,5.91,60,20,31,66,Flood,69,Sugarcane,Millet,Barley,High,66,30,79,42724,/content/drive/MyDrive/dataset/Orignal-Dataset/Alluvial_Soil/19.jpg
Loamy,6.26,55,16,24,54,Drip,95,Sugarcane,Barley,Maize,Low,184,22,67,36318,/content/drive/MyDrive/dataset/Orignal-Dataset/Alluvial_Soil/23.jpg
Loamy,7.25,40,27,21,60,Flood,70,Millet,Cotton,Vegetables,Medium,163,27,78,77987,/content/drive/MyDrive/dataset/Orignal-Dataset/Alluvial_Soil/18.jpg
Loamy,6.38,46,33,48,52,Sprinkler,59,Millet,Sugarcane,Sugarcane,Low,52,21,44,50749,/content/drive/MyDrive/dataset/Orignal-Dataset/Alluvial_Soil/100.jpg
Sandy,5.69,46,16,24,67,Drip,62,Rice,Rice,Vegetables,Medium,88,28,65,25321,/content/drive/MyDrive/dataset/Orignal-Dataset/Alluvial_Soil/16.jpg
Loamy,7.09,26,18,44,64,Flood,87,Rice,Soybean,Millet,Medium,193,29,42,63840,/content/drive/MyDrive/dataset/Orignal-Dataset/Alluvial_Soil/20.jpg
Clay,6.69,56,32,42,46,Drip,69,Millet,Vegetables,Wheat,Low,196,26,48,53212,/content/drive/MyDrive/dataset/Orignal-Dataset/Alluvial_Soil/44.jpg
Clay,6.77,45,24,33,44,Sprinkler,87,Vegetables,Maize,Rice,Medium,69,33,81,65468,/content/drive/MyDrive/dataset/Orignal-Dataset/Alluvial_Soil/103.jpg
Loamy,7.05,56,40,50,76,Sprinkler,74,Rice,Sugarcane,Sugarcane,Medium,123,21,45,40644,/content/drive/MyDrive/dataset/Orignal-Dataset/Alluvial_Soil/30.jpg
Clay,5.52,30,31,40,68,Flood,52,Vegetables,Groundnut,Cotton,Medium,180,21,89,55953,/content/drive/MyDrive/dataset/Orignal-Dataset/Alluvial_Soil/45.jpg
Sandy,6.97,31,34,24,51,Drip,51,Millet,Groundnut,Cotton,Low,103,23,73,22061,/content/drive/MyDrive/dataset/Orignal-Dataset/Alluvial_Soil/26.jpg
Loamy,7.23,44,22,49,74,Drip,52,Maize,Millet,Maize,Low,58,28,49,70336,/content/drive/MyDrive/dataset/Orignal-Dataset/Mountain_Soil/131.jpg
Sandy,6.79,58,23,30,62,Drip,59,Vegetables,Millet,Wheat,High,75,33,76,40803,/content/drive/MyDrive/dataset/Orignal-Dataset/Mountain_Soil/133.jpg
Loamy,6.15,29,39,22,61,Drip,52,Vegetables,Maize,Maize,Medium,198,23,90,29985,/content/drive/MyDrive/dataset/Orignal-Dataset/Mountain_Soil/116a.jpg
Loamy,6.01,44,21,22,36,Flood,65,Maize,Vegetables,Millet,Low,84,21,71,54796,/content/drive/MyDrive/dataset/Orignal-Dataset/Mountain_Soil/10.jpg
Clay,7.4,54,36,43,57,Sprinkler,77,Rice,Wheat,Cotton,Low,141,21,83,57293,/content/drive/MyDrive/dataset/Orignal-Dataset/Mountain_Soil/147.jpg
Silty,7.21,55,36,33,49,Flood,64,Barley,Wheat,Barley,High,92,28,44,67956,/content/drive/MyDrive/dataset/Orignal-Dataset/Mountain_Soil/155.jpg
Clay,6.54,47,18,33,80,Sprinkler,76,Soybean,Sugarcane,Barley,Medium,78,22,83,53835,/content/drive/MyDrive/dataset/Orignal-Dataset/Mountain_Soil/125.jpg
Sandy,5.92,35,31,47,65,Flood,94,Rice,Soybean,Soybean,Low,104,26,47,71594,/content/drive/MyDrive/dataset/Orignal-Dataset/Mountain_Soil/127.jpg
Clay,6.24,37,23,36,71,Drip,54,Vegetables,Millet,Soybean,Low,96,27,80,46545,/content/drive/MyDrive/dataset/Orignal-Dataset/Mountain_Soil/126.jpg
Clay,5.97,57,19,40,51,Sprinkler,83,Millet,Soybean,Millet,Medium,170,21,66,30503,/content/drive/MyDrive/dataset/Orignal-Dataset/Mountain_Soil/156.jpg
Sandy,5.95,28,19,45,36,Flood,59,Sugarcane,Wheat,Groundnut,High,173,31,56,73393,/content/drive/MyDrive/dataset/Orignal-Dataset/Mountain_Soil/12.jpg
Loamy,6.9,48,23,50,36,Sprinkler,78,Vegetables,Groundnut,Groundnut,Low,138,30,59,28001,/content/drive/MyDrive/dataset/Orignal-Dataset/Mountain_Soil/117.jpg
Silty,6.46,32,19,26,31,Flood,64,Soybean,Rice,Maize,Medium,150,20,84,46318,/content/drive/MyDrive/dataset/Orignal-Dataset/Mountain_Soil/106.jpg
Silty,5.75,37,25,42,43,Drip,81,Cotton,Sugarcane,Sugarcane,High,147,32,56,76146,/content/drive/MyDrive/dataset/Orignal-Dataset/Mountain_Soil/111.jpg
Loamy,7.38,41,19,34,30,Sprinkler,70,Maize,Groundnut,Millet,Medium,190,34,67,64848,/content/drive/MyDrive/dataset/Orignal-Dataset/Mountain_Soil/150.jpg
Silty,7.15,59,30,39,40,Drip,72,Wheat,Wheat,Vegetables,High,144,22,83,68996,/content/drive/MyDrive/dataset/Orignal-Dataset/Mountain_Soil/102.jpg
Clay,7.45,60,38,36,73,Sprinkler,75,Rice,Groundnut,Soybean,Low,55,20,53,33673,/content/drive/MyDrive/dataset/Orignal-Dataset/Mountain_Soil/159.jpg
Loamy,7.3,32,40,47,35,Drip,53,Maize,Cotton,Maize,Low,96,22,72,74107,/content/drive/MyDrive/dataset/Orignal-Dataset/Mountain_Soil/112.jpg
Silty,7.22,28,28,20,32,Sprinkler,69,Barley,Maize,Vegetables,Medium,99,27,67,65270,/content/drive/MyDrive/dataset/Orignal-Dataset/Mountain_Soil/137.jpg
Silty,6.47,35,18,25,65,Flood,83,Sugarcane,Sugarcane,Vegetables,Medium,188,32,65,20131,/content/drive/MyDrive/dataset/Orignal-Dataset/Mountain_Soil/13.jpg
Loamy,5.9,35,31,27,67,Sprinkler,82,Wheat,Groundnut,Soybean,Medium,100,24,62,79665,/content/drive/MyDrive/dataset/Orignal-Dataset/Mountain_Soil/149.jpg
Clay,7.04,56,39,50,73,Flood,68,Soybean,Millet,Maize,Medium,73,29,51,55736,/content/drive/MyDrive/dataset/Orignal-Dataset/Mountain_Soil/157.jpg
Sandy,5.56,55,37,31,42,Sprinkler,94,Wheat,Millet,Barley,High,137,32,59,72123,/content/drive/MyDrive/dataset/Orignal-Dataset/Mountain_Soil/123.jpg
Silty,6.17,34,29,40,70,Flood,78,Groundnut,Vegetables,Soybean,High,128,25,66,25161,/content/drive/MyDrive/dataset/Orignal-Dataset/Mountain_Soil/148.jpg
Sandy,5.56,32,33,50,35,Drip,65,Groundnut,Millet,Groundnut,Low,169,21,63,31019,/content/drive/MyDrive/dataset/Orignal-Dataset/Mountain_Soil/11.jpg
Silty,6.95,22,40,26,55,Flood,64,Millet,Groundnut,Wheat,High,141,22,72,69730,/content/drive/MyDrive/dataset/Orignal-Dataset/Mountain_Soil/113.jpg
Loamy,7.21,32,32,32,70,Flood,95,Rice,Maize,Millet,High,153,26,46,51134,/content/drive/MyDrive/dataset/Orignal-Dataset/Mountain_Soil/158.jpg
Loamy,5.55,31,23,32,30,Sprinkler,72,Millet,Maize,Cotton,Low,134,24,53,55420,/content/drive/MyDrive/dataset/Orignal-Dataset/Mountain_Soil/100.jpg
Silty,5.51,46,37,31,60,Sprinkler,90,Barley,Cotton,Barley,Low,110,24,52,73159,/content/drive/MyDrive/dataset/Orignal-Dataset/Mountain_Soil/110.jpg
Silty,6.11,57,32,37,67,Flood,58,Cotton,Groundnut,Barley,Medium,62,22,44,72268,/content/drive/MyDrive/dataset/Orignal-Dataset/Mountain_Soil/104a.jpg
Sandy,5.89,24,24,30,57,Sprinkler,92,Maize,Maize,Sugarcane,Medium,93,31,74,36471,/content/drive/MyDrive/dataset/Orignal-Dataset/Mountain_Soil/107b.jpg
Clay,6.0,37,31,31,61,Sprinkler,67,Wheat,Maize,Wheat,High,187,21,90,75949,/content/drive/MyDrive/dataset/Orignal-Dataset/Mountain_Soil/16.jpg
Clay,6.76,22,16,25,72,Flood,60,Sugarcane,Rice,Barley,Medium,65,23,44,33660,/content/drive/MyDrive/dataset/Orignal-Dataset/Mountain_Soil/130.jpg
Silty,6.78,40,31,33,63,Sprinkler,59,Vegetables,Millet,Cotton,High,50,28,86,73965,/content/drive/MyDrive/dataset/Orignal-Dataset/Mountain_Soil/113a.jpg
Sandy,5.71,32,25,43,30,Sprinkler,66,Rice,Rice,Soybean,Medium,56,28,82,31621,/content/drive/MyDrive/dataset/Orignal-Dataset/Mountain_Soil/140.jpg
Sandy,6.58,36,28,46,35,Flood,71,Cotton,Millet,Barley,High,164,27,85,48432,/content/drive/MyDrive/dataset/Orignal-Dataset/Mountain_Soil/105.jpg
Sandy,6.64,45,16,48,78,Drip,52,Vegetables,Vegetables,Groundnut,Medium,200,25,44,40456,/content/drive/MyDrive/dataset/Orignal-Dataset/Mountain_Soil/161.jpg
Clay,7.36,52,36,34,33,Sprinkler,70,Sugarcane,Soybean,Maize,Low,80,28,51,74203,/content/drive/MyDrive/dataset/Orignal-Dataset/Mountain_Soil/15.jpg
Clay,7.1,51,31,35,53,Sprinkler,93,Barley,Millet,Maize,Low,156,30,86,30843,/content/drive/MyDrive/dataset/Orignal-Dataset/Mountain_Soil/114.jpg
Sandy,6.68,54,39,26,56,Drip,93,Sugarcane,Soybean,Groundnut,High,164,25,64,57414,/content/drive/MyDrive/dataset/Orignal-Dataset/Mountain_Soil/145.jpg
Sandy,6.9,44,31,48,70,Sprinkler,87,Soybean,Soybean,Wheat,Low,60,35,69,60421,/content/drive/MyDrive/dataset/Orignal-Dataset/Mountain_Soil/124.jpg
Loamy,7.25,35,17,31,38,Flood,87,Soybean,Millet,Vegetables,Medium,167,26,66,39143,/content/drive/MyDrive/dataset/Orignal-Dataset/Mountain_Soil/152.jpg
Silty,6.95,25,16,40,37,Flood,92,Cotton,Cotton,Soybean,Medium,143,30,88,20502,/content/drive/MyDrive/dataset/Orignal-Dataset/Mountain_Soil/162.jpg
Loamy,7.44,33,27,43,47,Flood,65,Groundnut,Maize,Barley,Low,122,32,43,26641,/content/drive/MyDrive/dataset/Orignal-Dataset/Mountain_Soil/154.jpg
Sandy,6.27,32,28,27,66,Flood,71,Vegetables,Vegetables,Rice,High,126,21,47,75775,/content/drive/MyDrive/dataset/Orignal-Dataset/Mountain_Soil/118.jpg
Clay,7.45,39,21,44,78,Drip,53,Rice,Vegetables,Groundnut,Medium,196,34,59,34354,/content/drive/MyDrive/dataset/Orignal-Dataset/Mountain_Soil/107a.jpg
Loamy,6.17,55,35,22,62,Sprinkler,86,Vegetables,Groundnut,Groundnut,High,118,29,41,65160,/content/drive/MyDrive/dataset/Orignal-Dataset/Mountain_Soil/103.jpg
Loamy,6.36,34,17,44,45,Sprinkler,77,Wheat,Groundnut,Millet,Low,79,22,88,70103,/content/drive/MyDrive/dataset/Orignal-Dataset/Mountain_Soil/143.jpg
Silty,5.91,23,15,23,31,Drip,54,Sugarcane,Cotton,Sugarcane,High,119,22,85,33088,/content/drive/MyDrive/dataset/Orignal-Dataset/Mountain_Soil/109.jpg
Sandy,7.41,55,27,23,72,Flood,58,Groundnut,Millet,Maize,Low,150,25,43,21689,/content/drive/MyDrive/dataset/Orignal-Dataset/Mountain_Soil/14.jpg
Silty,6.12,59,27,36,45,Sprinkler,50,Groundnut,Rice,Groundnut,Low,88,20,75,59778,/content/drive/MyDrive/dataset/Orignal-Dataset/Mountain_Soil/153.jpg
Sandy,7.31,59,26,40,70,Flood,85,Maize,Vegetables,Millet,High,124,24,58,60391,/content/drive/MyDrive/dataset/Orignal-Dataset/Mountain_Soil/116.jpg
Loamy,6.47,39,29,23,48,Sprinkler,54,Vegetables,Vegetables,Maize,Low,186,22,76,51441,/content/drive/MyDrive/dataset/Orignal-Dataset/Mountain_Soil/1.jpg
Clay,5.97,49,22,44,38,Drip,80,Groundnut,Millet,Barley,Medium,163,22,40,70282,/content/drive/MyDrive/dataset/Orignal-Dataset/Mountain_Soil/107.jpg
Silty,6.34,41,16,28,67,Sprinkler,53,Barley,Wheat,Cotton,Medium,69,33,64,30225,/content/drive/MyDrive/dataset/Orignal-Dataset/Mountain_Soil/122.jpg
Clay,6.62,36,27,30,74,Sprinkler,59,Barley,Wheat,Maize,High,179,26,46,62028,/content/drive/MyDrive/dataset/Orignal-Dataset/Mountain_Soil/104.jpg
Silty,6.58,46,16,40,75,Drip,85,Barley,Soybean,Sugarcane,Low,106,20,52,36401,/content/drive/MyDrive/dataset/Orignal-Dataset/Mountain_Soil/144.jpg
Silty,6.29,25,27,45,79,Sprinkler,80,Millet,Sugarcane,Cotton,Medium,106,30,44,32374,/content/drive/MyDrive/dataset/Orignal-Dataset/Mountain_Soil/180.jpg
Sandy,6.73,28,28,28,49,Drip,92,Barley,Soybean,Maize,High,185,35,72,73976,/content/drive/MyDrive/dataset/Orignal-Dataset/Mountain_Soil/46.jpg
Sandy,6.96,59,37,46,80,Drip,81,Barley,Soybean,Groundnut,High,127,28,40,54723,/content/drive/MyDrive/dataset/Orignal-Dataset/Mountain_Soil/179.jpg
Clay,5.51,27,34,46,66,Sprinkler,89,Rice,Millet,Maize,High,125,35,59,72020,/content/drive/MyDrive/dataset/Orignal-Dataset/Mountain_Soil/73.jpg
Clay,5.78,55,39,49,61,Drip,79,Maize,Rice,Sugarcane,High,103,28,40,59852,/content/drive/MyDrive/dataset/Orignal-Dataset/Mountain_Soil/204.jpg
Clay,6.89,57,31,41,55,Drip,84,Barley,Groundnut,Barley,Medium,90,29,85,66146,/content/drive/MyDrive/dataset/Orignal-Dataset/Mountain_Soil/225.jpg
Loamy,5.81,52,35,26,44,Flood,77,Vegetables,Millet,Cotton,Medium,58,31,45,41792,/content/drive/MyDrive/dataset/Orignal-Dataset/Mountain_Soil/36.jpg
Clay,5.53,25,16,34,72,Sprinkler,55,Sugarcane,Rice,Barley,High,100,27,56,28020,/content/drive/MyDrive/dataset/Orignal-Dataset/Mountain_Soil/34.jpg
Clay,5.99,24,23,28,36,Flood,91,Vegetables,Rice,Wheat,Medium,155,27,83,54614,/content/drive/MyDrive/dataset/Orignal-Dataset/Mountain_Soil/190.jpg
Loamy,5.77,29,35,34,53,Drip,63,Groundnut,Soybean,Maize,Medium,189,30,84,27383,/content/drive/MyDrive/dataset/Orignal-Dataset/Mountain_Soil/197.jpg
Clay,6.37,38,35,39,68,Drip,84,Wheat,Rice,Wheat,High,101,22,72,27401,/content/drive/MyDrive/dataset/Orignal-Dataset/Mountain_Soil/71.jpg
Silty,6.68,52,32,37,31,Drip,71,Groundnut,Vegetables,Vegetables,Medium,129,23,65,36325,/content/drive/MyDrive/dataset/Orignal-Dataset/Mountain_Soil/6.jpg
Clay,6.25,42,17,39,47,Drip,93,Sugarcane,Cotton,Wheat,Low,98,22,52,24219,/content/drive/MyDrive/dataset/Orignal-Dataset/Mountain_Soil/41.jpg
Loamy,6.34,54,16,26,60,Drip,75,Wheat,Maize,Barley,Medium,171,25,65,63652,/content/drive/MyDrive/dataset/Orignal-Dataset/Mountain_Soil/171.jpg
Sandy,5.86,42,29,29,33,Flood,80,Millet,Vegetables,Vegetables,High,76,25,51,36262,/content/drive/MyDrive/dataset/Orignal-Dataset/Mountain_Soil/48.jpg
Clay,7.17,34,33,38,61,Flood,69,Barley,Maize,Rice,Low,93,34,83,75049,/content/drive/MyDrive/dataset/Orignal-Dataset/Mountain_Soil/190a.jpg
Clay,6.84,59,28,35,46,Flood,78,Barley,Sugarcane,Barley,Medium,76,26,69,71046,/content/drive/MyDrive/dataset/Orignal-Dataset/Mountain_Soil/189.jpg
Clay,6.57,53,23,27,68,Flood,90,Millet,Millet,Barley,Medium,140,21,55,68290,/content/drive/MyDrive/dataset/Orignal-Dataset/Mountain_Soil/215.jpg
Silty,6.17,24,28,44,31,Sprinkler,93,Maize,Wheat,Vegetables,Medium,125,25,43,60952,/content/drive/MyDrive/dataset/Orignal-Dataset/Mountain_Soil/173.jpg
Clay,6.57,23,23,28,53,Flood,66,Wheat,Rice,Barley,High,89,23,82,31830,/content/drive/MyDrive/dataset/Orignal-Dataset/Mountain_Soil/182.jpg
Silty,7.4,38,24,48,52,Sprinkler,92,Millet,Millet,Maize,Low,98,34,53,31522,/content/drive/MyDrive/dataset/Orignal-Dataset/Mountain_Soil/201.jpg
Clay,7.24,53,28,50,63,Sprinkler,55,Barley,Vegetables,Barley,Medium,119,35,65,73636,/content/drive/MyDrive/dataset/Orignal-Dataset/Mountain_Soil/44.jpg
Sandy,6.43,34,37,22,40,Drip,50,Millet,Barley,Wheat,Low,136,27,46,36076,/content/drive/MyDrive/dataset/Orignal-Dataset/Mountain_Soil/203.jpg
Silty,6.19,55,35,23,48,Flood,89,Millet,Soybean,Cotton,Low,132,26,65,25445,/content/drive/MyDrive/dataset/Orignal-Dataset/Mountain_Soil/196.jpg
Loamy,7.1,21,24,31,62,Sprinkler,90,Cotton,Wheat,Sugarcane,High,158,32,50,42221,/content/drive/MyDrive/dataset/Orignal-Dataset/Mountain_Soil/33.jpg
Clay,6.2,25,30,48,72,Drip,51,Maize,Wheat,Vegetables,High,108,25,86,73225,/content/drive/MyDrive/dataset/Orignal-Dataset/Mountain_Soil/223.jpg
Silty,5.66,25,25,33,34,Sprinkler,81,Rice,Soybean,Cotton,High,78,26,76,62740,/content/drive/MyDrive/dataset/Orignal-Dataset/Mountain_Soil/43.jpg
Clay,6.76,20,15,45,66,Drip,56,Soybean,Millet,Vegetables,High,63,34,78,37392,/content/drive/MyDrive/dataset/Orignal-Dataset/Mountain_Soil/69.jpg
Clay,5.81,52,16,48,38,Flood,63,Vegetables,Soybean,Rice,High,123,31,52,47193,/content/drive/MyDrive/dataset/Orignal-Dataset/Mountain_Soil/179a.jpg
Silty,5.99,21,30,22,52,Drip,90,Vegetables,Groundnut,Maize,Low,191,27,41,28074,/content/drive/MyDrive/dataset/Orignal-Dataset/Mountain_Soil/76.jpg
Loamy,6.96,39,20,44,33,Flood,72,Vegetables,Cotton,Soybean,Low,148,29,61,57508,/content/drive/MyDrive/dataset/Orignal-Dataset/Mountain_Soil/40.jpg
Loamy,6.21,27,33,21,34,Flood,87,Vegetables,Cotton,Maize,Medium,138,29,79,63675,/content/drive/MyDrive/dataset/Orignal-Dataset/Mountain_Soil/60.jpg
Clay,6.65,26,38,44,60,Drip,63,Soybean,Cotton,Cotton,High,190,33,67,28657,/content/drive/MyDrive/dataset/Orignal-Dataset/Mountain_Soil/217.jpg
Silty,6.0,29,25,40,55,Drip,79,Wheat,Groundnut,Wheat,Low,118,27,69,70554,/content/drive/MyDrive/dataset/Orignal-Dataset/Mountain_Soil/18.jpg
Silty,6.27,43,32,48,41,Flood,58,Groundnut,Barley,Vegetables,Low,113,28,71,20975,/content/drive/MyDrive/dataset/Orignal-Dataset/Mountain_Soil/21.jpg
Loamy,6.14,27,25,36,53,Sprinkler,93,Wheat,Sugarcane,Rice,Medium,64,21,89,38642,/content/drive/MyDrive/dataset/Orignal-Dataset/Mountain_Soil/175a.jpg
Sandy,7.23,57,22,26,49,Flood,93,Millet,Sugarcane,Sugarcane,Low,122,30,56,51028,/content/drive/MyDrive/dataset/Orignal-Dataset/Mountain_Soil/185.jpg
Silty,7.09,60,35,21,71,Sprinkler,90,Cotton,Cotton,Maize,High,173,24,70,75950,/content/drive/MyDrive/dataset/Orignal-Dataset/Mountain_Soil/47.jpg
Silty,6.73,47,15,46,32,Drip,70,Barley,Barley,Wheat,Medium,116,35,88,33375,/content/drive/MyDrive/dataset/Orignal-Dataset/Mountain_Soil/39.jpg
Loamy,5.58,46,26,36,65,Flood,90,Sugarcane,Groundnut,Groundnut,High,175,27,62,20039,/content/drive/MyDrive/dataset/Orignal-Dataset/Mountain_Soil/211.jpg
Loamy,6.76,46,24,44,64,Sprinkler,94,Vegetables,Barley,Maize,Low,161,30,72,41695,/content/drive/MyDrive/dataset/Orignal-Dataset/Mountain_Soil/175.jpg
Sandy,6.14,48,24,49,71,Flood,57,Rice,Cotton,Sugarcane,Low,120,32,55,67437,/content/drive/MyDrive/dataset/Orignal-Dataset/Mountain_Soil/17.jpg
Loamy,6.0,56,15,42,37,Sprinkler,59,Soybean,Millet,Maize,High,123,34,65,63473,/content/drive/MyDrive/dataset/Orignal-Dataset/Mountain_Soil/55.jpg
Loamy,6.12,30,40,22,31,Drip,57,Maize,Groundnut,Groundnut,High,121,26,52,43063,/content/drive/MyDrive/dataset/Orignal-Dataset/Mountain_Soil/8.jpg
Clay,7.38,53,20,34,61,Flood,74,Groundnut,Millet,Groundnut,Medium,167,23,56,23871,/content/drive/MyDrive/dataset/Orignal-Dataset/Mountain_Soil/178.jpg
Loamy,5.74,47,32,50,44,Sprinkler,95,Millet,Groundnut,Wheat,High,191,24,65,27261,/content/drive/MyDrive/dataset/Orignal-Dataset/Mountain_Soil/58a.jpg
Sandy,5.96,59,36,44,78,Flood,72,Vegetables,Maize,Millet,High,133,20,90,78562,/content/drive/MyDrive/dataset/Orignal-Dataset/Mountain_Soil/59.jpg
Silty,7.15,33,28,44,35,Flood,68,Cotton,Wheat,Soybean,Low,179,34,61,50461,/content/drive/MyDrive/dataset/Orignal-Dataset/Mountain_Soil/183.jpg
Loamy,7.23,42,26,40,72,Flood,85,Maize,Soybean,Maize,Medium,169,35,44,64219,/content/drive/MyDrive/dataset/Orignal-Dataset/Mountain_Soil/166.jpg
Silty,5.53,43,31,30,58,Flood,65,Wheat,Barley,Cotton,Low,73,30,69,48392,/content/drive/MyDrive/dataset/Orignal-Dataset/Mountain_Soil/70.jpg
Silty,5.54,31,31,21,36,Drip,84,Groundnut,Soybean,Cotton,High,147,34,68,76299,/content/drive/MyDrive/dataset/Orignal-Dataset/Mountain_Soil/57.jpg
Loamy,5.97,35,37,31,69,Sprinkler,71,Vegetables,Wheat,Barley,High,152,31,68,26550,/content/drive/MyDrive/dataset/Orignal-Dataset/Mountain_Soil/163.jpg
Sandy,7.13,38,18,21,35,Drip,76,Soybean,Millet,Cotton,Medium,180,29,48,38756,/content/drive/MyDrive/dataset/Orignal-Dataset/Mountain_Soil/24.jpg
Silty,5.62,35,34,35,64,Flood,95,Soybean,Barley,Barley,Low,106,32,67,60855,/content/drive/MyDrive/dataset/Orignal-Dataset/Mountain_Soil/177a.jpg
Sandy,5.92,20,36,23,77,Flood,95,Millet,Barley,Rice,High,136,33,49,25931,/content/drive/MyDrive/dataset/Orignal-Dataset/Mountain_Soil/199.jpg
Sandy,6.73,53,38,48,38,Flood,57,Millet,Cotton,Barley,Low,51,30,45,50628,/content/drive/MyDrive/dataset/Orignal-Dataset/Mountain_Soil/209.jpg
Sandy,5.72,54,19,34,60,Flood,60,Cotton,Cotton,Barley,Low,172,28,79,27312,/content/drive/MyDrive/dataset/Orignal-Dataset/Mountain_Soil/202.jpg
Clay,7.09,34,16,25,66,Sprinkler,72,Soybean,Cotton,Cotton,Medium,136,20,74,32402,/content/drive/MyDrive/dataset/Orignal-Dataset/Mountain_Soil/3a.jpg
Sandy,7.45,23,16,34,54,Drip,64,Barley,Sugarcane,Millet,High,175,28,67,45199,/content/drive/MyDrive/dataset/Orignal-Dataset/Mountain_Soil/53.jpg
Clay,6.34,39,24,48,68,Sprinkler,83,Millet,Soybean,Rice,Medium,103,29,61,36745,/content/drive/MyDrive/dataset/Orignal-Dataset/Mountain_Soil/54.jpg
Clay,5.59,45,19,32,62,Flood,92,Vegetables,Maize,Rice,Medium,138,25,44,72322,/content/drive/MyDrive/dataset/Orignal-Dataset/Mountain_Soil/68.jpg
Clay,6.49,41,16,30,80,Sprinkler,95,Millet,Vegetables,Wheat,High,114,23,41,30923,/content/drive/MyDrive/dataset/Orignal-Dataset/Mountain_Soil/181.jpg
Clay,5.64,46,16,31,61,Sprinkler,78,Sugarcane,Soybean,Wheat,High,143,25,44,68549,/content/drive/MyDrive/dataset/Orignal-Dataset/Mountain_Soil/67.jpg
Clay,7.01,33,25,23,43,Flood,56,Rice,Cotton,Cotton,Medium,99,34,62,21323,/content/drive/MyDrive/dataset/Orignal-Dataset/Mountain_Soil/186.jpg
Silty,5.63,25,21,50,41,Drip,80,Maize,Vegetables,Barley,High,71,21,74,42906,/content/drive/MyDrive/dataset/Orignal-Dataset/Mountain_Soil/51.jpg
Clay,7.43,47,17,37,65,Sprinkler,60,Soybean,Groundnut,Millet,Medium,121,26,48,37911,/content/drive/MyDrive/dataset/Orignal-Dataset/Mountain_Soil/60a.jpg
Silty,5.82,44,25,27,30,Flood,77,Barley,Sugarcane,Vegetables,Low,192,29,75,70872,/content/drive/MyDrive/dataset/Orignal-Dataset/Mountain_Soil/71a.jpg
Loamy,5.68,30,18,22,45,Drip,84,Sugarcane,Vegetables,Rice,Medium,190,35,49,78999,/content/drive/MyDrive/dataset/Orignal-Dataset/Mountain_Soil/77.jpg
Silty,5.78,21,27,47,80,Flood,62,Vegetables,Wheat,Millet,High,152,33,57,65086,/content/drive/MyDrive/dataset/Orignal-Dataset/Mountain_Soil/3.jpg
Sandy,5.56,32,33,38,66,Flood,55,Maize,Groundnut,Rice,Low,99,23,42,75659,/content/drive/MyDrive/dataset/Orignal-Dataset/Mountain_Soil/208.jpg
Loamy,6.2,39,27,44,70,Drip,77,Vegetables,Wheat,Sugarcane,Low,183,26,43,55010,/content/drive/MyDrive/dataset/Orignal-Dataset/Mountain_Soil/79.jpg
Loamy,7.28,48,39,28,50,Drip,58,Millet,Wheat,Rice,Medium,135,31,59,72072,/content/drive/MyDrive/dataset/Orignal-Dataset/Mountain_Soil/49.jpg
Loamy,5.57,40,27,23,57,Flood,58,Maize,Maize,Soybean,High,101,24,47,47157,/content/drive/MyDrive/dataset/Orignal-Dataset/Mountain_Soil/185a.jpg
Clay,6.38,20,40,25,64,Sprinkler,90,Vegetables,Barley,Wheat,Medium,156,22,50,50403,/content/drive/MyDrive/dataset/Orignal-Dataset/Mountain_Soil/212.jpg
Loamy,6.73,39,17,39,59,Sprinkler,81,Soybean,Cotton,Barley,Low,115,26,86,48919,/content/drive/MyDrive/dataset/Orignal-Dataset/Mountain_Soil/2.jpg
Loamy,6.92,41,32,22,57,Flood,58,Millet,Barley,Sugarcane,Low,192,34,74,76690,/content/drive/MyDrive/dataset/Orignal-Dataset/Mountain_Soil/194.jpg
Clay,5.96,55,32,50,46,Sprinkler,64,Groundnut,Groundnut,Soybean,High,91,34,70,78485,/content/drive/MyDrive/dataset/Orignal-Dataset/Mountain_Soil/63.jpg
Silty,6.47,52,33,37,73,Drip,90,Soybean,Maize,Rice,Medium,194,27,40,26770,/content/drive/MyDrive/dataset/Orignal-Dataset/Mountain_Soil/170.jpg
Loamy,6.99,42,25,38,50,Sprinkler,63,Soybean,Sugarcane,Sugarcane,Medium,64,20,61,74216,/content/drive/MyDrive/dataset/Orignal-Dataset/Mountain_Soil/75.jpg
Silty,7.18,21,40,42,75,Flood,61,Vegetables,Vegetables,Soybean,Low,136,28,71,54994,/content/drive/MyDrive/dataset/Orignal-Dataset/Mountain_Soil/176.jpg
Clay,6.33,45,37,34,54,Flood,69,Soybean,Maize,Soybean,Low,182,23,49,53375,/content/drive/MyDrive/dataset/Orignal-Dataset/Mountain_Soil/220.jpg
Clay,6.5,27,35,41,48,Drip,86,Cotton,Millet,Vegetables,Medium,156,35,82,60214,/content/drive/MyDrive/dataset/Orignal-Dataset/Mountain_Soil/167.jpg
Loamy,7.43,20,36,43,57,Flood,74,Soybean,Rice,Millet,Medium,128,20,88,79741,/content/drive/MyDrive/dataset/Orignal-Dataset/Mountain_Soil/221.jpg
Silty,6.15,60,17,29,42,Sprinkler,68,Sugarcane,Groundnut,Rice,High,125,33,79,45524,/content/drive/MyDrive/dataset/Orignal-Dataset/Mountain_Soil/32.jpg
Sandy,6.65,58,15,24,52,Drip,93,Rice,Cotton,Rice,Low,56,23,53,31279,/content/drive/MyDrive/dataset/Orignal-Dataset/Mountain_Soil/62.jpg
Clay,5.59,31,23,29,51,Drip,80,Wheat,Millet,Groundnut,Medium,122,23,69,33477,/content/drive/MyDrive/dataset/Orignal-Dataset/Mountain_Soil/26.jpg
Silty,7.15,32,37,36,72,Drip,91,Groundnut,Soybean,Barley,Medium,61,27,62,27775,/content/drive/MyDrive/dataset/Orignal-Dataset/Mountain_Soil/198.jpg
Sandy,7.13,52,35,50,80,Drip,57,Barley,Groundnut,Maize,High,116,34,43,67206,/content/drive/MyDrive/dataset/Orignal-Dataset/Mountain_Soil/19.jpg
Loamy,6.31,35,29,46,73,Sprinkler,53,Barley,Groundnut,Wheat,Medium,182,23,62,60620,/content/drive/MyDrive/dataset/Orignal-Dataset/Mountain_Soil/28.jpg
Silty,5.84,34,35,23,66,Flood,82,Cotton,Wheat,Sugarcane,High,81,33,90,34090,/content/drive/MyDrive/dataset/Orignal-Dataset/Mountain_Soil/31.jpg
Silty,5.54,35,16,29,62,Flood,56,Wheat,Wheat,Vegetables,High,152,24,80,64074,/content/drive/MyDrive/dataset/Orignal-Dataset/Mountain_Soil/195.jpg
Clay,6.79,40,40,22,32,Flood,65,Soybean,Cotton,Groundnut,Low,79,20,42,73342,/content/drive/MyDrive/dataset/Orignal-Dataset/Mountain_Soil/226.jpg
Silty,6.09,51,16,32,43,Sprinkler,79,Wheat,Millet,Soybean,Low,195,28,43,23624,/content/drive/MyDrive/dataset/Orignal-Dataset/Mountain_Soil/27.jpg
Sandy,6.77,38,40,29,65,Sprinkler,81,Soybean,Cotton,Sugarcane,Medium,60,29,84,74571,/content/drive/MyDrive/dataset/Orignal-Dataset/Mountain_Soil/52.jpg
Clay,6.89,55,23,36,69,Sprinkler,60,Sugarcane,Vegetables,Soybean,Medium,162,22,75,41057,/content/drive/MyDrive/dataset/Orignal-Dataset/Mountain_Soil/25.jpg
Clay,6.52,32,32,27,50,Flood,70,Soybean,Maize,Soybean,Low,97,30,89,63905,/content/drive/MyDrive/dataset/Orignal-Dataset/Mountain_Soil/66.jpg
Loamy,6.13,50,30,35,63,Flood,50,Sugarcane,Sugarcane,Groundnut,High,166,28,86,55403,/content/drive/MyDrive/dataset/Orignal-Dataset/Mountain_Soil/210.jpg
Silty,6.27,29,35,35,69,Flood,75,Rice,Rice,Maize,High,58,20,79,63215,/content/drive/MyDrive/dataset/Orignal-Dataset/Mountain_Soil/50.jpg
Sandy,5.77,36,16,28,80,Flood,59,Groundnut,Sugarcane,Soybean,High,129,28,53,25128,/content/drive/MyDrive/dataset/Orignal-Dataset/Mountain_Soil/45.jpg
Silty,6.07,41,23,22,76,Sprinkler,88,Maize,Vegetables,Millet,Medium,64,30,67,34062,/content/drive/MyDrive/dataset/Orignal-Dataset/Mountain_Soil/71c.jpg
Silty,5.54,56,25,49,66,Flood,81,Soybean,Sugarcane,Maize,High,133,34,81,58155,/content/drive/MyDrive/dataset/Orignal-Dataset/Mountain_Soil/29.jpg
Loamy,6.06,24,39,26,74,Drip,87,Wheat,Barley,Cotton,High,198,34,89,48735,/content/drive/MyDrive/dataset/Orignal-Dataset/Mountain_Soil/56.jpg
Clay,6.53,25,31,48,77,Flood,59,Millet,Soybean,Wheat,Medium,146,33,74,21173,/content/drive/MyDrive/dataset/Orignal-Dataset/Mountain_Soil/4.jpg
Loamy,5.58,60,31,41,54,Sprinkler,76,Cotton,Vegetables,Maize,Medium,199,32,76,35840,/content/drive/MyDrive/dataset/Orignal-Dataset/Mountain_Soil/219.jpg
Silty,6.57,33,39,41,76,Sprinkler,52,Barley,Rice,Millet,Medium,91,29,48,77270,/content/drive/MyDrive/dataset/Orignal-Dataset/Mountain_Soil/20.jpg
Silty,6.63,53,26,22,68,Flood,88,Maize,Wheat,Wheat,Low,95,34,90,40836,/content/drive/MyDrive/dataset/Orignal-Dataset/Mountain_Soil/216.jpg
Clay,6.12,40,30,44,33,Flood,92,Soybean,Sugarcane,Vegetables,Medium,198,20,67,31629,/content/drive/MyDrive/dataset/Orignal-Dataset/Mountain_Soil/5.jpg
Clay,6.71,56,26,38,38,Flood,95,Cotton,Cotton,Soybean,Medium,124,31,69,79593,/content/drive/MyDrive/dataset/Orignal-Dataset/Mountain_Soil/35.jpg
Sandy,6.16,52,28,42,45,Drip,73,Groundnut,Vegetables,Rice,High,94,26,66,29110,/content/drive/MyDrive/dataset/Orignal-Dataset/Mountain_Soil/207.jpg
Silty,6.56,40,22,48,55,Sprinkler,57,Groundnut,Cotton,Vegetables,Low,192,34,80,42574,/content/drive/MyDrive/dataset/Orignal-Dataset/Mountain_Soil/78.jpg
Sandy,7.22,28,21,43,44,Drip,61,Rice,Sugarcane,Barley,High,87,26,77,36715,/content/drive/MyDrive/dataset/Orignal-Dataset/Mountain_Soil/165.jpg
Sandy,6.89,48,28,30,51,Flood,55,Cotton,Maize,Wheat,Medium,157,20,84,69591,/content/drive/MyDrive/dataset/Orignal-Dataset/Mountain_Soil/177b.jpg
Clay,6.74,21,27,26,64,Flood,56,Soybean,Cotton,Barley,Low,103,33,45,32418,/content/drive/MyDrive/dataset/Orignal-Dataset/Mountain_Soil/23.jpg
Silty,5.64,22,31,20,36,Drip,58,Millet,Maize,Vegetables,Medium,105,21,71,63561,/content/drive/MyDrive/dataset/Orignal-Dataset/Mountain_Soil/71b.jpg
Loamy,6.5,39,24,25,38,Sprinkler,82,Groundnut,Cotton,Rice,Medium,52,20,60,57315,/content/drive/MyDrive/dataset/Orignal-Dataset/Mountain_Soil/177.jpg
Clay,7.06,34,25,41,52,Sprinkler,72,Maize,Millet,Groundnut,Medium,97,21,46,49378,/content/drive/MyDrive/dataset/Orignal-Dataset/Mountain_Soil/168.jpg
Sandy,5.58,22,19,27,75,Sprinkler,82,Wheat,Rice,Millet,High,129,31,87,27269,/content/drive/MyDrive/dataset/Orignal-Dataset/Mountain_Soil/213.jpg
Loamy,7.48,29,38,38,67,Drip,77,Groundnut,Millet,Millet,Medium,195,27,68,74193,/content/drive/MyDrive/dataset/Orignal-Dataset/Mountain_Soil/174.jpg
Sandy,5.81,60,26,44,35,Sprinkler,89,Vegetables,Cotton,Vegetables,Low,67,25,86,59702,/content/drive/MyDrive/dataset/Orignal-Dataset/Mountain_Soil/172.jpg
Silty,7.44,25,32,49,42,Drip,54,Barley,Sugarcane,Maize,Medium,153,29,87,37943,/content/drive/MyDrive/dataset/Orignal-Dataset/Mountain_Soil/65.jpg
Sandy,5.83,59,27,24,40,Flood,53,Rice,Sugarcane,Vegetables,High,119,26,57,53905,/content/drive/MyDrive/dataset/Orignal-Dataset/Mountain_Soil/214.jpg
Silty,7.13,35,33,22,66,Sprinkler,85,Soybean,Rice,Groundnut,Medium,156,35,78,30049,/content/drive/MyDrive/dataset/Orignal-Dataset/Mountain_Soil/72.jpg
Sandy,7.2,45,38,49,78,Drip,50,Rice,Groundnut,Rice,Medium,191,27,43,43168,/content/drive/MyDrive/dataset/Orignal-Dataset/Mountain_Soil/58.jpg
Loamy,6.01,30,30,24,45,Drip,85,Cotton,Wheat,Sugarcane,High,65,32,81,72802,/content/drive/MyDrive/dataset/Orignal-Dataset/Mountain_Soil/87a.jpg
Loamy,7.24,51,16,38,51,Flood,62,Sugarcane,Millet,Rice,Medium,199,32,49,23734,/content/drive/MyDrive/dataset/Orignal-Dataset/Mountain_Soil/95.jpg
Loamy,6.93,25,32,31,60,Sprinkler,60,Maize,Soybean,Groundnut,Low,126,28,54,36438,/content/drive/MyDrive/dataset/Orignal-Dataset/Mountain_Soil/91.jpg
Sandy,6.26,28,36,38,46,Sprinkler,61,Rice,Vegetables,Cotton,Medium,53,26,82,49555,/content/drive/MyDrive/dataset/Orignal-Dataset/Mountain_Soil/97a.jpg
Sandy,6.76,58,38,39,38,Sprinkler,61,Sugarcane,Millet,Millet,Medium,62,21,68,30779,/content/drive/MyDrive/dataset/Orignal-Dataset/Mountain_Soil/84.jpg
Clay,6.25,53,20,33,50,Drip,54,Soybean,Cotton,Soybean,Low,109,27,68,23000,/content/drive/MyDrive/dataset/Orignal-Dataset/Mountain_Soil/95a.jpg
Loamy,5.7,41,15,32,63,Flood,84,Cotton,Vegetables,Vegetables,Medium,118,31,90,20003,/content/drive/MyDrive/dataset/Orignal-Dataset/Mountain_Soil/81.jpg
Loamy,6.59,43,20,47,34,Drip,61,Wheat,Groundnut,Millet,Low,180,23,82,36651,/content/drive/MyDrive/dataset/Orignal-Dataset/Mountain_Soil/9.jpg
Loamy,6.62,53,39,50,54,Sprinkler,84,Millet,Groundnut,Barley,Low,90,23,88,65391,/content/drive/MyDrive/dataset/Orignal-Dataset/Mountain_Soil/89.jpg
Clay,6.53,33,22,21,76,Drip,63,Sugarcane,Barley,Soybean,Low,179,30,69,76961,/content/drive/MyDrive/dataset/Orignal-Dataset/Mountain_Soil/82.jpg
Clay,7.48,55,28,50,66,Drip,62,Millet,Cotton,Barley,Medium,177,20,51,55748,/content/drive/MyDrive/dataset/Orignal-Dataset/Mountain_Soil/92.jpg
Loamy,6.01,52,20,29,30,Drip,89,Maize,Maize,Rice,Medium,77,25,86,30253,/content/drive/MyDrive/dataset/Orignal-Dataset/Mountain_Soil/96.jpg
Loamy,5.67,43,38,43,47,Drip,93,Millet,Vegetables,Sugarcane,Medium,83,30,88,34675,/content/drive/MyDrive/dataset/Orignal-Dataset/Mountain_Soil/85.jpg
Silty,6.07,50,33,33,80,Sprinkler,62,Groundnut,Groundnut,Groundnut,Low,57,31,42,78975,/content/drive/MyDrive/dataset/Orignal-Dataset/Mountain_Soil/97.jpg
Clay,7.31,49,32,41,77,Sprinkler,54,Barley,Wheat,Sugarcane,High,185,29,40,36799,/content/drive/MyDrive/dataset/Orignal-Dataset/Mountain_Soil/86.jpg
Sandy,6.74,56,40,40,79,Drip,69,Cotton,Vegetables,Soybean,High,141,31,88,78501,/content/drive/MyDrive/dataset/Orignal-Dataset/Mountain_Soil/87.jpg
Silty,7.34,52,30,50,47,Drip,72,Rice,Soybean,Groundnut,Low,156,28,60,37200,/content/drive/MyDrive/dataset/Orignal-Dataset/Mountain_Soil/99.jpg
Clay,5.75,44,28,28,36,Drip,90,Soybean,Cotton,Wheat,High,175,31,64,69391,/content/drive/MyDrive/dataset/Orignal-Dataset/Mountain_Soil/80.jpg
Clay,6.1,33,36,44,61,Drip,61,Cotton,Millet,Wheat,Low,200,24,72,71366,/content/drive/MyDrive/dataset/Orignal-Dataset/Mountain_Soil/83.jpg
Sandy,7.14,43,25,47,76,Sprinkler,69,Soybean,Soybean,Sugarcane,High,193,29,50,33048,/content/drive/MyDrive/dataset/Orignal-Dataset/Mountain_Soil/98.jpg
Clay,6.5,40,21,38,68,Sprinkler,66,Soybean,Millet,Vegetables,Medium,64,33,87,78136,/content/drive/MyDrive/dataset/Orignal-Dataset/Mountain_Soil/88.jpg
Clay,6.96,48,17,34,44,Flood,67,Barley,Barley,Rice,Low,87,32,80,62777,/content/drive/MyDrive/dataset/Orignal-Dataset/Red_Soil/43.jpg
Silty,6.53,45,17,28,30,Sprinkler,72,Vegetables,Sugarcane,Vegetables,Medium,103,28,64,32922,/content/drive/MyDrive/dataset/Orignal-Dataset/Red_Soil/57.jpg
Loamy,6.38,21,30,34,60,Sprinkler,80,Wheat,Barley,Cotton,Low,122,30,64,79538,/content/drive/MyDrive/dataset/Orignal-Dataset/Red_Soil/77.jpg
Loamy,7.46,30,26,34,49,Drip,93,Vegetables,Soybean,Groundnut,Low,68,29,43,61480,/content/drive/MyDrive/dataset/Orignal-Dataset/Red_Soil/33.jpg
Clay,6.2,49,15,49,55,Drip,84,Soybean,Millet,Maize,Low,98,21,90,77958,/content/drive/MyDrive/dataset/Orignal-Dataset/Red_Soil/28a.jpg
Silty,7.33,30,32,40,64,Flood,64,Groundnut,Soybean,Millet,High,114,21,55,47200,/content/drive/MyDrive/dataset/Orignal-Dataset/Red_Soil/18c.jpg
Loamy,5.79,28,31,35,67,Sprinkler,91,Maize,Wheat,Sugarcane,High,115,27,41,50843,/content/drive/MyDrive/dataset/Orignal-Dataset/Red_Soil/18a.jpg
Silty,7.03,25,25,22,61,Sprinkler,68,Wheat,Groundnut,Maize,High,164,27,46,74124,/content/drive/MyDrive/dataset/Orignal-Dataset/Red_Soil/55.jpg
Sandy,6.6,52,38,36,63,Sprinkler,78,Sugarcane,Sugarcane,Sugarcane,High,175,21,74,32584,/content/drive/MyDrive/dataset/Orignal-Dataset/Red_Soil/37.jpg
Sandy,5.52,49,31,30,41,Sprinkler,75,Barley,Vegetables,Sugarcane,Medium,107,27,41,61642,/content/drive/MyDrive/dataset/Orignal-Dataset/Red_Soil/71.jpg
Sandy,6.93,50,22,27,30,Drip,52,Maize,Sugarcane,Wheat,Medium,62,29,56,41088,/content/drive/MyDrive/dataset/Orignal-Dataset/Red_Soil/65a.jpg
Clay,6.52,58,31,22,72,Sprinkler,57,Millet,Millet,Groundnut,High,77,28,81,27311,/content/drive/MyDrive/dataset/Orignal-Dataset/Red_Soil/66.jpg
Clay,7.07,51,25,38,39,Drip,81,Rice,Sugarcane,Barley,High,70,30,86,46720,/content/drive/MyDrive/dataset/Orignal-Dataset/Red_Soil/83.jpg
Silty,7.48,40,38,47,61,Sprinkler,78,Sugarcane,Soybean,Cotton,Medium,199,23,55,49726,/content/drive/MyDrive/dataset/Orignal-Dataset/Red_Soil/80.jpg
Silty,5.84,20,21,28,73,Drip,73,Cotton,Groundnut,Cotton,Low,93,29,50,60246,/content/drive/MyDrive/dataset/Orignal-Dataset/Red_Soil/47.jpg
Silty,5.51,47,35,39,37,Drip,83,Maize,Barley,Groundnut,Medium,52,32,77,22144,/content/drive/MyDrive/dataset/Orignal-Dataset/Red_Soil/56.jpg
Silty,6.57,26,31,37,72,Flood,84,Wheat,Wheat,Millet,High,152,35,71,38313,/content/drive/MyDrive/dataset/Orignal-Dataset/Red_Soil/31a.jpg
Clay,7.35,52,27,26,55,Flood,78,Maize,Groundnut,Groundnut,Medium,119,29,59,24884,/content/drive/MyDrive/dataset/Orignal-Dataset/Red_Soil/66a.jpg
Clay,6.18,56,35,38,31,Flood,75,Wheat,Maize,Millet,High,79,24,59,52327,/content/drive/MyDrive/dataset/Orignal-Dataset/Red_Soil/2a.jpg
Silty,6.28,38,31,39,46,Flood,80,Wheat,Vegetables,Maize,High,177,21,57,71608,/content/drive/MyDrive/dataset/Orignal-Dataset/Red_Soil/78.jpg
Silty,6.97,51,27,43,41,Drip,76,Groundnut,Millet,Groundnut,Low,72,33,74,51615,/content/drive/MyDrive/dataset/Orignal-Dataset/Red_Soil/85.jpg
Loamy,7.23,40,34,39,73,Flood,59,Maize,Wheat,Soybean,High,173,28,60,78042,/content/drive/MyDrive/dataset/Orignal-Dataset/Red_Soil/4.jpg
Loamy,6.76,23,28,29,39,Sprinkler,77,Maize,Soybean,Barley,Low,58,32,59,73438,/content/drive/MyDrive/dataset/Orignal-Dataset/Red_Soil/18.jpg
Sandy,5.94,41,27,50,40,Flood,81,Sugarcane,Millet,Barley,Low,131,28,52,79991,/content/drive/MyDrive/dataset/Orignal-Dataset/Red_Soil/5.jpg
Sandy,7.18,20,16,31,75,Drip,90,Cotton,Rice,Sugarcane,Low,99,34,58,66790,/content/drive/MyDrive/dataset/Orignal-Dataset/Red_Soil/11.jpg
Sandy,6.86,26,38,50,61,Drip,65,Millet,Vegetables,Groundnut,Low,92,30,88,31090,/content/drive/MyDrive/dataset/Orignal-Dataset/Red_Soil/81.jpg
Loamy,6.57,52,23,45,42,Flood,92,Vegetables,Cotton,Vegetables,Medium,107,20,49,51246,/content/drive/MyDrive/dataset/Orignal-Dataset/Red_Soil/48.jpg
Sandy,5.51,42,40,50,46,Drip,63,Soybean,Groundnut,Rice,High,187,20,40,41996,/content/drive/MyDrive/dataset/Orignal-Dataset/Red_Soil/63.jpg
Silty,6.88,43,32,44,61,Flood,70,Rice,Vegetables,Cotton,High,189,34,67,77004,/content/drive/MyDrive/dataset/Orignal-Dataset/Red_Soil/76.jpg
Loamy,7.14,53,21,46,56,Drip,64,Rice,Millet,Wheat,High,74,25,44,55292,/content/drive/MyDrive/dataset/Orignal-Dataset/Red_Soil/45.jpg
Clay,6.02,30,25,23,36,Sprinkler,92,Millet,Barley,Rice,High,67,25,54,58140,/content/drive/MyDrive/dataset/Orignal-Dataset/Red_Soil/80b.jpg
Sandy,5.73,46,19,38,47,Flood,76,Cotton,Barley,Vegetables,Low,127,25,41,30750,/content/drive/MyDrive/dataset/Orignal-Dataset/Red_Soil/62a.jpg
Clay,7.48,38,22,25,63,Drip,77,Cotton,Sugarcane,Cotton,Low,134,27,80,56690,/content/drive/MyDrive/dataset/Orignal-Dataset/Red_Soil/68.jpg
Sandy,6.59,38,31,34,71,Flood,72,Soybean,Soybean,Rice,Medium,89,34,54,54482,/content/drive/MyDrive/dataset/Orignal-Dataset/Red_Soil/53.jpg
Clay,6.13,24,30,46,63,Drip,73,Rice,Sugarcane,Maize,Medium,124,21,49,21584,/content/drive/MyDrive/dataset/Orignal-Dataset/Red_Soil/29.jpg
Sandy,7.2,26,25,39,61,Sprinkler,87,Wheat,Millet,Rice,Low,103,32,77,20194,/content/drive/MyDrive/dataset/Orignal-Dataset/Red_Soil/23.jpg
Loamy,6.49,60,29,43,48,Drip,89,Soybean,Barley,Sugarcane,Low,131,33,49,65599,/content/drive/MyDrive/dataset/Orignal-Dataset/Red_Soil/54b.jpg
Silty,6.83,60,29,22,64,Drip,57,Rice,Rice,Rice,High,155,34,65,37066,/content/drive/MyDrive/dataset/Orignal-Dataset/Red_Soil/60.jpg
Silty,7.02,58,20,32,76,Sprinkler,85,Sugarcane,Cotton,Vegetables,Medium,162,30,76,40343,/content/drive/MyDrive/dataset/Orignal-Dataset/Red_Soil/18b.jpg
Sandy,6.76,40,21,39,75,Sprinkler,64,Barley,Cotton,Maize,High,159,22,51,20231,/content/drive/MyDrive/dataset/Orignal-Dataset/Red_Soil/62.jpg
Loamy,5.77,47,28,36,49,Sprinkler,69,Cotton,Soybean,Sugarcane,High,62,28,59,40614,/content/drive/MyDrive/dataset/Orignal-Dataset/Red_Soil/13a.jpg
Clay,5.57,20,32,25,67,Drip,65,Maize,Cotton,Maize,Low,159,21,89,57537,/content/drive/MyDrive/dataset/Orignal-Dataset/Red_Soil/41a.jpg
Silty,6.67,24,26,27,38,Drip,87,Groundnut,Barley,Millet,High,131,27,45,73299,/content/drive/MyDrive/dataset/Orignal-Dataset/Red_Soil/8.jpg
Silty,5.65,42,38,38,50,Sprinkler,86,Sugarcane,Barley,Sugarcane,High,79,26,84,64167,/content/drive/MyDrive/dataset/Orignal-Dataset/Red_Soil/4a.jpg
Clay,5.93,41,29,28,51,Sprinkler,57,Millet,Millet,Cotton,High,133,20,40,55279,/content/drive/MyDrive/dataset/Orignal-Dataset/Red_Soil/54a.jpg
Loamy,5.98,50,27,20,52,Drip,63,Maize,Maize,Wheat,Medium,157,22,51,50053,/content/drive/MyDrive/dataset/Orignal-Dataset/Red_Soil/16.jpg
Clay,5.86,58,30,24,71,Sprinkler,94,Vegetables,Maize,Soybean,High,68,33,43,54452,/content/drive/MyDrive/dataset/Orignal-Dataset/Red_Soil/7.jpg
Silty,6.77,36,20,31,61,Flood,63,Cotton,Sugarcane,Barley,Low,170,30,69,29451,/content/drive/MyDrive/dataset/Orignal-Dataset/Red_Soil/69.jpg
Clay,7.16,29,22,38,72,Drip,60,Rice,Groundnut,Rice,Medium,60,31,62,68186,/content/drive/MyDrive/dataset/Orignal-Dataset/Red_Soil/19.jpg
Sandy,6.57,56,29,21,66,Sprinkler,68,Barley,Vegetables,Millet,Medium,95,22,64,44309,/content/drive/MyDrive/dataset/Orignal-Dataset/Red_Soil/44.jpg
Sandy,5.69,26,22,44,38,Drip,69,Vegetables,Maize,Wheat,High,179,35,84,24774,/content/drive/MyDrive/dataset/Orignal-Dataset/Red_Soil/28.jpg
Sandy,6.63,39,15,43,59,Drip,62,Wheat,Rice,Cotton,Low,110,20,48,41046,/content/drive/MyDrive/dataset/Orignal-Dataset/Red_Soil/58.jpg
Sandy,6.88,38,26,22,42,Sprinkler,79,Wheat,Groundnut,Groundnut,High,79,25,48,23186,/content/drive/MyDrive/dataset/Orignal-Dataset/Red_Soil/67.jpg
Clay,5.84,59,33,20,69,Flood,77,Sugarcane,Vegetables,Groundnut,High,185,21,62,74585,/content/drive/MyDrive/dataset/Orignal-Dataset/Red_Soil/72.jpg
Silty,5.53,56,19,35,40,Flood,59,Vegetables,Cotton,Maize,Low,70,27,49,71655,/content/drive/MyDrive/dataset/Orignal-Dataset/Red_Soil/45a.jpg
Sandy,7.44,53,24,22,64,Flood,95,Groundnut,Groundnut,Cotton,Medium,89,27,72,76472,/content/drive/MyDrive/dataset/Orignal-Dataset/Red_Soil/22.jpg
Clay,6.42,46,33,40,74,Flood,62,Soybean,Barley,Wheat,Medium,134,27,77,68128,/content/drive/MyDrive/dataset/Orignal-Dataset/Red_Soil/61.jpg
Loamy,5.65,35,39,30,47,Sprinkler,67,Maize,Cotton,Wheat,Low,177,23,52,59763,/content/drive/MyDrive/dataset/Orignal-Dataset/Red_Soil/12.jpg
Loamy,6.25,40,23,26,44,Sprinkler,81,Vegetables,Millet,Rice,High,148,29,65,77788,/content/drive/MyDrive/dataset/Orignal-Dataset/Red_Soil/9.jpg
Loamy,5.73,58,24,36,66,Sprinkler,63,Groundnut,Millet,Groundnut,Low,122,20,72,60206,/content/drive/MyDrive/dataset/Orignal-Dataset/Red_Soil/54.jpg
Silty,5.66,23,36,39,52,Sprinkler,92,Sugarcane,Wheat,Barley,Low,152,21,48,67540,/content/drive/MyDrive/dataset/Orignal-Dataset/Red_Soil/6.jpg
Sandy,6.57,37,34,44,77,Sprinkler,83,Soybean,Vegetables,Wheat,Medium,103,21,44,75179,/content/drive/MyDrive/dataset/Orignal-Dataset/Red_Soil/32a.jpg
Silty,5.71,27,15,34,31,Sprinkler,71,Millet,Rice,Sugarcane,High,79,24,49,50118,/content/drive/MyDrive/dataset/Orignal-Dataset/Red_Soil/1a.jpg
Loamy,6.63,37,38,21,54,Sprinkler,59,Maize,Maize,Maize,Medium,121,35,54,50023,/content/drive/MyDrive/dataset/Orignal-Dataset/Red_Soil/59.jpg
Silty,5.91,40,38,43,58,Sprinkler,61,Groundnut,Cotton,Soybean,Medium,63,26,48,26591,/content/drive/MyDrive/dataset/Orignal-Dataset/Red_Soil/25.jpg
Silty,7.23,32,24,38,51,Sprinkler,54,Vegetables,Rice,Sugarcane,Low,103,33,85,69858,/content/drive/MyDrive/dataset/Orignal-Dataset/Red_Soil/20b.jpg
Sandy,7.09,39,32,39,36,Sprinkler,70,Wheat,Soybean,Barley,Medium,153,23,45,40707,/content/drive/MyDrive/dataset/Orignal-Dataset/Red_Soil/42.jpg
Clay,6.74,24,26,46,77,Drip,90,Rice,Cotton,Soybean,Medium,139,24,90,32027,/content/drive/MyDrive/dataset/Orignal-Dataset/Red_Soil/30.jpg
Clay,7.19,47,27,46,56,Sprinkler,62,Groundnut,Wheat,Vegetables,Medium,105,26,49,67901,/content/drive/MyDrive/dataset/Orignal-Dataset/Red_Soil/32.jpg
Sandy,5.64,45,32,22,34,Flood,80,Cotton,Rice,Millet,Low,191,26,46,49278,/content/drive/MyDrive/dataset/Orignal-Dataset/Red_Soil/31.jpg
Loamy,7.39,40,40,28,45,Drip,91,Wheat,Cotton,Rice,Low,74,34,90,67054,/content/drive/MyDrive/dataset/Orignal-Dataset/Red_Soil/24.jpg
Loamy,7.45,27,34,41,39,Drip,79,Sugarcane,Barley,Maize,Low,141,21,79,67072,/content/drive/MyDrive/dataset/Orignal-Dataset/Red_Soil/20c.jpg
Sandy,6.83,57,30,42,32,Sprinkler,63,Vegetables,Soybean,Groundnut,Low,116,30,66,52736,/content/drive/MyDrive/dataset/Orignal-Dataset/Red_Soil/3.jpg
Loamy,6.06,58,34,37,71,Flood,84,Vegetables,Wheat,Sugarcane,Medium,74,33,65,20328,/content/drive/MyDrive/dataset/Orignal-Dataset/Red_Soil/79.jpg
Sandy,6.56,40,37,44,36,Drip,92,Wheat,Vegetables,Barley,Low,130,25,58,78147,/content/drive/MyDrive/dataset/Orignal-Dataset/Red_Soil/13.jpg
Loamy,6.4,20,34,47,59,Flood,95,Millet,Soybean,Sugarcane,Medium,114,28,41,59741,/content/drive/MyDrive/dataset/Orignal-Dataset/Red_Soil/52.jpg
Sandy,6.2,32,22,26,72,Sprinkler,65,Cotton,Vegetables,Wheat,Medium,193,32,81,29123,/content/drive/MyDrive/dataset/Orignal-Dataset/Red_Soil/20a.jpg
Silty,6.95,35,22,29,56,Sprinkler,65,Barley,Maize,Sugarcane,Low,54,21,81,73752,/content/drive/MyDrive/dataset/Orignal-Dataset/Red_Soil/56a.jpg
Silty,7.39,35,37,39,59,Flood,55,Cotton,Groundnut,Vegetables,High,101,33,52,79094,/content/drive/MyDrive/dataset/Orignal-Dataset/Red_Soil/50.jpg
Silty,6.88,59,32,21,47,Flood,52,Soybean,Groundnut,Sugarcane,Low,74,34,41,51897,/content/drive/MyDrive/dataset/Orignal-Dataset/Red_Soil/73.jpg
Sandy,7.11,26,40,44,42,Sprinkler,87,Rice,Millet,Wheat,High,181,21,42,74683,/content/drive/MyDrive/dataset/Orignal-Dataset/Red_Soil/75.jpg
Sandy,6.33,21,39,35,33,Flood,86,Wheat,Maize,Soybean,High,179,20,49,50075,/content/drive/MyDrive/dataset/Orignal-Dataset/Red_Soil/84.jpg
Loamy,7.35,50,29,20,54,Drip,68,Sugarcane,Rice,Cotton,High,87,25,83,24628,/content/drive/MyDrive/dataset/Orignal-Dataset/Red_Soil/86.jpg
Clay,6.73,47,16,46,74,Flood,75,Millet,Sugarcane,Barley,Medium,185,22,48,76707,/content/drive/MyDrive/dataset/Orignal-Dataset/Red_Soil/39.jpg
Clay,6.66,27,33,29,62,Drip,81,Soybean,Wheat,Groundnut,High,173,27,81,55334,/content/drive/MyDrive/dataset/Orignal-Dataset/Red_Soil/49.jpg
Clay,5.67,44,25,24,80,Drip,80,Cotton,Cotton,Groundnut,High,75,21,67,61775,/content/drive/MyDrive/dataset/Orignal-Dataset/Red_Soil/70.jpg
Loamy,6.74,36,37,42,44,Sprinkler,78,Rice,Barley,Maize,Medium,167,33,87,31475,/content/drive/MyDrive/dataset/Orignal-Dataset/Red_Soil/34.jpg
Loamy,7.31,41,22,42,59,Drip,79,Millet,Barley,Rice,Medium,130,30,79,52414,/content/drive/MyDrive/dataset/Orignal-Dataset/Red_Soil/59a.jpg
Silty,6.4,43,31,39,79,Sprinkler,78,Cotton,Millet,Rice,Low,187,22,54,48631,/content/drive/MyDrive/dataset/Orignal-Dataset/Red_Soil/26.jpg
Loamy,7.44,43,16,27,30,Sprinkler,95,Barley,Barley,Maize,Low,198,23,55,37161,/content/drive/MyDrive/dataset/Orignal-Dataset/Red_Soil/2.jpg
Clay,6.74,55,17,46,41,Drip,58,Maize,Rice,Groundnut,Low,109,34,72,72420,/content/drive/MyDrive/dataset/Orignal-Dataset/Red_Soil/1.jpg
Silty,6.45,27,15,48,48,Sprinkler,70,Wheat,Vegetables,Vegetables,Low,50,20,90,37838,/content/drive/MyDrive/dataset/Orignal-Dataset/Red_Soil/82.jpg
Sandy,6.7,37,24,20,41,Drip,88,Cotton,Groundnut,Wheat,High,199,28,80,54863,/content/drive/MyDrive/dataset/Orignal-Dataset/Red_Soil/14.jpg
Silty,6.65,54,29,32,44,Sprinkler,87,Wheat,Cotton,Sugarcane,High,109,22,44,57194,/content/drive/MyDrive/dataset/Orignal-Dataset/Red_Soil/27.jpg
Clay,5.65,32,36,34,45,Sprinkler,73,Cotton,Wheat,Millet,Low,167,35,80,30876,/content/drive/MyDrive/dataset/Orignal-Dataset/Red_Soil/38.jpg
Loamy,7.35,34,24,43,46,Flood,65,Wheat,Millet,Vegetables,High,120,27,88,78483,/content/drive/MyDrive/dataset/Orignal-Dataset/Red_Soil/21.jpg
Clay,6.07,35,16,34,42,Flood,75,Barley,Wheat,Groundnut,High,176,27,44,60329,/content/drive/MyDrive/dataset/Orignal-Dataset/Red_Soil/36.jpg
Silty,5.71,57,16,49,43,Sprinkler,62,Rice,Groundnut,Wheat,Low,144,32,66,46662,/content/drive/MyDrive/dataset/Orignal-Dataset/Red_Soil/20.jpg
Clay,7.05,43,20,41,42,Sprinkler,83,Groundnut,Barley,Groundnut,High,63,32,61,48761,/content/drive/MyDrive/dataset/Orignal-Dataset/Red_Soil/17.jpg
Clay,6.81,43,20,27,73,Drip,73,Wheat,Wheat,Rice,High,180,23,59,54329,/content/drive/MyDrive/dataset/Orignal-Dataset/Red_Soil/61a.jpg
Clay,6.42,24,21,24,59,Flood,80,Soybean,Cotton,Wheat,Low,164,22,56,72033,/content/drive/MyDrive/dataset/Orignal-Dataset/Red_Soil/41.jpg
Sandy,6.97,37,30,31,37,Sprinkler,95,Barley,Vegetables,Wheat,Medium,68,28,87,54192,/content/drive/MyDrive/dataset/Orignal-Dataset/Red_Soil/15.jpg
Sandy,7.17,47,39,45,80,Sprinkler,82,Cotton,Millet,Vegetables,Low,59,23,40,39807,/content/drive/MyDrive/dataset/Orignal-Dataset/Red_Soil/64.jpg
Sandy,6.74,50,31,30,44,Flood,74,Cotton,Vegetables,Cotton,Low,95,26,68,43125,/content/drive/MyDrive/dataset/Orignal-Dataset/Red_Soil/35.jpg
Loamy,5.61,52,27,46,64,Flood,57,Groundnut,Cotton,Rice,High,67,33,85,56088,/content/drive/MyDrive/dataset/Orignal-Dataset/Red_Soil/74.jpg
Clay,6.03,31,20,40,66,Sprinkler,64,Sugarcane,Barley,Maize,Low,58,27,68,45041,/content/drive/MyDrive/dataset/Orignal-Dataset/Red_Soil/51.jpg
Silty,6.4,38,16,43,59,Flood,90,Maize,Barley,Groundnut,Medium,118,27,52,24083,/content/drive/MyDrive/dataset/Orignal-Dataset/Red_Soil/80a.jpg
Loamy,5.95,21,21,47,60,Sprinkler,69,Millet,Rice,Sugarcane,Medium,188,23,67,69630,/content/drive/MyDrive/dataset/Orignal-Dataset/Red_Soil/65.jpg
Silty,7.16,30,28,28,40,Sprinkler,81,Vegetables,Vegetables,Vegetables,High,59,32,46,28481,/content/drive/MyDrive/dataset/Orignal-Dataset/Red_Soil/41c.jpeg
Silty,7.3,33,33,24,64,Sprinkler,76,Millet,Groundnut,Barley,Medium,70,30,53,66614,/content/drive/MyDrive/dataset/Orignal-Dataset/Yellow_Soil/41.jpg
Clay,6.0,35,23,25,57,Sprinkler,91,Soybean,Vegetables,Millet,Medium,160,25,47,53728,/content/drive/MyDrive/dataset/Orignal-Dataset/Yellow_Soil/213a.jpg
Clay,6.71,43,27,45,34,Drip,68,Sugarcane,Rice,Soybean,Low,139,25,43,21231,/content/drive/MyDrive/dataset/Orignal-Dataset/Yellow_Soil/54.jpg
Loamy,7.38,23,33,34,68,Flood,82,Soybean,Soybean,Soybean,Medium,191,22,77,73801,/content/drive/MyDrive/dataset/Orignal-Dataset/Yellow_Soil/42.jpg
Clay,6.27,33,21,26,58,Flood,57,Rice,Maize,Rice,Low,199,26,66,70741,/content/drive/MyDrive/dataset/Orignal-Dataset/Yellow_Soil/22b.jpg
Sandy,6.29,48,38,35,72,Sprinkler,66,Groundnut,Sugarcane,Maize,Low,92,31,60,25191,/content/drive/MyDrive/dataset/Orignal-Dataset/Yellow_Soil/23.jpg
Silty,6.41,42,25,47,69,Flood,71,Rice,Rice,Groundnut,Low,94,31,60,30969,/content/drive/MyDrive/dataset/Orignal-Dataset/Yellow_Soil/22.jpg
Clay,7.21,44,15,28,51,Drip,74,Vegetables,Wheat,Millet,Low,116,27,90,51366,/content/drive/MyDrive/dataset/Orignal-Dataset/Yellow_Soil/46.jpg
Loamy,6.3,35,25,43,43,Flood,80,Millet,Maize,Wheat,Low,192,28,80,71403,/content/drive/MyDrive/dataset/Orignal-Dataset/Yellow_Soil/213b.jpg
Silty,6.12,57,26,48,44,Sprinkler,83,Soybean,Millet,Cotton,High,173,25,69,40040,/content/drive/MyDrive/dataset/Orignal-Dataset/Yellow_Soil/41e.jpg
Clay,6.69,53,37,50,41,Sprinkler,69,Barley,Maize,Rice,Low,161,25,74,62658,/content/drive/MyDrive/dataset/Orignal-Dataset/Yellow_Soil/36.jpg
Loamy,7.16,36,29,25,72,Sprinkler,58,Cotton,Millet,Millet,Medium,141,26,73,67490,/content/drive/MyDrive/dataset/Orignal-Dataset/Yellow_Soil/33.jpg
Loamy,6.29,49,37,23,41,Sprinkler,69,Millet,Cotton,Maize,High,57,25,78,63903,/content/drive/MyDrive/dataset/Orignal-Dataset/Yellow_Soil/85.jpg
Loamy,5.87,23,36,27,45,Flood,88,Soybean,Groundnut,Wheat,High,170,31,67,27932,/content/drive/MyDrive/dataset/Orignal-Dataset/Yellow_Soil/10.jpg
Loamy,7.39,57,26,49,65,Drip,92,Cotton,Maize,Maize,Medium,156,21,69,59676,/content/drive/MyDrive/dataset/Orignal-Dataset/Yellow_Soil/41b.jpg
Clay,7.14,44,15,24,70,Drip,95,Maize,Soybean,Groundnut,Medium,152,21,64,64552,/content/drive/MyDrive/dataset/Orignal-Dataset/Yellow_Soil/56.jpg
Sandy,6.54,21,37,36,33,Flood,70,Groundnut,Barley,Sugarcane,Medium,147,23,68,45073,/content/drive/MyDrive/dataset/Orignal-Dataset/Yellow_Soil/81a.jpg
Loamy,5.93,40,27,26,30,Flood,84,Sugarcane,Wheat,Cotton,Medium,130,34,86,65658,/content/drive/MyDrive/dataset/Orignal-Dataset/Yellow_Soil/16.jpg
Silty,6.44,38,28,47,68,Sprinkler,74,Cotton,Soybean,Cotton,Low,61,23,87,43802,/content/drive/MyDrive/dataset/Orignal-Dataset/Yellow_Soil/43.jpg
Loamy,6.25,25,15,47,69,Flood,77,Cotton,Groundnut,Rice,High,51,34,58,74628,/content/drive/MyDrive/dataset/Orignal-Dataset/Yellow_Soil/39.jpg
Loamy,6.71,56,23,22,77,Flood,95,Cotton,Vegetables,Millet,Low,56,25,62,57185,/content/drive/MyDrive/dataset/Orignal-Dataset/Yellow_Soil/35.jpg
Silty,7.34,38,40,36,50,Sprinkler,87,Sugarcane,Millet,Wheat,Low,86,33,43,78484,/content/drive/MyDrive/dataset/Orignal-Dataset/Yellow_Soil/2.jpg
Loamy,6.55,38,25,43,57,Flood,92,Vegetables,Millet,Wheat,Medium,186,28,45,54005,/content/drive/MyDrive/dataset/Orignal-Dataset/Yellow_Soil/24.jpg
Silty,7.03,47,35,22,34,Drip,84,Wheat,Rice,Cotton,Low,196,29,41,32453,/content/drive/MyDrive/dataset/Orignal-Dataset/Yellow_Soil/34.jpg
Clay,5.85,45,21,45,79,Flood,66,Vegetables,Wheat,Maize,Low,125,35,87,43390,/content/drive/MyDrive/dataset/Orignal-Dataset/Yellow_Soil/40.jpg
Sandy,5.7,30,37,35,54,Drip,77,Sugarcane,Cotton,Rice,Low,178,27,69,42507,/content/drive/MyDrive/dataset/Orignal-Dataset/Yellow_Soil/7.jpg
Silty,6.54,23,39,32,64,Sprinkler,57,Millet,Maize,Soybean,Medium,62,26,61,48842,/content/drive/MyDrive/dataset/Orignal-Dataset/Yellow_Soil/17.jpg
Loamy,6.48,30,19,49,63,Drip,55,Wheat,Cotton,Groundnut,Low,125,27,82,62392,/content/drive/MyDrive/dataset/Orignal-Dataset/Yellow_Soil/41d.jpg
Clay,5.81,37,34,46,42,Drip,94,Cotton,Sugarcane,Groundnut,Medium,159,21,74,75440,/content/drive/MyDrive/dataset/Orignal-Dataset/Yellow_Soil/61.jpg
Silty,5.86,40,26,33,80,Flood,67,Groundnut,Soybean,Cotton,Low,62,31,64,24925,/content/drive/MyDrive/dataset/Orignal-Dataset/Yellow_Soil/1.jpg
Clay,5.81,60,16,27,53,Drip,95,Cotton,Sugarcane,Millet,High,105,33,78,57151,/content/drive/MyDrive/dataset/Orignal-Dataset/Yellow_Soil/62.jpg
Silty,6.44,41,23,39,66,Drip,75,Millet,Cotton,Cotton,High,105,35,74,75058,/content/drive/MyDrive/dataset/Orignal-Dataset/Yellow_Soil/11.jpg
Silty,6.93,36,31,46,53,Drip,74,Cotton,Soybean,Cotton,Medium,106,35,76,54759,/content/drive/MyDrive/dataset/Orignal-Dataset/Yellow_Soil/213.jpg
Sandy,6.63,38,39,48,46,Flood,62,Millet,Soybean,Soybean,High,55,34,60,66246,/content/drive/MyDrive/dataset/Orignal-Dataset/Yellow_Soil/21a.jpg
Sandy,6.29,26,37,30,68,Drip,51,Wheat,Maize,Cotton,Medium,102,20,85,74056,/content/drive/MyDrive/dataset/Orignal-Dataset/Yellow_Soil/59.jpg
Sandy,6.76,45,18,38,45,Flood,52,Cotton,Millet,Groundnut,Medium,104,22,48,23091,/content/drive/MyDrive/dataset/Orignal-Dataset/Yellow_Soil/67.jpg
Loamy,6.27,36,17,22,73,Flood,73,Vegetables,Rice,Maize,High,133,20,66,78176,/content/drive/MyDrive/dataset/Orignal-Dataset/Yellow_Soil/30.jpg
Clay,6.91,32,34,32,41,Drip,88,Vegetables,Groundnut,Vegetables,High,154,32,44,35922,/content/drive/MyDrive/dataset/Orignal-Dataset/Yellow_Soil/81.jpg
Sandy,7.18,46,36,28,42,Flood,66,Sugarcane,Barley,Maize,Low,153,27,63,23204,/content/drive/MyDrive/dataset/Orignal-Dataset/Yellow_Soil/25a.jpg
Clay,6.22,46,18,39,59,Drip,70,Cotton,Sugarcane,Rice,High,184,28,76,57653,/content/drive/MyDrive/dataset/Orignal-Dataset/Yellow_Soil/82.jpg
Loamy,6.62,35,23,27,55,Flood,68,Sugarcane,Maize,Millet,High,55,32,64,27927,/content/drive/MyDrive/dataset/Orignal-Dataset/Yellow_Soil/83.jpg
Silty,5.64,55,26,37,46,Flood,88,Groundnut,Rice,Groundnut,Medium,62,33,48,37172,/content/drive/MyDrive/dataset/Orignal-Dataset/Yellow_Soil/41c.jpg
Silty,6.79,27,22,32,54,Drip,72,Soybean,Cotton,Millet,High,125,24,80,78432,/content/drive/MyDrive/dataset/Orignal-Dataset/Yellow_Soil/215.jpg
Sandy,6.17,39,20,43,37,Flood,80,Wheat,Vegetables,Groundnut,Low,56,30,57,58023,/content/drive/MyDrive/dataset/Orignal-Dataset/Yellow_Soil/37.jpg
Clay,6.23,48,32,50,32,Sprinkler,94,Vegetables,Soybean,Vegetables,Low,161,23,48,64087,/content/drive/MyDrive/dataset/Orignal-Dataset/Yellow_Soil/53.jpg
Sandy,7.36,51,30,40,39,Sprinkler,62,Rice,Cotton,Maize,Medium,51,23,67,42744,/content/drive/MyDrive/dataset/Orignal-Dataset/Yellow_Soil/81b.jpg
Clay,6.43,32,27,39,48,Flood,67,Vegetables,Maize,Rice,Medium,195,34,54,24956,/content/drive/MyDrive/dataset/Orignal-Dataset/Yellow_Soil/14.jpg
Clay,5.98,45,15,34,33,Drip,94,Wheat,Millet,Sugarcane,Low,134,35,83,47475,/content/drive/MyDrive/dataset/Orignal-Dataset/Yellow_Soil/19.jpg
Sandy,5.87,45,18,22,54,Flood,76,Rice,Millet,Wheat,Medium,75,26,44,77241,/content/drive/MyDrive/dataset/Orignal-Dataset/Yellow_Soil/45.jpg
Loamy,5.92,49,36,46,65,Drip,52,Groundnut,Millet,Cotton,Low,135,24,80,37610,/content/drive/MyDrive/dataset/Orignal-Dataset/Yellow_Soil/25.jpg
Clay,7.35,49,35,27,51,Sprinkler,65,Rice,Maize,Wheat,Medium,107,23,76,60130,/content/drive/MyDrive/dataset/Orignal-Dataset/Yellow_Soil/21.jpg
Clay,5.83,39,19,27,48,Flood,63,Cotton,Barley,Millet,Low,159,31,83,64797,/content/drive/MyDrive/dataset/Orignal-Dataset/Yellow_Soil/60.jpg
Clay,6.04,60,15,28,59,Flood,80,Vegetables,Sugarcane,Cotton,Low,141,26,56,76089,/content/drive/MyDrive/dataset/Orignal-Dataset/Yellow_Soil/12b.jpg
Loamy,5.79,29,15,30,52,Drip,73,Sugarcane,Maize,Rice,Medium,185,32,57,78597,/content/drive/MyDrive/dataset/Orignal-Dataset/Yellow_Soil/26.jpg
Silty,6.27,37,35,31,31,Drip,56,Barley,Millet,Maize,Medium,180,34,60,65777,/content/drive/MyDrive/dataset/Orignal-Dataset/Yellow_Soil/75.jpg
Loamy,7.3,24,16,45,69,Drip,88,Vegetables,Millet,Maize,Medium,121,26,79,23693,/content/drive/MyDrive/dataset/Orignal-Dataset/Yellow_Soil/4.jpg
Silty,6.74,42,20,44,64,Drip,69,Millet,Barley,Cotton,Low,124,35,65,47159,/content/drive/MyDrive/dataset/Orignal-Dataset/Yellow_Soil/9.jpg
Loamy,6.85,55,37,39,75,Sprinkler,79,Maize,Cotton,Vegetables,High,158,29,41,29768,/content/drive/MyDrive/dataset/Orignal-Dataset/Yellow_Soil/49.jpg
Silty,6.4,59,25,38,31,Flood,87,Groundnut,Wheat,Maize,Medium,173,25,69,32201,/content/drive/MyDrive/dataset/Orignal-Dataset/Yellow_Soil/81c.jpg
Sandy,6.32,39,20,24,53,Drip,91,Wheat,Rice,Sugarcane,Low,91,34,71,67871,/content/drive/MyDrive/dataset/Orignal-Dataset/Yellow_Soil/106.jpg
Loamy,6.68,37,38,35,36,Drip,90,Cotton,Maize,Vegetables,High,115,28,64,57252,/content/drive/MyDrive/dataset/Orignal-Dataset/Yellow_Soil/68.jpg
Loamy,6.09,49,21,21,46,Drip,72,Soybean,Barley,Millet,Medium,166,25,61,20342,/content/drive/MyDrive/dataset/Orignal-Dataset/Yellow_Soil/41a.jpg
Silty,6.95,24,33,41,43,Drip,77,Soybean,Millet,Maize,Medium,138,25,73,42816,/content/drive/MyDrive/dataset/Orignal-Dataset/Yellow_Soil/12a.jpg
Loamy,6.38,53,20,46,61,Sprinkler,70,Rice,Maize,Vegetables,High,112,32,49,25028,/content/drive/MyDrive/dataset/Orignal-Dataset/Yellow_Soil/12.jpg
Clay,5.85,52,17,23,34,Drip,68,Cotton,Groundnut,Rice,Low,109,24,41,20845,/content/drive/MyDrive/dataset/Orignal-Dataset/Yellow_Soil/6.jpg
Clay,6.68,55,29,20,69,Sprinkler,92,Groundnut,Maize,Groundnut,Medium,141,32,74,49280,/content/drive/MyDrive/dataset/Orignal-Dataset/Yellow_Soil/55.jpg
Sandy,7.39,22,34,45,49,Flood,51,Vegetables,Rice,Maize,High,160,28,87,75255,/content/drive/MyDrive/dataset/Orignal-Dataset/Yellow_Soil/27.jpg
Silty,5.66,36,35,47,54,Sprinkler,66,Maize,Groundnut,Groundnut,Medium,169,21,64,49903,/content/drive/MyDrive/dataset/Orignal-Dataset/Yellow_Soil/22a.jpg
Loamy,6.88,49,17,34,47,Sprinkler,54,Barley,Wheat,Maize,Medium,50,26,71,69072,/content/drive/MyDrive/dataset/Orignal-Dataset/Yellow_Soil/25b.jpg
Silty,6.54,39,24,42,58,Sprinkler,50,Soybean,Barley,Rice,Medium,52,24,61,64597,/content/drive/MyDrive/dataset/Orignal-Dataset/Black_Soil/102.jpg
Sandy,5.93,49,24,46,37,Flood,81,Millet,Soybean,Rice,Low,192,28,84,60675,/content/drive/MyDrive/dataset/Orignal-Dataset/Black_Soil/157.jpg
Loamy,6.06,56,31,32,49,Drip,93,Vegetables,Soybean,Soybean,Medium,123,23,76,72758,/content/drive/MyDrive/dataset/Orignal-Dataset/Black_Soil/134a.jpg
Loamy,7.02,56,32,44,79,Drip,74,Soybean,Cotton,Soybean,Low,157,24,82,64972,/content/drive/MyDrive/dataset/Orignal-Dataset/Black_Soil/13.jpg
Loamy,6.48,55,27,44,66,Flood,64,Barley,Maize,Wheat,Medium,121,27,67,78401,/content/drive/MyDrive/dataset/Orignal-Dataset/Black_Soil/150.jpg
Clay,6.63,45,36,42,38,Sprinkler,52,Vegetables,Groundnut,Millet,High,55,31,64,39224,/content/drive/MyDrive/dataset/Orignal-Dataset/Black_Soil/128c.jpg
Clay,6.47,22,16,36,38,Drip,74,Soybean,Soybean,Sugarcane,Medium,108,20,74,60070,/content/drive/MyDrive/dataset/Orignal-Dataset/Black_Soil/119.jpg
Loamy,6.81,40,38,32,62,Drip,82,Sugarcane,Groundnut,Cotton,High,135,29,44,75590,/content/drive/MyDrive/dataset/Orignal-Dataset/Black_Soil/125.jpg
Sandy,6.25,37,27,39,49,Sprinkler,50,Barley,Groundnut,Groundnut,High,127,29,83,42019,/content/drive/MyDrive/dataset/Orignal-Dataset/Black_Soil/174a.jpg
Sandy,6.93,58,27,49,75,Sprinkler,69,Sugarcane,Vegetables,Groundnut,High,174,25,76,58779,/content/drive/MyDrive/dataset/Orignal-Dataset/Black_Soil/18.jpg
Clay,6.51,24,17,46,34,Flood,50,Rice,Maize,Maize,Low,126,28,78,52052,/content/drive/MyDrive/dataset/Orignal-Dataset/Black_Soil/122.jpg
Silty,7.25,34,38,38,39,Flood,62,Cotton,Soybean,Cotton,High,68,23,69,75995,/content/drive/MyDrive/dataset/Orignal-Dataset/Black_Soil/169.jpg
Sandy,6.68,53,23,31,67,Sprinkler,74,Maize,Soybean,Millet,Low,178,35,66,40301,/content/drive/MyDrive/dataset/Orignal-Dataset/Black_Soil/135.jpg
Clay,7.37,49,32,26,48,Flood,84,Rice,Vegetables,Sugarcane,Medium,103,33,73,20884,/content/drive/MyDrive/dataset/Orignal-Dataset/Black_Soil/148.jpg
Clay,6.03,52,36,37,36,Flood,85,Millet,Sugarcane,Wheat,Medium,180,23,58,45311,/content/drive/MyDrive/dataset/Orignal-Dataset/Black_Soil/120.jpg
Clay,7.09,50,15,40,66,Sprinkler,78,Rice,Rice,Sugarcane,Medium,104,30,76,35413,/content/drive/MyDrive/dataset/Orignal-Dataset/Black_Soil/102a.jpg
Silty,7.17,53,39,40,35,Flood,56,Vegetables,Vegetables,Sugarcane,Low,174,22,59,23380,/content/drive/MyDrive/dataset/Orignal-Dataset/Black_Soil/164.jpg
Loamy,6.04,31,26,42,61,Flood,71,Barley,Maize,Sugarcane,Low,138,32,87,72647,/content/drive/MyDrive/dataset/Orignal-Dataset/Black_Soil/176a.jpg
Loamy,6.46,30,21,48,49,Sprinkler,82,Sugarcane,Wheat,Sugarcane,Medium,70,26,40,51256,/content/drive/MyDrive/dataset/Orignal-Dataset/Black_Soil/158.jpg
Silty,6.32,38,34,39,67,Flood,53,Millet,Sugarcane,Millet,High,59,25,78,65265,/content/drive/MyDrive/dataset/Orignal-Dataset/Black_Soil/133.jpg
Silty,6.17,29,40,36,79,Drip,79,Rice,Vegetables,Vegetables,High,170,23,84,58282,/content/drive/MyDrive/dataset/Orignal-Dataset/Black_Soil/147.jpg
Sandy,6.44,58,29,46,49,Drip,72,Cotton,Cotton,Millet,Low,130,23,84,21916,/content/drive/MyDrive/dataset/Orignal-Dataset/Black_Soil/167a.jpg
Silty,6.14,56,31,20,46,Sprinkler,86,Soybean,Soybean,Sugarcane,Low,169,26,46,74877,/content/drive/MyDrive/dataset/Orignal-Dataset/Black_Soil/146.jpg
Clay,7.25,45,31,27,40,Sprinkler,73,Groundnut,Barley,Sugarcane,Low,185,21,41,32287,/content/drive/MyDrive/dataset/Orignal-Dataset/Black_Soil/162.jpg
Loamy,6.8,44,35,27,73,Drip,77,Cotton,Soybean,Soybean,Low,141,28,78,52720,/content/drive/MyDrive/dataset/Orignal-Dataset/Black_Soil/130.jpg
Silty,6.67,29,15,48,60,Drip,55,Soybean,Soybean,Barley,Low,154,29,87,53416,/content/drive/MyDrive/dataset/Orignal-Dataset/Black_Soil/104a.jpg
Loamy,6.51,20,20,29,63,Drip,51,Barley,Wheat,Wheat,High,71,32,71,67473,/content/drive/MyDrive/dataset/Orignal-Dataset/Black_Soil/155.jpg
Silty,5.88,44,32,22,65,Drip,82,Wheat,Vegetables,Sugarcane,Medium,57,24,60,67291,/content/drive/MyDrive/dataset/Orignal-Dataset/Black_Soil/100.jpg
Loamy,7.09,48,21,21,57,Sprinkler,67,Barley,Wheat,Soybean,Medium,110,25,85,29196,/content/drive/MyDrive/dataset/Orignal-Dataset/Black_Soil/127.jpg
Silty,6.46,59,35,35,32,Sprinkler,60,Vegetables,Maize,Wheat,Low,70,21,51,63198,/content/drive/MyDrive/dataset/Orignal-Dataset/Black_Soil/10.jpg
Clay,6.18,60,35,34,45,Sprinkler,93,Wheat,Millet,Vegetables,High,159,23,67,53785,/content/drive/MyDrive/dataset/Orignal-Dataset/Black_Soil/140a.jpg
Clay,6.46,59,20,48,37,Sprinkler,79,Groundnut,Groundnut,Groundnut,Low,192,21,53,27948,/content/drive/MyDrive/dataset/Orignal-Dataset/Black_Soil/153.jpg
Sandy,5.86,50,40,28,69,Drip,67,Groundnut,Cotton,Vegetables,High,124,25,67,28785,/content/drive/MyDrive/dataset/Orignal-Dataset/Black_Soil/132.jpg
Clay,6.97,24,19,32,56,Drip,72,Millet,Cotton,Vegetables,Medium,181,33,60,41901,/content/drive/MyDrive/dataset/Orignal-Dataset/Black_Soil/114.jpg
Loamy,5.65,34,35,43,66,Sprinkler,76,Barley,Wheat,Soybean,Low,66,22,84,36626,/content/drive/MyDrive/dataset/Orignal-Dataset/Black_Soil/171.jpg
Loamy,6.06,49,34,23,65,Sprinkler,59,Maize,Sugarcane,Cotton,Medium,116,28,55,77877,/content/drive/MyDrive/dataset/Orignal-Dataset/Black_Soil/111.jpg
Clay,6.32,60,18,47,51,Sprinkler,61,Vegetables,Rice,Wheat,Low,143,29,90,73397,/content/drive/MyDrive/dataset/Orignal-Dataset/Black_Soil/142.jpg
Clay,6.03,41,33,32,75,Sprinkler,57,Millet,Soybean,Cotton,Low,102,25,47,65277,/content/drive/MyDrive/dataset/Orignal-Dataset/Black_Soil/106.jpg
Silty,5.98,25,30,33,71,Drip,92,Groundnut,Groundnut,Soybean,High,196,33,79,28456,/content/drive/MyDrive/dataset/Orignal-Dataset/Black_Soil/117.jpg
Sandy,5.68,20,40,45,54,Drip,54,Soybean,Maize,Rice,Low,173,24,68,65626,/content/drive/MyDrive/dataset/Orignal-Dataset/Black_Soil/156.jpg
Sandy,5.81,37,31,29,58,Flood,54,Wheat,Rice,Barley,High,108,30,60,36525,/content/drive/MyDrive/dataset/Orignal-Dataset/Black_Soil/128.jpg
Silty,6.13,40,23,49,55,Drip,65,Barley,Soybean,Groundnut,High,122,20,70,23890,/content/drive/MyDrive/dataset/Orignal-Dataset/Black_Soil/128a.jpg
Sandy,5.9,53,18,45,33,Drip,61,Maize,Sugarcane,Soybean,Medium,103,30,82,46372,/content/drive/MyDrive/dataset/Orignal-Dataset/Black_Soil/13a.jpg
Clay,7.35,37,29,27,65,Flood,52,Cotton,Cotton,Groundnut,Low,177,25,65,65123,/content/drive/MyDrive/dataset/Orignal-Dataset/Black_Soil/137.jpg
Clay,5.91,31,31,45,71,Sprinkler,63,Sugarcane,Sugarcane,Millet,High,106,34,82,56976,/content/drive/MyDrive/dataset/Orignal-Dataset/Black_Soil/177.jpg
Sandy,7.09,40,23,22,63,Flood,72,Barley,Barley,Cotton,High,60,33,86,42954,/content/drive/MyDrive/dataset/Orignal-Dataset/Black_Soil/118.jpg
Loamy,5.98,30,17,48,39,Sprinkler,81,Soybean,Soybean,Cotton,Low,64,32,84,23292,/content/drive/MyDrive/dataset/Orignal-Dataset/Black_Soil/143.jpg
Clay,5.89,59,26,20,68,Sprinkler,59,Barley,Barley,Soybean,High,110,24,60,32585,/content/drive/MyDrive/dataset/Orignal-Dataset/Black_Soil/172.jpg
Sandy,6.18,53,26,20,55,Flood,77,Vegetables,Millet,Barley,High,115,23,64,54843,/content/drive/MyDrive/dataset/Orignal-Dataset/Black_Soil/104.jpg
Loamy,5.68,33,17,40,32,Flood,72,Barley,Maize,Soybean,High,58,28,82,26482,/content/drive/MyDrive/dataset/Orignal-Dataset/Black_Soil/138.jpg
Silty,6.86,37,38,35,35,Drip,83,Cotton,Barley,Cotton,Low,81,20,83,63520,/content/drive/MyDrive/dataset/Orignal-Dataset/Black_Soil/115.jpg
Clay,6.73,29,36,41,80,Flood,79,Rice,Barley,Soybean,High,99,24,83,48176,/content/drive/MyDrive/dataset/Orignal-Dataset/Black_Soil/151.jpg
Clay,6.66,59,27,37,75,Flood,67,Barley,Soybean,Maize,Low,119,22,87,61423,/content/drive/MyDrive/dataset/Orignal-Dataset/Black_Soil/136.jpg
Sandy,7.26,40,31,26,40,Sprinkler,65,Millet,Wheat,Soybean,Low,95,22,77,23670,/content/drive/MyDrive/dataset/Orignal-Dataset/Black_Soil/127a.jpg
Clay,5.54,46,20,50,51,Sprinkler,59,Soybean,Groundnut,Soybean,Low,164,25,68,60974,/content/drive/MyDrive/dataset/Orignal-Dataset/Black_Soil/144.jpg
Sandy,5.7,30,39,46,76,Sprinkler,57,Barley,Barley,Wheat,High,130,29,89,58540,/content/drive/MyDrive/dataset/Orignal-Dataset/Black_Soil/109.jpg
Loamy,7.3,57,15,23,67,Flood,73,Rice,Wheat,Barley,Medium,67,30,82,32811,/content/drive/MyDrive/dataset/Orignal-Dataset/Black_Soil/167.jpg
Loamy,6.51,59,29,36,53,Sprinkler,64,Groundnut,Millet,Vegetables,Medium,87,23,58,41832,/content/drive/MyDrive/dataset/Orignal-Dataset/Black_Soil/166.jpg
Loamy,6.29,53,21,24,46,Drip,65,Maize,Cotton,Cotton,High,90,25,90,23468,/content/drive/MyDrive/dataset/Orignal-Dataset/Black_Soil/157a.jpg
Loamy,7.45,44,37,46,57,Drip,64,Vegetables,Rice,Millet,High,187,34,62,44922,/content/drive/MyDrive/dataset/Orignal-Dataset/Black_Soil/170.jpg
Sandy,6.19,49,30,30,63,Drip,51,Maize,Cotton,Soybean,Low,56,34,44,36943,/content/drive/MyDrive/dataset/Orignal-Dataset/Black_Soil/159.jpg
Clay,6.19,47,34,26,43,Flood,86,Vegetables,Barley,Vegetables,Medium,185,22,61,75703,/content/drive/MyDrive/dataset/Orignal-Dataset/Black_Soil/103.jpg
Sandy,5.79,24,21,47,74,Drip,90,Maize,Maize,Vegetables,High,94,31,55,53620,/content/drive/MyDrive/dataset/Orignal-Dataset/Black_Soil/174.jpg
Clay,5.73,49,24,24,54,Drip,57,Maize,Soybean,Maize,Medium,139,31,58,45591,/content/drive/MyDrive/dataset/Orignal-Dataset/Black_Soil/152.jpg
Loamy,7.15,55,21,40,79,Drip,92,Maize,Cotton,Cotton,High,159,23,42,56741,/content/drive/MyDrive/dataset/Orignal-Dataset/Black_Soil/168.jpg
Sandy,7.02,55,38,48,78,Drip,69,Soybean,Cotton,Millet,High,55,31,50,25785,/content/drive/MyDrive/dataset/Orignal-Dataset/Black_Soil/181.jpg
Clay,6.95,33,26,43,57,Drip,89,Sugarcane,Rice,Sugarcane,Low,52,26,66,73035,/content/drive/MyDrive/dataset/Orignal-Dataset/Black_Soil/154.jpg
Clay,5.52,38,39,25,52,Flood,78,Maize,Cotton,Sugarcane,Low,157,23,57,43224,/content/drive/MyDrive/dataset/Orignal-Dataset/Black_Soil/178.jpg
Silty,6.71,53,35,33,48,Drip,58,Barley,Sugarcane,Maize,High,85,26,40,79590,/content/drive/MyDrive/dataset/Orignal-Dataset/Black_Soil/113.jpg
Silty,7.31,51,37,22,31,Drip,57,Groundnut,Barley,Barley,Low,200,30,63,35470,/content/drive/MyDrive/dataset/Orignal-Dataset/Black_Soil/176.jpg
Clay,5.76,26,29,33,67,Flood,64,Rice,Vegetables,Groundnut,Medium,81,29,48,65046,/content/drive/MyDrive/dataset/Orignal-Dataset/Black_Soil/141.jpg
Sandy,5.97,32,25,35,75,Drip,52,Wheat,Wheat,Soybean,Medium,169,27,43,58229,/content/drive/MyDrive/dataset/Orignal-Dataset/Black_Soil/115a.jpg
Loamy,5.94,40,34,25,40,Drip,81,Sugarcane,Soybean,Millet,Low,87,32,70,20263,/content/drive/MyDrive/dataset/Orignal-Dataset/Black_Soil/16.jpg
Loamy,5.92,32,16,42,32,Sprinkler,80,Soybean,Barley,Rice,Medium,87,35,61,67913,/content/drive/MyDrive/dataset/Orignal-Dataset/Black_Soil/164a.jpg
Clay,6.97,48,23,27,41,Sprinkler,50,Groundnut,Soybean,Rice,Low,88,28,80,33767,/content/drive/MyDrive/dataset/Orignal-Dataset/Black_Soil/121.jpg
Silty,6.66,29,22,38,73,Flood,77,Maize,Vegetables,Groundnut,Low,173,35,59,22600,/content/drive/MyDrive/dataset/Orignal-Dataset/Black_Soil/17.jpg
Silty,6.13,35,26,36,33,Sprinkler,58,Wheat,Groundnut,Vegetables,Low,176,22,89,38003,/content/drive/MyDrive/dataset/Orignal-Dataset/Black_Soil/180.jpg
Sandy,7.31,60,36,35,64,Flood,76,Groundnut,Millet,Maize,High,179,27,48,72097,/content/drive/MyDrive/dataset/Orignal-Dataset/Black_Soil/160.jpg
Clay,6.36,58,29,26,55,Drip,82,Rice,Vegetables,Groundnut,High,175,20,63,54191,/content/drive/MyDrive/dataset/Orignal-Dataset/Black_Soil/11.jpg
Sandy,5.66,57,21,32,73,Drip,51,Sugarcane,Soybean,Rice,Medium,101,22,88,64208,/content/drive/MyDrive/dataset/Orignal-Dataset/Black_Soil/134.jpg
Loamy,6.58,29,38,22,46,Sprinkler,64,Barley,Soybean,Cotton,Low,111,22,41,27881,/content/drive/MyDrive/dataset/Orignal-Dataset/Black_Soil/159a.jpg
Loamy,6.66,41,34,50,76,Flood,80,Vegetables,Wheat,Millet,High,173,32,65,58789,/content/drive/MyDrive/dataset/Orignal-Dataset/Black_Soil/126.jpg
Loamy,6.26,53,35,46,59,Drip,60,Soybean,Millet,Maize,Low,167,35,85,41839,/content/drive/MyDrive/dataset/Orignal-Dataset/Black_Soil/175.jpg
Silty,6.2,30,37,38,51,Sprinkler,61,Cotton,Groundnut,Sugarcane,Low,151,20,76,76146,/content/drive/MyDrive/dataset/Orignal-Dataset/Black_Soil/14.jpg
Loamy,6.78,53,27,46,71,Flood,79,Rice,Maize,Cotton,Medium,111,23,43,75033,/content/drive/MyDrive/dataset/Orignal-Dataset/Black_Soil/124.jpg
Clay,5.58,25,28,39,80,Drip,78,Wheat,Barley,Rice,Low,153,28,53,20883,/content/drive/MyDrive/dataset/Orignal-Dataset/Black_Soil/110.jpg
Sandy,6.57,34,24,27,40,Drip,76,Wheat,Barley,Wheat,Medium,135,22,88,55189,/content/drive/MyDrive/dataset/Orignal-Dataset/Black_Soil/149.jpg
Loamy,6.65,40,40,20,43,Flood,51,Rice,Cotton,Wheat,Medium,104,34,53,44661,/content/drive/MyDrive/dataset/Orignal-Dataset/Black_Soil/123.jpg
Sandy,6.49,53,18,27,48,Drip,63,Sugarcane,Millet,Sugarcane,High,167,27,40,73208,/content/drive/MyDrive/dataset/Orignal-Dataset/Black_Soil/116.jpg
Loamy,6.3,55,15,49,75,Drip,94,Rice,Vegetables,Rice,Low,140,26,49,75276,/content/drive/MyDrive/dataset/Orignal-Dataset/Black_Soil/131.jpg
Silty,7.09,54,40,33,66,Drip,59,Wheat,Vegetables,Groundnut,High,84,24,50,61978,/content/drive/MyDrive/dataset/Orignal-Dataset/Black_Soil/12.jpg
Clay,5.57,48,33,41,60,Drip,53,Sugarcane,Groundnut,Cotton,High,192,22,61,75074,/content/drive/MyDrive/dataset/Orignal-Dataset/Black_Soil/108.jpg
Loamy,7.12,24,25,22,30,Flood,59,Rice,Rice,Wheat,High,138,32,62,51679,/content/drive/MyDrive/dataset/Orignal-Dataset/Black_Soil/129.jpg
Loamy,7.1,38,27,48,54,Drip,91,Millet,Maize,Millet,High,169,21,43,30490,/content/drive/MyDrive/dataset/Orignal-Dataset/Black_Soil/128b.jpg
Silty,7.41,56,39,43,58,Sprinkler,64,Wheat,Wheat,Millet,Low,177,22,40,50435,/content/drive/MyDrive/dataset/Orignal-Dataset/Black_Soil/1.jpg
Silty,5.86,49,30,45,69,Flood,50,Soybean,Rice,Maize,High,78,23,44,28605,/content/drive/MyDrive/dataset/Orignal-Dataset/Black_Soil/107.jpg
Silty,7.31,35,39,45,78,Drip,60,Sugarcane,Wheat,Barley,Low,194,27,63,49316,/content/drive/MyDrive/dataset/Orignal-Dataset/Black_Soil/179.jpg
Clay,6.12,36,21,38,56,Sprinkler,79,Maize,Millet,Rice,Low,186,31,80,73181,/content/drive/MyDrive/dataset/Orignal-Dataset/Black_Soil/139.jpg
Loamy,6.3,35,32,34,68,Flood,70,Maize,Soybean,Cotton,Low,75,34,75,26772,/content/drive/MyDrive/dataset/Orignal-Dataset/Black_Soil/15.jpg
Clay,6.81,42,23,20,38,Sprinkler,51,Soybean,Barley,Rice,Medium,114,20,78,24531,/content/drive/MyDrive/dataset/Orignal-Dataset/Black_Soil/165.jpg
Silty,7.33,52,27,45,44,Flood,53,Millet,Maize,Vegetables,High,82,27,70,41530,/content/drive/MyDrive/dataset/Orignal-Dataset/Black_Soil/140.jpg
Silty,6.44,51,35,21,53,Drip,61,Rice,Millet,Millet,Low,132,30,71,49095,/content/drive/MyDrive/dataset/Orignal-Dataset/Black_Soil/112.jpg
Sandy,6.88,52,31,42,60,Flood,53,Sugarcane,Barley,Soybean,Low,95,30,85,72522,/content/drive/MyDrive/dataset/Orignal-Dataset/Black_Soil/163.jpg
Silty,5.74,28,18,40,73,Flood,56,Maize,Rice,Wheat,Medium,137,35,89,28496,/content/drive/MyDrive/dataset/Orignal-Dataset/Black_Soil/171a.jpg
Sandy,6.31,44,20,27,52,Drip,51,Maize,Wheat,Cotton,Medium,152,22,77,60116,/content/drive/MyDrive/dataset/Orignal-Dataset/Black_Soil/93.jpg
Clay,7.34,41,36,23,33,Drip,53,Groundnut,Maize,Soybean,High,106,33,74,40889,/content/drive/MyDrive/dataset/Orignal-Dataset/Black_Soil/79.jpg
Silty,7.24,35,26,39,52,Flood,53,Barley,Cotton,Cotton,Low,146,27,74,76463,/content/drive/MyDrive/dataset/Orignal-Dataset/Black_Soil/98.jpg
Loamy,6.77,47,22,48,41,Flood,58,Vegetables,Rice,Wheat,Medium,174,31,77,22172,/content/drive/MyDrive/dataset/Orignal-Dataset/Black_Soil/61.jpg
Loamy,5.61,54,25,47,33,Sprinkler,81,Millet,Cotton,Groundnut,Medium,197,24,84,72868,/content/drive/MyDrive/dataset/Orignal-Dataset/Black_Soil/189.jpg
Silty,6.87,47,28,39,37,Flood,64,Wheat,Rice,Barley,High,169,34,86,49169,/content/drive/MyDrive/dataset/Orignal-Dataset/Black_Soil/206.jpg
Silty,5.99,31,38,27,64,Drip,95,Groundnut,Rice,Wheat,Low,144,31,63,79601,/content/drive/MyDrive/dataset/Orignal-Dataset/Black_Soil/78.jpg
Silty,5.52,28,35,46,30,Drip,58,Groundnut,Maize,Sugarcane,Low,110,22,46,55838,/content/drive/MyDrive/dataset/Orignal-Dataset/Black_Soil/87.jpg
Silty,6.86,27,22,33,60,Flood,91,Soybean,Soybean,Maize,Low,153,32,73,32380,/content/drive/MyDrive/dataset/Orignal-Dataset/Black_Soil/69.jpg
Sandy,7.36,50,33,33,67,Sprinkler,95,Groundnut,Cotton,Groundnut,Medium,105,25,47,50590,/content/drive/MyDrive/dataset/Orignal-Dataset/Black_Soil/214.jpg
Silty,6.28,22,20,33,56,Flood,58,Sugarcane,Vegetables,Cotton,High,126,35,84,75321,/content/drive/MyDrive/dataset/Orignal-Dataset/Black_Soil/49.jpg
Sandy,7.01,31,27,38,36,Drip,50,Sugarcane,Rice,Millet,Medium,56,27,58,50764,/content/drive/MyDrive/dataset/Orignal-Dataset/Black_Soil/20.jpg
Loamy,6.99,58,20,42,37,Sprinkler,60,Sugarcane,Wheat,Vegetables,Low,132,31,79,25828,/content/drive/MyDrive/dataset/Orignal-Dataset/Black_Soil/29.jpg
Clay,6.97,47,40,23,80,Sprinkler,59,Millet,Vegetables,Sugarcane,Low,152,31,43,58617,/content/drive/MyDrive/dataset/Orignal-Dataset/Black_Soil/82.jpg
Loamy,5.58,47,22,32,59,Flood,71,Soybean,Vegetables,Rice,Medium,58,35,45,50792,/content/drive/MyDrive/dataset/Orignal-Dataset/Black_Soil/66.jpg
Silty,6.07,58,27,41,60,Drip,75,Groundnut,Soybean,Wheat,Low,153,31,72,64589,/content/drive/MyDrive/dataset/Orignal-Dataset/Black_Soil/33.jpg
Silty,6.36,27,29,20,30,Flood,55,Cotton,Cotton,Sugarcane,Low,70,22,86,41344,/content/drive/MyDrive/dataset/Orignal-Dataset/Black_Soil/84a.jpg
Sandy,7.04,22,28,26,57,Sprinkler,79,Millet,Rice,Barley,High,153,24,41,36918,/content/drive/MyDrive/dataset/Orignal-Dataset/Black_Soil/20a.jpg
Sandy,6.77,35,37,38,80,Sprinkler,58,Soybean,Rice,Rice,High,78,27,58,34025,/content/drive/MyDrive/dataset/Orignal-Dataset/Black_Soil/220.jpg
Clay,5.74,23,33,37,74,Sprinkler,80,Soybean,Sugarcane,Sugarcane,Medium,194,20,66,69477,/content/drive/MyDrive/dataset/Orignal-Dataset/Black_Soil/188a.jpg
Sandy,7.03,57,21,27,75,Sprinkler,76,Rice,Cotton,Sugarcane,Low,185,24,64,22844,/content/drive/MyDrive/dataset/Orignal-Dataset/Black_Soil/200.jpg
Clay,6.74,39,39,23,53,Drip,90,Barley,Groundnut,Vegetables,High,95,29,67,33336,/content/drive/MyDrive/dataset/Orignal-Dataset/Black_Soil/95.jpg
Silty,7.38,58,16,30,47,Sprinkler,51,Millet,Cotton,Barley,Medium,79,27,90,54167,/content/drive/MyDrive/dataset/Orignal-Dataset/Black_Soil/209.jpg
Loamy,5.55,45,20,24,60,Flood,86,Cotton,Wheat,Rice,Medium,55,24,76,24117,/content/drive/MyDrive/dataset/Orignal-Dataset/Black_Soil/24a.jpg
Clay,7.24,22,25,36,37,Flood,76,Wheat,Barley,Soybean,High,175,22,83,37079,/content/drive/MyDrive/dataset/Orignal-Dataset/Black_Soil/74.jpg
Sandy,6.61,53,33,50,49,Flood,59,Maize,Vegetables,Vegetables,Low,70,24,61,23275,/content/drive/MyDrive/dataset/Orignal-Dataset/Black_Soil/191.jpg
Sandy,6.13,28,16,29,33,Flood,95,Barley,Wheat,Rice,Medium,157,24,48,49885,/content/drive/MyDrive/dataset/Orignal-Dataset/Black_Soil/41.jpg
Clay,6.56,52,23,37,67,Drip,85,Soybean,Barley,Vegetables,Medium,155,24,65,62500,/content/drive/MyDrive/dataset/Orignal-Dataset/Black_Soil/26a.jpg
Loamy,5.83,42,36,50,75,Sprinkler,53,Millet,Soybean,Groundnut,Low,199,31,76,20703,/content/drive/MyDrive/dataset/Orignal-Dataset/Black_Soil/72.jpg
Silty,6.33,38,36,39,72,Flood,50,Vegetables,Rice,Soybean,High,173,35,45,31692,/content/drive/MyDrive/dataset/Orignal-Dataset/Black_Soil/71.jpg
Clay,5.77,31,34,34,55,Drip,69,Groundnut,Rice,Maize,Medium,162,29,63,58941,/content/drive/MyDrive/dataset/Orignal-Dataset/Black_Soil/201.jpg
Silty,7.13,36,35,25,67,Flood,66,Soybean,Groundnut,Maize,Medium,104,35,68,47644,/content/drive/MyDrive/dataset/Orignal-Dataset/Black_Soil/59.jpg
Clay,6.83,55,32,37,35,Sprinkler,90,Soybean,Maize,Wheat,High,113,26,83,76247,/content/drive/MyDrive/dataset/Orignal-Dataset/Black_Soil/208.jpg
Sandy,6.09,60,39,35,54,Drip,64,Cotton,Groundnut,Vegetables,High,129,34,61,41841,/content/drive/MyDrive/dataset/Orignal-Dataset/Black_Soil/51.jpg
Silty,6.7,45,22,38,62,Drip,63,Rice,Vegetables,Soybean,High,163,31,43,68344,/content/drive/MyDrive/dataset/Orignal-Dataset/Black_Soil/48.jpg
Loamy,6.77,46,23,50,63,Flood,71,Maize,Maize,Barley,Low,193,27,82,54179,/content/drive/MyDrive/dataset/Orignal-Dataset/Black_Soil/22.jpg
Clay,6.91,55,35,29,56,Flood,81,Maize,Cotton,Vegetables,High,134,20,89,69930,/content/drive/MyDrive/dataset/Orignal-Dataset/Black_Soil/188.jpg
Silty,6.7,40,30,27,58,Sprinkler,68,Vegetables,Groundnut,Sugarcane,High,188,30,89,50851,/content/drive/MyDrive/dataset/Orignal-Dataset/Black_Soil/37.jpg
Clay,5.57,36,20,32,36,Flood,76,Soybean,Barley,Rice,Low,146,28,81,21884,/content/drive/MyDrive/dataset/Orignal-Dataset/Black_Soil/97.jpg
Silty,7.37,26,25,39,38,Sprinkler,52,Rice,Barley,Wheat,High,134,21,71,26160,/content/drive/MyDrive/dataset/Orignal-Dataset/Black_Soil/70.jpg
Loamy,5.91,45,29,43,47,Drip,76,Cotton,Wheat,Millet,High,194,33,77,67039,/content/drive/MyDrive/dataset/Orignal-Dataset/Black_Soil/47.jpg
Loamy,5.64,39,31,43,69,Flood,81,Millet,Maize,Sugarcane,Low,195,28,61,29783,/content/drive/MyDrive/dataset/Orignal-Dataset/Black_Soil/203.jpg
Clay,6.27,33,38,20,62,Drip,78,Wheat,Soybean,Maize,Medium,187,30,90,24147,/content/drive/MyDrive/dataset/Orignal-Dataset/Black_Soil/182.jpg
Loamy,6.46,48,39,22,54,Drip,60,Maize,Maize,Vegetables,Low,124,21,45,50118,/content/drive/MyDrive/dataset/Orignal-Dataset/Black_Soil/26.jpg
Clay,7.26,49,34,30,56,Flood,85,Maize,Millet,Barley,Medium,178,28,57,39428,/content/drive/MyDrive/dataset/Orignal-Dataset/Black_Soil/28.jpg
Silty,7.34,48,18,35,46,Sprinkler,91,Millet,Barley,Sugarcane,High,121,23,68,77830,/content/drive/MyDrive/dataset/Orignal-Dataset/Black_Soil/8.jpg
Loamy,5.72,39,30,37,70,Flood,58,Rice,Rice,Barley,High,81,35,89,69317,/content/drive/MyDrive/dataset/Orignal-Dataset/Black_Soil/68.jpg
Silty,7.23,42,18,50,73,Flood,52,Groundnut,Vegetables,Wheat,Medium,110,24,90,27637,/content/drive/MyDrive/dataset/Orignal-Dataset/Black_Soil/88.jpg
Clay,5.9,33,23,47,51,Drip,74,Barley,Sugarcane,Rice,High,140,20,47,65124,/content/drive/MyDrive/dataset/Orignal-Dataset/Black_Soil/184.jpg
Clay,5.77,52,34,33,77,Sprinkler,70,Cotton,Barley,Soybean,High,66,20,72,59239,/content/drive/MyDrive/dataset/Orignal-Dataset/Black_Soil/7.jpg
Silty,7.24,51,22,35,69,Drip,82,Wheat,Soybean,Sugarcane,Low,182,32,55,21527,/content/drive/MyDrive/dataset/Orignal-Dataset/Black_Soil/193.jpg
Loamy,5.66,23,17,50,31,Sprinkler,64,Groundnut,Millet,Rice,Medium,131,28,75,28667,/content/drive/MyDrive/dataset/Orignal-Dataset/Black_Soil/53.jpg
Loamy,6.33,37,21,38,36,Flood,91,Wheat,Rice,Wheat,Low,65,31,43,45546,/content/drive/MyDrive/dataset/Orignal-Dataset/Black_Soil/224.jpg
Sandy,6.01,46,31,35,35,Sprinkler,62,Sugarcane,Soybean,Wheat,Low,183,25,75,21939,/content/drive/MyDrive/dataset/Orignal-Dataset/Black_Soil/190.jpg
Sandy,5.71,44,26,23,67,Sprinkler,87,Soybean,Vegetables,Barley,High,99,29,81,29964,/content/drive/MyDrive/dataset/Orignal-Dataset/Black_Soil/211.jpg
Clay,6.89,24,39,50,34,Flood,90,Sugarcane,Maize,Rice,Low,70,20,78,78549,/content/drive/MyDrive/dataset/Orignal-Dataset/Black_Soil/218b.jpg
Clay,6.43,28,19,26,65,Drip,87,Wheat,Millet,Maize,High,153,26,56,30899,/content/drive/MyDrive/dataset/Orignal-Dataset/Black_Soil/30.jpg
Silty,7.1,56,17,41,41,Drip,80,Sugarcane,Cotton,Cotton,Low,197,22,74,43112,/content/drive/MyDrive/dataset/Orignal-Dataset/Black_Soil/21a.jpg
Clay,5.51,20,17,22,45,Drip,68,Barley,Vegetables,Millet,High,114,32,46,61870,/content/drive/MyDrive/dataset/Orignal-Dataset/Black_Soil/197.jpg
Loamy,7.16,35,37,39,51,Sprinkler,92,Millet,Millet,Maize,Medium,77,32,71,56462,/content/drive/MyDrive/dataset/Orignal-Dataset/Black_Soil/188b.jpg
Clay,7.05,47,17,30,72,Sprinkler,66,Cotton,Cotton,Rice,Medium,157,33,49,22023,/content/drive/MyDrive/dataset/Orignal-Dataset/Black_Soil/75.jpg
Clay,6.95,22,18,22,75,Drip,50,Barley,Sugarcane,Wheat,Low,174,34,42,40726,/content/drive/MyDrive/dataset/Orignal-Dataset/Black_Soil/67.jpg
Loamy,7.48,56,16,43,37,Sprinkler,64,Cotton,Soybean,Sugarcane,High,99,31,73,63557,/content/drive/MyDrive/dataset/Orignal-Dataset/Black_Soil/62.jpg
Silty,6.84,29,28,30,32,Drip,74,Rice,Maize,Sugarcane,Medium,61,31,89,52209,/content/drive/MyDrive/dataset/Orignal-Dataset/Black_Soil/40.jpg
Clay,7.19,27,38,47,30,Drip,78,Wheat,Groundnut,Vegetables,Low,87,30,54,48353,/content/drive/MyDrive/dataset/Orignal-Dataset/Black_Soil/9.jpg
Sandy,7.09,27,21,27,67,Drip,87,Cotton,Cotton,Maize,High,80,30,43,63367,/content/drive/MyDrive/dataset/Orignal-Dataset/Black_Soil/50a.jpg
Clay,6.36,48,23,31,62,Sprinkler,94,Maize,Cotton,Soybean,Low,112,26,88,21263,/content/drive/MyDrive/dataset/Orignal-Dataset/Black_Soil/268.jpg
Sandy,6.67,50,27,45,51,Flood,50,Wheat,Rice,Barley,Medium,74,29,85,65137,/content/drive/MyDrive/dataset/Orignal-Dataset/Black_Soil/216.jpg
Clay,6.18,52,32,47,48,Drip,88,Rice,Cotton,Vegetables,High,138,20,89,31675,/content/drive/MyDrive/dataset/Orignal-Dataset/Black_Soil/76a.jpg
Loamy,6.94,31,21,30,34,Flood,80,Vegetables,Maize,Rice,High,160,35,79,24117,/content/drive/MyDrive/dataset/Orignal-Dataset/Black_Soil/99.jpg
Clay,7.16,41,38,28,40,Drip,65,Vegetables,Sugarcane,Groundnut,High,75,23,67,31711,/content/drive/MyDrive/dataset/Orignal-Dataset/Black_Soil/52.jpg
Silty,5.96,23,22,48,31,Flood,91,Vegetables,Rice,Maize,Low,163,21,44,78563,/content/drive/MyDrive/dataset/Orignal-Dataset/Black_Soil/89.jpg
Sandy,5.71,41,35,39,36,Sprinkler,74,Soybean,Sugarcane,Rice,Medium,145,22,47,39572,/content/drive/MyDrive/dataset/Orignal-Dataset/Black_Soil/31.jpg
Silty,7.49,31,37,22,32,Sprinkler,82,Maize,Cotton,Rice,Medium,167,22,44,36611,/content/drive/MyDrive/dataset/Orignal-Dataset/Black_Soil/80a.jpg
Silty,6.4,41,15,26,42,Sprinkler,72,Maize,Vegetables,Cotton,Medium,111,21,58,58620,/content/drive/MyDrive/dataset/Orignal-Dataset/Black_Soil/218a.jpg
Clay,7.31,35,38,21,32,Flood,79,Vegetables,Cotton,Groundnut,Medium,132,30,52,29937,/content/drive/MyDrive/dataset/Orignal-Dataset/Black_Soil/185.jpg
Clay,6.11,43,27,21,37,Sprinkler,68,Wheat,Wheat,Groundnut,Medium,139,20,75,21819,/content/drive/MyDrive/dataset/Orignal-Dataset/Black_Soil/196.jpg
Sandy,6.87,21,29,34,31,Drip,59,Groundnut,Maize,Rice,Low,199,26,48,75897,/content/drive/MyDrive/dataset/Orignal-Dataset/Black_Soil/222.jpg
Clay,6.18,54,15,24,76,Flood,65,Soybean,Cotton,Barley,Medium,63,28,70,45230,/content/drive/MyDrive/dataset/Orignal-Dataset/Black_Soil/199.jpg
Loamy,5.78,57,38,31,49,Drip,68,Groundnut,Soybean,Maize,High,126,25,40,73917,/content/drive/MyDrive/dataset/Orignal-Dataset/Black_Soil/210.jpg
Silty,6.56,38,21,30,60,Sprinkler,72,Cotton,Groundnut,Soybean,High,70,32,52,27761,/content/drive/MyDrive/dataset/Orignal-Dataset/Black_Soil/77a.jpg
Clay,7.16,25,25,41,44,Drip,84,Groundnut,Cotton,Millet,Medium,133,30,73,29092,/content/drive/MyDrive/dataset/Orignal-Dataset/Black_Soil/194.jpg
Silty,6.89,48,15,33,55,Sprinkler,82,Vegetables,Cotton,Maize,Low,84,35,54,31288,/content/drive/MyDrive/dataset/Orignal-Dataset/Black_Soil/207.jpg
Silty,7.49,32,40,31,38,Flood,78,Sugarcane,Barley,Rice,High,61,35,57,33868,/content/drive/MyDrive/dataset/Orignal-Dataset/Black_Soil/2.jpg
Silty,5.53,36,34,32,63,Flood,79,Soybean,Barley,Cotton,Low,92,20,88,63234,/content/drive/MyDrive/dataset/Orignal-Dataset/Black_Soil/83.jpg
Loamy,6.56,28,20,39,70,Sprinkler,85,Maize,Millet,Cotton,Medium,194,28,84,69212,/content/drive/MyDrive/dataset/Orignal-Dataset/Black_Soil/223.jpg
Sandy,7.36,26,24,43,72,Flood,83,Soybean,Vegetables,Wheat,High,142,31,72,78172,/content/drive/MyDrive/dataset/Orignal-Dataset/Black_Soil/27.jpg
Sandy,6.96,23,24,38,76,Flood,95,Soybean,Barley,Sugarcane,High,120,29,52,37119,/content/drive/MyDrive/dataset/Orignal-Dataset/Black_Soil/94.jpg
Clay,6.1,51,24,34,30,Drip,69,Wheat,Soybean,Cotton,Low,170,30,69,40667,/content/drive/MyDrive/dataset/Orignal-Dataset/Black_Soil/215.jpg
Silty,6.49,50,20,35,39,Drip,65,Barley,Barley,Millet,High,161,31,67,26483,/content/drive/MyDrive/dataset/Orignal-Dataset/Black_Soil/34.jpg
Loamy,6.83,60,15,40,51,Drip,84,Vegetables,Barley,Millet,Low,143,25,43,52653,/content/drive/MyDrive/dataset/Orignal-Dataset/Black_Soil/202.jpg
Loamy,5.88,47,16,23,48,Flood,66,Cotton,Rice,Soybean,Medium,170,31,75,46703,/content/drive/MyDrive/dataset/Orignal-Dataset/Black_Soil/4.jpg
Clay,7.29,49,36,37,67,Drip,68,Cotton,Wheat,Maize,Low,193,34,45,75426,/content/drive/MyDrive/dataset/Orignal-Dataset/Black_Soil/205.jpg
Loamy,7.33,45,33,28,79,Sprinkler,64,Soybean,Cotton,Sugarcane,High,170,32,57,52140,/content/drive/MyDrive/dataset/Orignal-Dataset/Black_Soil/90.jpg
Clay,6.21,37,37,40,40,Drip,51,Millet,Soybean,Wheat,Low,167,22,56,43555,/content/drive/MyDrive/dataset/Orignal-Dataset/Black_Soil/58.jpg
Sandy,6.31,57,28,29,56,Drip,72,Sugarcane,Maize,Maize,High,189,31,65,30090,/content/drive/MyDrive/dataset/Orignal-Dataset/Black_Soil/183b.jpg
Silty,7.46,41,30,44,51,Sprinkler,81,Rice,Sugarcane,Sugarcane,High,96,25,77,33084,/content/drive/MyDrive/dataset/Orignal-Dataset/Black_Soil/188c.jpg
Clay,6.14,48,31,32,76,Drip,91,Groundnut,Maize,Soybean,Low,144,27,63,64420,/content/drive/MyDrive/dataset/Orignal-Dataset/Black_Soil/218c.jpg
Silty,5.58,29,18,46,72,Flood,95,Maize,Soybean,Vegetables,Low,97,23,59,60357,/content/drive/MyDrive/dataset/Orignal-Dataset/Black_Soil/42.jpg
Sandy,5.54,30,17,34,35,Flood,91,Vegetables,Vegetables,Vegetables,Low,85,27,83,35666,/content/drive/MyDrive/dataset/Orignal-Dataset/Black_Soil/53a.jpg
Sandy,5.65,21,19,22,59,Sprinkler,53,Millet,Groundnut,Vegetables,Low,183,32,67,56596,/content/drive/MyDrive/dataset/Orignal-Dataset/Black_Soil/36.jpg
Clay,7.18,31,36,41,53,Drip,70,Maize,Maize,Soybean,High,164,31,70,34602,/content/drive/MyDrive/dataset/Orignal-Dataset/Black_Soil/53b.jpg
Clay,5.94,31,17,39,58,Flood,77,Wheat,Groundnut,Soybean,Medium,155,25,44,31049,/content/drive/MyDrive/dataset/Orignal-Dataset/Black_Soil/54.jpg
Silty,5.73,36,21,28,71,Drip,60,Wheat,Sugarcane,Barley,Medium,65,24,68,41790,/content/drive/MyDrive/dataset/Orignal-Dataset/Black_Soil/64a.jpg
Clay,7.09,24,22,41,78,Sprinkler,70,Sugarcane,Soybean,Millet,High,174,24,44,52849,/content/drive/MyDrive/dataset/Orignal-Dataset/Black_Soil/39.jpg
Clay,6.17,55,27,23,51,Sprinkler,68,Vegetables,Cotton,Millet,Medium,181,33,52,49315,/content/drive/MyDrive/dataset/Orignal-Dataset/Black_Soil/43.jpg
Clay,5.83,40,31,24,47,Sprinkler,75,Soybean,Cotton,Rice,Medium,184,25,85,77025,/content/drive/MyDrive/dataset/Orignal-Dataset/Black_Soil/24.jpg
Clay,6.99,34,19,39,47,Sprinkler,89,Maize,Wheat,Vegetables,Medium,129,31,40,25769,/content/drive/MyDrive/dataset/Orignal-Dataset/Black_Soil/183.jpg
Loamy,6.56,21,29,37,55,Sprinkler,75,Cotton,Groundnut,Soybean,High,78,27,83,59949,/content/drive/MyDrive/dataset/Orignal-Dataset/Black_Soil/91.jpg
Silty,7.32,30,35,23,67,Drip,55,Sugarcane,Wheat,Vegetables,Low,82,27,79,62142,/content/drive/MyDrive/dataset/Orignal-Dataset/Black_Soil/183a.jpg
Silty,5.76,58,21,22,69,Flood,87,Vegetables,Rice,Sugarcane,Medium,67,20,86,62749,/content/drive/MyDrive/dataset/Orignal-Dataset/Black_Soil/184a.jpg
Clay,6.52,59,38,24,31,Flood,77,Maize,Vegetables,Cotton,Low,100,22,66,78321,/content/drive/MyDrive/dataset/Orignal-Dataset/Black_Soil/84.jpg
Loamy,5.8,32,24,38,66,Drip,54,Wheat,Vegetables,Groundnut,High,76,26,43,28510,/content/drive/MyDrive/dataset/Orignal-Dataset/Black_Soil/217.jpg
Sandy,6.05,53,32,44,58,Sprinkler,63,Rice,Soybean,Groundnut,Low,154,32,79,53961,/content/drive/MyDrive/dataset/Orignal-Dataset/Black_Soil/186.jpg
Loamy,6.52,24,36,25,51,Sprinkler,92,Rice,Maize,Wheat,Medium,50,26,40,67113,/content/drive/MyDrive/dataset/Orignal-Dataset/Black_Soil/192.jpg
Silty,6.33,32,32,25,60,Drip,53,Maize,Barley,Maize,High,65,20,48,50710,/content/drive/MyDrive/dataset/Orignal-Dataset/Black_Soil/3.jpg
Clay,7.25,31,27,35,70,Sprinkler,68,Vegetables,Sugarcane,Barley,Low,170,22,88,20781,/content/drive/MyDrive/dataset/Orignal-Dataset/Black_Soil/56.jpg
Loamy,6.29,27,35,30,57,Drip,62,Barley,Barley,Sugarcane,Medium,82,34,50,65802,/content/drive/MyDrive/dataset/Orignal-Dataset/Black_Soil/59a.jpg
Silty,6.47,50,20,35,47,Flood,68,Vegetables,Groundnut,Vegetables,High,129,23,72,56392,/content/drive/MyDrive/dataset/Orignal-Dataset/Black_Soil/25.jpg
Loamy,6.8,26,30,43,45,Sprinkler,84,Vegetables,Maize,Rice,Medium,137,33,89,54303,/content/drive/MyDrive/dataset/Orignal-Dataset/Black_Soil/63.jpg
Loamy,7.09,22,29,26,62,Sprinkler,61,Vegetables,Millet,Wheat,High,164,27,50,51983,/content/drive/MyDrive/dataset/Orignal-Dataset/Black_Soil/19.jpg
Loamy,5.71,22,20,49,52,Drip,68,Sugarcane,Soybean,Maize,Medium,82,23,62,49698,/content/drive/MyDrive/dataset/Orignal-Dataset/Black_Soil/64.jpg
Sandy,6.25,36,22,24,43,Drip,82,Rice,Soybean,Groundnut,Medium,180,22,75,70961,/content/drive/MyDrive/dataset/Orignal-Dataset/Black_Soil/57.jpg
Loamy,6.33,28,38,24,47,Sprinkler,81,Soybean,Cotton,Wheat,Medium,81,25,77,78671,/content/drive/MyDrive/dataset/Orignal-Dataset/Black_Soil/45.jpg
Clay,5.85,42,40,50,56,Sprinkler,58,Barley,Barley,Vegetables,Low,167,34,48,40006,/content/drive/MyDrive/dataset/Orignal-Dataset/Black_Soil/65.jpg
Sandy,6.57,43,27,35,64,Flood,70,Barley,Vegetables,Maize,Medium,95,30,62,21646,/content/drive/MyDrive/dataset/Orignal-Dataset/Black_Soil/46.jpg
Loamy,5.69,46,19,37,40,Drip,68,Barley,Rice,Rice,High,86,25,66,57732,/content/drive/MyDrive/dataset/Orignal-Dataset/Black_Soil/55.jpg
Loamy,5.73,54,31,34,48,Sprinkler,67,Soybean,Vegetables,Wheat,Medium,148,35,89,44692,/content/drive/MyDrive/dataset/Orignal-Dataset/Black_Soil/213.jpg
Clay,6.45,26,34,36,79,Flood,75,Sugarcane,Wheat,Soybean,Low,199,23,57,41104,/content/drive/MyDrive/dataset/Orignal-Dataset/Black_Soil/195.jpg
Silty,7.25,52,40,46,41,Drip,50,Vegetables,Millet,Wheat,Medium,128,23,79,59151,/content/drive/MyDrive/dataset/Orignal-Dataset/Black_Soil/92.jpg
Silty,6.43,30,38,42,70,Drip,87,Soybean,Maize,Soybean,Medium,166,33,79,56368,/content/drive/MyDrive/dataset/Orignal-Dataset/Black_Soil/60.jpg
Silty,5.59,20,17,22,39,Drip,79,Rice,Cotton,Millet,Medium,151,23,87,69395,/content/drive/MyDrive/dataset/Orignal-Dataset/Black_Soil/76.jpg
Silty,5.81,21,26,34,67,Drip,74,Millet,Vegetables,Rice,Low,114,24,67,74028,/content/drive/MyDrive/dataset/Orignal-Dataset/Black_Soil/21.jpg
Silty,7.27,35,19,38,61,Sprinkler,84,Millet,Barley,Groundnut,Low,55,22,82,23088,/content/drive/MyDrive/dataset/Orignal-Dataset/Black_Soil/85.jpg
Loamy,5.81,46,16,38,52,Drip,88,Rice,Groundnut,Barley,Low,78,32,57,71808,/content/drive/MyDrive/dataset/Orignal-Dataset/Black_Soil/221.jpg
Loamy,5.85,32,20,46,34,Drip,54,Millet,Sugarcane,Sugarcane,High,165,26,71,61241,/content/drive/MyDrive/dataset/Orignal-Dataset/Black_Soil/73.jpg
Sandy,7.12,29,31,43,47,Sprinkler,76,Vegetables,Maize,Groundnut,Low,158,30,45,69598,/content/drive/MyDrive/dataset/Orignal-Dataset/Black_Soil/36a.jpg
Silty,5.54,50,31,29,67,Flood,76,Soybean,Millet,Maize,High,181,33,76,27319,/content/drive/MyDrive/dataset/Orignal-Dataset/Black_Soil/212.jpg
Clay,7.49,52,17,47,60,Drip,70,Millet,Rice,Groundnut,High,114,28,45,65007,/content/drive/MyDrive/dataset/Orignal-Dataset/Black_Soil/77.jpg
Sandy,5.89,32,26,22,31,Drip,75,Sugarcane,Barley,Cotton,Medium,152,22,69,63435,/content/drive/MyDrive/dataset/Orignal-Dataset/Black_Soil/218.jpg
Silty,7.26,53,35,43,53,Sprinkler,91,Millet,Soybean,Rice,High,139,27,70,64812,/content/drive/MyDrive/dataset/Orignal-Dataset/Black_Soil/44.jpg
Clay,7.32,51,16,49,33,Flood,66,Vegetables,Millet,Soybean,Medium,56,26,63,50336,/content/drive/MyDrive/dataset/Orignal-Dataset/Black_Soil/32.jpg
Loamy,6.55,28,37,21,57,Flood,65,Cotton,Vegetables,Barley,Low,149,35,52,59568,/content/drive/MyDrive/dataset/Orignal-Dataset/Black_Soil/5.jpg
Sandy,6.19,25,36,35,57,Drip,74,Millet,Vegetables,Cotton,High,180,25,42,61366,/content/drive/MyDrive/dataset/Orignal-Dataset/Black_Soil/1a.jpg
Silty,7.24,44,40,23,61,Sprinkler,60,Vegetables,Cotton,Groundnut,High,102,22,70,70007,/content/drive/MyDrive/dataset/Orignal-Dataset/Black_Soil/81.jpg
Silty,6.59,34,23,21,72,Drip,85,Sugarcane,Barley,Groundnut,High,167,20,90,75739,/content/drive/MyDrive/dataset/Orignal-Dataset/Black_Soil/6.jpg
Loamy,5.87,42,40,36,41,Flood,84,Sugarcane,Vegetables,Maize,Medium,78,26,60,34636,/content/drive/MyDrive/dataset/Orignal-Dataset/Black_Soil/80.jpg
Loamy,7.27,31,29,38,70,Flood,55,Wheat,Vegetables,Cotton,High,146,31,68,26839,/content/drive/MyDrive/dataset/Orignal-Dataset/Black_Soil/50.jpg
Clay,6.02,55,39,20,56,Drip,71,Maize,Groundnut,Maize,High,198,22,55,75055,/content/drive/MyDrive/dataset/Orignal-Dataset/Black_Soil/23.jpg
Clay,7.11,40,23,48,57,Drip,70,Rice,Cotton,Soybean,High,141,34,75,71023,/content/drive/MyDrive/dataset/Orignal-Dataset/Black_Soil/35.jpg
Sandy,5.54,22,39,24,42,Flood,62,Wheat,Millet,Cotton,Low,71,35,85,38891,/content/drive/MyDrive/dataset/Orignal-Dataset/Black_Soil/75a.jpg
Loamy,6.43,51,29,41,65,Flood,53,Barley,Sugarcane,Sugarcane,High,86,26,71,68824,/content/drive/MyDrive/dataset/Orignal-Dataset/Laterite_Soil/1.jpg
Loamy,6.15,31,20,31,78,Drip,59,Millet,Millet,Vegetables,Medium,117,31,73,43467,/content/drive/MyDrive/dataset/Orignal-Dataset/Laterite_Soil/116.jpg
Loamy,5.94,53,20,43,43,Flood,57,Sugarcane,Soybean,Wheat,High,158,26,85,72086,/content/drive/MyDrive/dataset/Orignal-Dataset/Laterite_Soil/103.jpg
Silty,7.34,38,33,43,38,Flood,56,Sugarcane,Cotton,Vegetables,Low,121,31,69,28946,/content/drive/MyDrive/dataset/Orignal-Dataset/Laterite_Soil/106.jpg
Loamy,6.5,30,36,32,76,Drip,66,Wheat,Vegetables,Millet,High,124,22,45,75988,/content/drive/MyDrive/dataset/Orignal-Dataset/Laterite_Soil/108.jpg
Silty,6.93,48,15,41,54,Sprinkler,67,Cotton,Sugarcane,Maize,High,126,21,57,74831,/content/drive/MyDrive/dataset/Orignal-Dataset/Laterite_Soil/10a.jpg
Silty,5.68,60,23,20,58,Drip,75,Soybean,Sugarcane,Rice,Medium,146,30,58,20486,/content/drive/MyDrive/dataset/Orignal-Dataset/Laterite_Soil/102a.jpg
Loamy,7.4,48,20,39,48,Sprinkler,72,Soybean,Rice,Groundnut,High,118,24,53,22073,/content/drive/MyDrive/dataset/Orignal-Dataset/Laterite_Soil/104.jpg
Sandy,5.97,26,30,41,43,Drip,77,Rice,Sugarcane,Cotton,Low,199,21,75,49133,/content/drive/MyDrive/dataset/Orignal-Dataset/Laterite_Soil/101.jpg
Sandy,7.34,29,32,46,66,Sprinkler,90,Cotton,Rice,Maize,High,172,27,40,47224,/content/drive/MyDrive/dataset/Orignal-Dataset/Laterite_Soil/102.jpg
Sandy,5.63,46,22,32,70,Drip,62,Wheat,Cotton,Millet,Medium,85,26,73,34135,/content/drive/MyDrive/dataset/Orignal-Dataset/Laterite_Soil/111.jpg
Sandy,6.32,41,24,27,34,Drip,88,Vegetables,Maize,Cotton,Low,188,25,76,28441,/content/drive/MyDrive/dataset/Orignal-Dataset/Laterite_Soil/122.jpg
Clay,5.84,35,36,27,64,Sprinkler,79,Wheat,Vegetables,Soybean,High,168,26,62,70823,/content/drive/MyDrive/dataset/Orignal-Dataset/Laterite_Soil/11.jpg
Loamy,6.74,43,38,24,66,Drip,50,Rice,Millet,Soybean,Medium,151,31,76,65547,/content/drive/MyDrive/dataset/Orignal-Dataset/Laterite_Soil/114.jpg
Sandy,5.82,32,36,30,44,Sprinkler,85,Wheat,Maize,Cotton,High,194,27,62,64424,/content/drive/MyDrive/dataset/Orignal-Dataset/Laterite_Soil/108a.jpg
Loamy,6.61,22,18,29,33,Sprinkler,57,Cotton,Soybean,Cotton,Low,120,28,84,31620,/content/drive/MyDrive/dataset/Orignal-Dataset/Laterite_Soil/120.jpg
Clay,6.19,22,35,24,71,Sprinkler,56,Maize,Rice,Wheat,Low,71,29,42,22459,/content/drive/MyDrive/dataset/Orignal-Dataset/Laterite_Soil/117.jpg
Clay,7.08,25,31,33,31,Flood,56,Barley,Maize,Soybean,High,90,26,78,77848,/content/drive/MyDrive/dataset/Orignal-Dataset/Laterite_Soil/10.jpg
Clay,6.23,26,28,26,53,Drip,60,Groundnut,Rice,Cotton,Medium,79,32,81,38410,/content/drive/MyDrive/dataset/Orignal-Dataset/Laterite_Soil/12.jpg
Loamy,5.85,37,39,20,46,Sprinkler,73,Wheat,Cotton,Millet,Medium,139,25,86,57283,/content/drive/MyDrive/dataset/Orignal-Dataset/Laterite_Soil/123.jpg
Sandy,6.36,33,30,29,39,Drip,75,Groundnut,Soybean,Wheat,High,190,29,41,40195,/content/drive/MyDrive/dataset/Orignal-Dataset/Laterite_Soil/114a.jpg
Sandy,7.11,36,19,26,46,Drip,58,Vegetables,Maize,Wheat,Low,165,22,44,73817,/content/drive/MyDrive/dataset/Orignal-Dataset/Laterite_Soil/121.jpg
Silty,5.77,39,20,42,47,Sprinkler,86,Soybean,Rice,Millet,Low,177,23,90,49306,/content/drive/MyDrive/dataset/Orignal-Dataset/Laterite_Soil/124.jpg
Sandy,6.34,41,26,49,36,Sprinkler,72,Millet,Cotton,Sugarcane,Low,173,21,72,34163,/content/drive/MyDrive/dataset/Orignal-Dataset/Laterite_Soil/110.jpg
Loamy,7.35,41,21,49,30,Drip,90,Soybean,Soybean,Barley,High,101,29,47,54710,/content/drive/MyDrive/dataset/Orignal-Dataset/Laterite_Soil/109.jpg
Loamy,6.55,41,29,21,58,Sprinkler,69,Vegetables,Barley,Sugarcane,High,167,27,44,42995,/content/drive/MyDrive/dataset/Orignal-Dataset/Laterite_Soil/123a.jpg
Sandy,5.92,44,26,43,75,Flood,77,Vegetables,Soybean,Maize,Low,102,28,73,39350,/content/drive/MyDrive/dataset/Orignal-Dataset/Laterite_Soil/190.jpg
Silty,6.25,33,39,20,55,Sprinkler,52,Soybean,Rice,Vegetables,High,150,23,45,26360,/content/drive/MyDrive/dataset/Orignal-Dataset/Laterite_Soil/24.jpg
Loamy,6.65,23,21,39,32,Sprinkler,74,Vegetables,Wheat,Soybean,Low,77,24,89,76212,/content/drive/MyDrive/dataset/Orignal-Dataset/Laterite_Soil/172.jpg
Sandy,6.89,47,15,39,61,Sprinkler,82,Barley,Millet,Barley,Low,66,20,52,39228,/content/drive/MyDrive/dataset/Orignal-Dataset/Laterite_Soil/184b.jpg
Sandy,5.55,32,17,36,68,Flood,93,Barley,Wheat,Cotton,Medium,117,23,61,29623,/content/drive/MyDrive/dataset/Orignal-Dataset/Laterite_Soil/163a.jpg
Loamy,7.49,28,27,36,70,Sprinkler,77,Vegetables,Soybean,Wheat,Medium,98,20,42,28369,/content/drive/MyDrive/dataset/Orignal-Dataset/Laterite_Soil/168.jpg
Sandy,6.08,60,37,43,47,Drip,65,Sugarcane,Cotton,Groundnut,Low,133,28,54,37860,/content/drive/MyDrive/dataset/Orignal-Dataset/Laterite_Soil/210.jpg
Sandy,7.34,43,33,46,58,Drip,83,Wheat,Vegetables,Wheat,Low,77,22,59,30837,/content/drive/MyDrive/dataset/Orignal-Dataset/Laterite_Soil/230.jpg
Silty,7.39,57,30,41,53,Flood,53,Maize,Cotton,Barley,High,117,26,54,27489,/content/drive/MyDrive/dataset/Orignal-Dataset/Laterite_Soil/219.jpg
Loamy,7.05,21,15,41,39,Sprinkler,69,Soybean,Vegetables,Maize,Low,98,31,48,59720,/content/drive/MyDrive/dataset/Orignal-Dataset/Laterite_Soil/162a.jpg
Silty,7.46,38,27,20,53,Flood,76,Vegetables,Cotton,Sugarcane,High,113,31,57,51251,/content/drive/MyDrive/dataset/Orignal-Dataset/Laterite_Soil/132.jpg
Loamy,7.02,37,38,29,34,Flood,59,Groundnut,Sugarcane,Soybean,Medium,82,27,57,48860,/content/drive/MyDrive/dataset/Orignal-Dataset/Laterite_Soil/28.jpg
Sandy,6.55,52,21,22,39,Flood,90,Maize,Groundnut,Soybean,High,195,26,73,75556,/content/drive/MyDrive/dataset/Orignal-Dataset/Laterite_Soil/155.jpg
Clay,6.8,29,39,29,53,Flood,72,Maize,Wheat,Groundnut,High,56,27,88,35943,/content/drive/MyDrive/dataset/Orignal-Dataset/Laterite_Soil/173.jpg
Silty,7.45,51,40,27,79,Sprinkler,58,Sugarcane,Groundnut,Cotton,Low,109,20,61,74238,/content/drive/MyDrive/dataset/Orignal-Dataset/Laterite_Soil/224.jpg
Clay,5.58,46,32,36,60,Flood,73,Wheat,Soybean,Sugarcane,Medium,127,26,58,75140,/content/drive/MyDrive/dataset/Orignal-Dataset/Laterite_Soil/157.jpg
Loamy,6.89,24,36,30,59,Drip,79,Rice,Maize,Rice,Low,181,33,90,77093,/content/drive/MyDrive/dataset/Orignal-Dataset/Laterite_Soil/125.jpg
Sandy,7.31,42,30,23,67,Sprinkler,73,Vegetables,Wheat,Millet,Medium,146,29,49,25068,/content/drive/MyDrive/dataset/Orignal-Dataset/Laterite_Soil/232.jpg
Silty,6.65,26,36,49,30,Sprinkler,71,Rice,Sugarcane,Rice,High,176,27,47,26505,/content/drive/MyDrive/dataset/Orignal-Dataset/Laterite_Soil/183.jpg
Sandy,5.55,43,35,21,48,Drip,82,Soybean,Maize,Millet,Low,140,29,77,63275,/content/drive/MyDrive/dataset/Orignal-Dataset/Laterite_Soil/143.jpg
Sandy,5.68,30,39,28,74,Sprinkler,74,Barley,Rice,Groundnut,High,66,26,79,30924,/content/drive/MyDrive/dataset/Orignal-Dataset/Laterite_Soil/19.jpg
Clay,7.33,48,21,22,50,Sprinkler,77,Sugarcane,Wheat,Barley,High,97,26,60,59323,/content/drive/MyDrive/dataset/Orignal-Dataset/Laterite_Soil/136.jpg
Loamy,5.62,43,32,38,62,Drip,81,Maize,Cotton,Soybean,Low,106,30,49,32550,/content/drive/MyDrive/dataset/Orignal-Dataset/Laterite_Soil/182.jpg
Silty,6.79,22,38,32,48,Drip,60,Soybean,Soybean,Sugarcane,Medium,162,35,88,47088,/content/drive/MyDrive/dataset/Orignal-Dataset/Laterite_Soil/149.jpg
Loamy,6.55,37,32,28,48,Flood,59,Soybean,Vegetables,Millet,Low,167,22,84,39046,/content/drive/MyDrive/dataset/Orignal-Dataset/Laterite_Soil/146.jpg
Clay,7.43,22,32,50,66,Flood,51,Wheat,Maize,Wheat,Low,103,23,43,67523,/content/drive/MyDrive/dataset/Orignal-Dataset/Laterite_Soil/153.jpg
Loamy,7.13,44,39,39,45,Drip,61,Cotton,Rice,Vegetables,Medium,158,24,49,37347,/content/drive/MyDrive/dataset/Orignal-Dataset/Laterite_Soil/160.jpg
Clay,7.01,58,25,38,58,Flood,69,Vegetables,Wheat,Millet,Medium,88,29,56,49552,/content/drive/MyDrive/dataset/Orignal-Dataset/Laterite_Soil/148.jpg
Silty,7.3,60,17,29,45,Sprinkler,81,Wheat,Soybean,Sugarcane,Medium,162,32,77,46002,/content/drive/MyDrive/dataset/Orignal-Dataset/Laterite_Soil/151.jpg
Silty,6.96,58,16,24,32,Sprinkler,53,Wheat,Maize,Groundnut,Medium,168,27,85,52237,/content/drive/MyDrive/dataset/Orignal-Dataset/Laterite_Soil/167.jpg
Sandy,7.42,36,37,42,62,Sprinkler,54,Cotton,Groundnut,Groundnut,Low,82,23,69,45772,/content/drive/MyDrive/dataset/Orignal-Dataset/Laterite_Soil/227.jpg
Sandy,7.34,31,31,20,59,Sprinkler,93,Sugarcane,Rice,Groundnut,Low,199,22,62,23521,/content/drive/MyDrive/dataset/Orignal-Dataset/Laterite_Soil/248.jpg
Clay,7.27,43,34,50,79,Drip,89,Sugarcane,Maize,Vegetables,Medium,172,20,62,34277,/content/drive/MyDrive/dataset/Orignal-Dataset/Laterite_Soil/20.jpg
Silty,6.77,37,22,30,59,Flood,93,Cotton,Sugarcane,Sugarcane,Low,180,30,71,67594,/content/drive/MyDrive/dataset/Orignal-Dataset/Laterite_Soil/207.jpg
Loamy,5.96,55,15,23,76,Drip,68,Vegetables,Vegetables,Groundnut,Medium,185,27,40,29023,/content/drive/MyDrive/dataset/Orignal-Dataset/Laterite_Soil/193.jpg
Sandy,7.07,43,23,20,69,Sprinkler,93,Barley,Groundnut,Wheat,High,114,34,53,78378,/content/drive/MyDrive/dataset/Orignal-Dataset/Laterite_Soil/270.jpg
Silty,6.04,44,29,46,52,Drip,62,Vegetables,Wheat,Millet,Medium,89,26,77,23697,/content/drive/MyDrive/dataset/Orignal-Dataset/Laterite_Soil/176.jpg
Clay,6.58,41,38,41,72,Drip,95,Soybean,Sugarcane,Wheat,Low,99,28,65,37133,/content/drive/MyDrive/dataset/Orignal-Dataset/Laterite_Soil/156.jpg
Sandy,5.55,52,29,38,39,Sprinkler,86,Sugarcane,Soybean,Vegetables,Medium,83,28,59,36200,/content/drive/MyDrive/dataset/Orignal-Dataset/Laterite_Soil/18.jpg
Silty,6.31,42,16,43,74,Drip,91,Rice,Soybean,Maize,Low,108,34,73,41213,/content/drive/MyDrive/dataset/Orignal-Dataset/Laterite_Soil/226a.jpg
Clay,6.8,30,38,43,32,Sprinkler,74,Vegetables,Maize,Soybean,High,188,23,73,27777,/content/drive/MyDrive/dataset/Orignal-Dataset/Laterite_Soil/184a.jpg
Sandy,6.99,33,28,30,74,Drip,90,Soybean,Vegetables,Sugarcane,Low,199,34,56,74498,/content/drive/MyDrive/dataset/Orignal-Dataset/Laterite_Soil/260.jpg
Clay,7.31,55,29,23,34,Sprinkler,81,Sugarcane,Barley,Millet,High,192,28,73,55958,/content/drive/MyDrive/dataset/Orignal-Dataset/Laterite_Soil/23.jpg
Sandy,6.0,33,15,46,70,Sprinkler,65,Soybean,Millet,Cotton,Medium,140,27,66,44216,/content/drive/MyDrive/dataset/Orignal-Dataset/Laterite_Soil/216.jpg
Loamy,7.4,55,18,29,52,Drip,56,Rice,Wheat,Rice,Low,125,35,74,24282,/content/drive/MyDrive/dataset/Orignal-Dataset/Laterite_Soil/243.jpg
Sandy,6.58,27,22,28,53,Sprinkler,84,Millet,Cotton,Groundnut,Medium,104,25,44,43971,/content/drive/MyDrive/dataset/Orignal-Dataset/Laterite_Soil/127.jpg
Clay,6.28,48,34,34,69,Drip,63,Groundnut,Soybean,Cotton,Medium,187,27,84,30498,/content/drive/MyDrive/dataset/Orignal-Dataset/Laterite_Soil/27.jpg
Sandy,6.58,25,40,45,71,Drip,81,Millet,Vegetables,Groundnut,Low,103,33,81,48545,/content/drive/MyDrive/dataset/Orignal-Dataset/Laterite_Soil/228.jpg
Loamy,6.04,39,34,28,30,Drip,60,Wheat,Groundnut,Vegetables,Low,116,24,46,54185,/content/drive/MyDrive/dataset/Orignal-Dataset/Laterite_Soil/162b.jpg
Clay,6.22,36,37,33,79,Drip,92,Sugarcane,Groundnut,Maize,Medium,173,26,61,60442,/content/drive/MyDrive/dataset/Orignal-Dataset/Laterite_Soil/226b.jpg
Clay,7.1,44,36,42,42,Sprinkler,75,Sugarcane,Soybean,Groundnut,High,121,35,73,79243,/content/drive/MyDrive/dataset/Orignal-Dataset/Laterite_Soil/163b.jpg
Clay,7.29,23,19,21,36,Drip,68,Vegetables,Sugarcane,Cotton,High,100,30,62,32485,/content/drive/MyDrive/dataset/Orignal-Dataset/Laterite_Soil/223.jpg
Clay,6.26,55,32,47,53,Drip,78,Cotton,Cotton,Sugarcane,Low,141,22,47,59665,/content/drive/MyDrive/dataset/Orignal-Dataset/Laterite_Soil/235.jpg
Clay,6.72,43,34,48,40,Sprinkler,62,Vegetables,Rice,Maize,Medium,193,22,83,45939,/content/drive/MyDrive/dataset/Orignal-Dataset/Laterite_Soil/269.jpg
Silty,5.55,44,28,20,79,Drip,95,Maize,Soybean,Maize,High,106,22,76,77453,/content/drive/MyDrive/dataset/Orignal-Dataset/Laterite_Soil/240.jpg
Sandy,7.47,41,22,39,31,Drip,56,Vegetables,Cotton,Barley,Low,105,29,67,64223,/content/drive/MyDrive/dataset/Orignal-Dataset/Laterite_Soil/147.jpg
Sandy,6.05,44,37,44,72,Flood,50,Vegetables,Soybean,Sugarcane,Medium,108,28,84,31175,/content/drive/MyDrive/dataset/Orignal-Dataset/Laterite_Soil/212.jpg
Loamy,6.2,30,40,34,68,Flood,77,Wheat,Rice,Groundnut,Low,103,26,86,62386,/content/drive/MyDrive/dataset/Orignal-Dataset/Laterite_Soil/21.jpg
Sandy,6.86,21,16,34,60,Drip,76,Sugarcane,Wheat,Groundnut,High,192,33,47,60903,/content/drive/MyDrive/dataset/Orignal-Dataset/Laterite_Soil/25.jpg
Clay,6.79,56,36,44,32,Flood,52,Sugarcane,Wheat,Cotton,Low,102,34,74,48069,/content/drive/MyDrive/dataset/Orignal-Dataset/Laterite_Soil/138.jpg
Loamy,7.1,23,37,35,55,Flood,79,Millet,Groundnut,Maize,High,89,20,48,47228,/content/drive/MyDrive/dataset/Orignal-Dataset/Laterite_Soil/131.jpg
Silty,5.65,52,19,49,43,Flood,84,Cotton,Soybean,Millet,High,140,35,83,29387,/content/drive/MyDrive/dataset/Orignal-Dataset/Laterite_Soil/139.jpg
Loamy,6.54,46,18,43,33,Drip,71,Groundnut,Rice,Soybean,High,122,23,77,35821,/content/drive/MyDrive/dataset/Orignal-Dataset/Laterite_Soil/163.jpg
Silty,6.36,49,35,26,70,Sprinkler,50,Barley,Groundnut,Soybean,High,163,22,60,68002,/content/drive/MyDrive/dataset/Orignal-Dataset/Laterite_Soil/134.jpg
Silty,6.01,58,34,24,59,Drip,61,Groundnut,Vegetables,Cotton,Medium,99,25,85,59549,/content/drive/MyDrive/dataset/Orignal-Dataset/Laterite_Soil/279.jpg
Sandy,6.73,60,25,47,60,Flood,72,Cotton,Soybean,Groundnut,Medium,55,24,43,75820,/content/drive/MyDrive/dataset/Orignal-Dataset/Laterite_Soil/169.jpg
Clay,7.33,25,15,41,34,Flood,85,Millet,Soybean,Millet,Medium,79,24,85,53363,/content/drive/MyDrive/dataset/Orignal-Dataset/Laterite_Soil/162.jpg
Loamy,6.13,22,36,30,65,Flood,70,Soybean,Millet,Barley,Low,149,26,68,32182,/content/drive/MyDrive/dataset/Orignal-Dataset/Laterite_Soil/252.jpg
Loamy,6.79,42,22,39,41,Drip,87,Rice,Wheat,Vegetables,High,170,25,49,66988,/content/drive/MyDrive/dataset/Orignal-Dataset/Laterite_Soil/234.jpg
Sandy,5.73,41,28,41,33,Drip,65,Sugarcane,Barley,Groundnut,High,173,24,83,39156,/content/drive/MyDrive/dataset/Orignal-Dataset/Laterite_Soil/222.jpg
Silty,7.06,31,17,40,46,Sprinkler,50,Soybean,Groundnut,Sugarcane,Low,166,34,40,41224,/content/drive/MyDrive/dataset/Orignal-Dataset/Laterite_Soil/128.jpg
Clay,5.58,21,19,37,30,Sprinkler,85,Sugarcane,Soybean,Soybean,Medium,141,30,86,31703,/content/drive/MyDrive/dataset/Orignal-Dataset/Laterite_Soil/129.jpg
Silty,6.02,25,22,26,48,Sprinkler,95,Sugarcane,Cotton,Soybean,Low,185,35,53,64052,/content/drive/MyDrive/dataset/Orignal-Dataset/Laterite_Soil/206.jpg
Sandy,5.65,51,26,30,66,Drip,68,Vegetables,Vegetables,Soybean,High,62,22,78,66384,/content/drive/MyDrive/dataset/Orignal-Dataset/Laterite_Soil/225.jpg
Loamy,5.59,24,19,50,30,Sprinkler,51,Cotton,Maize,Barley,Low,85,35,86,72194,/content/drive/MyDrive/dataset/Orignal-Dataset/Laterite_Soil/150.jpg
Loamy,6.49,26,18,40,49,Sprinkler,72,Rice,Sugarcane,Maize,Low,52,33,45,65719,/content/drive/MyDrive/dataset/Orignal-Dataset/Laterite_Soil/142.jpg
Sandy,6.21,51,18,37,72,Sprinkler,87,Groundnut,Wheat,Maize,Low,52,21,60,60185,/content/drive/MyDrive/dataset/Orignal-Dataset/Laterite_Soil/133.jpg
Loamy,6.66,59,38,31,79,Flood,62,Wheat,Millet,Cotton,High,58,24,62,61827,/content/drive/MyDrive/dataset/Orignal-Dataset/Laterite_Soil/140.jpg
Loamy,6.82,24,16,40,71,Flood,71,Groundnut,Wheat,Cotton,Medium,162,21,42,73222,/content/drive/MyDrive/dataset/Orignal-Dataset/Laterite_Soil/164.jpg
Clay,6.98,28,40,30,30,Flood,70,Soybean,Soybean,Groundnut,Low,199,32,57,73411,/content/drive/MyDrive/dataset/Orignal-Dataset/Laterite_Soil/179.jpg
Silty,6.86,58,37,23,74,Sprinkler,54,Millet,Vegetables,Vegetables,High,185,31,63,38850,/content/drive/MyDrive/dataset/Orignal-Dataset/Laterite_Soil/262.jpg
Silty,6.29,32,19,47,41,Sprinkler,60,Vegetables,Maize,Cotton,Medium,138,35,68,29500,/content/drive/MyDrive/dataset/Orignal-Dataset/Laterite_Soil/229.jpg
Silty,7.46,39,27,23,42,Flood,75,Cotton,Sugarcane,Soybean,Medium,150,29,71,76169,/content/drive/MyDrive/dataset/Orignal-Dataset/Laterite_Soil/184.jpg
Clay,6.01,34,36,30,69,Drip,61,Groundnut,Wheat,Rice,High,139,20,48,21565,/content/drive/MyDrive/dataset/Orignal-Dataset/Laterite_Soil/166.jpg
Sandy,6.98,47,25,37,49,Flood,72,Cotton,Millet,Rice,Medium,173,30,70,66161,/content/drive/MyDrive/dataset/Orignal-Dataset/Laterite_Soil/161.jpg
Silty,5.57,50,31,35,61,Sprinkler,66,Sugarcane,Vegetables,Groundnut,Low,141,27,67,61234,/content/drive/MyDrive/dataset/Orignal-Dataset/Laterite_Soil/226.jpg
Loamy,6.98,34,19,47,65,Drip,69,Soybean,Cotton,Millet,High,168,26,58,72719,/content/drive/MyDrive/dataset/Orignal-Dataset/Laterite_Soil/165.jpg
Loamy,6.72,39,33,24,67,Drip,58,Rice,Maize,Groundnut,Medium,117,35,68,68863,/content/drive/MyDrive/dataset/Orignal-Dataset/Laterite_Soil/15.jpg
Silty,6.38,42,31,39,41,Drip,72,Groundnut,Rice,Cotton,Low,132,23,65,21542,/content/drive/MyDrive/dataset/Orignal-Dataset/Laterite_Soil/238.jpg
Loamy,6.79,26,23,40,79,Drip,81,Soybean,Soybean,Rice,Low,139,26,59,38688,/content/drive/MyDrive/dataset/Orignal-Dataset/Laterite_Soil/244.jpg
Loamy,7.19,60,18,34,73,Sprinkler,77,Cotton,Vegetables,Millet,Medium,198,20,50,25878,/content/drive/MyDrive/dataset/Orignal-Dataset/Laterite_Soil/258.jpg
Loamy,6.55,49,26,24,68,Drip,65,Barley,Maize,Groundnut,Medium,106,32,50,63378,/content/drive/MyDrive/dataset/Orignal-Dataset/Laterite_Soil/14.jpg
Sandy,6.48,59,32,27,45,Flood,60,Soybean,Vegetables,Millet,Low,139,35,74,32695,/content/drive/MyDrive/dataset/Orignal-Dataset/Laterite_Soil/154.jpg
Clay,6.47,59,20,21,33,Flood,84,Soybean,Maize,Barley,Low,68,21,86,43161,/content/drive/MyDrive/dataset/Orignal-Dataset/Laterite_Soil/282.jpg
Sandy,6.42,53,17,42,53,Sprinkler,68,Soybean,Sugarcane,Vegetables,High,78,21,78,23558,/content/drive/MyDrive/dataset/Orignal-Dataset/Laterite_Soil/128a.jpg
Silty,5.64,21,36,43,56,Drip,95,Maize,Rice,Sugarcane,Low,122,29,69,27087,/content/drive/MyDrive/dataset/Orignal-Dataset/Laterite_Soil/250.jpg
Silty,6.64,29,35,46,47,Sprinkler,74,Soybean,Rice,Sugarcane,Low,98,33,63,29217,/content/drive/MyDrive/dataset/Orignal-Dataset/Laterite_Soil/141.jpg
Loamy,6.93,43,31,46,59,Flood,69,Sugarcane,Vegetables,Cotton,Medium,99,26,40,71173,/content/drive/MyDrive/dataset/Orignal-Dataset/Laterite_Soil/249.jpg
Loamy,6.74,54,19,30,33,Drip,79,Barley,Barley,Barley,Medium,91,35,61,79306,/content/drive/MyDrive/dataset/Orignal-Dataset/Laterite_Soil/130.jpg
Sandy,6.48,34,21,39,30,Drip,65,Soybean,Rice,Millet,Low,119,26,63,28425,/content/drive/MyDrive/dataset/Orignal-Dataset/Laterite_Soil/271.jpg
Silty,6.72,43,32,34,64,Flood,68,Maize,Soybean,Sugarcane,Medium,54,30,58,70173,/content/drive/MyDrive/dataset/Orignal-Dataset/Laterite_Soil/288b.jpg
Loamy,6.73,24,22,44,77,Flood,82,Sugarcane,Millet,Groundnut,Medium,168,21,77,52080,/content/drive/MyDrive/dataset/Orignal-Dataset/Laterite_Soil/75.jpg
Sandy,6.63,24,33,20,53,Flood,59,Vegetables,Barley,Sugarcane,Medium,189,32,46,54448,/content/drive/MyDrive/dataset/Orignal-Dataset/Laterite_Soil/41.jpg
Clay,5.71,44,40,23,55,Drip,72,Cotton,Barley,Millet,Low,61,24,48,33430,/content/drive/MyDrive/dataset/Orignal-Dataset/Laterite_Soil/285.jpg
Sandy,7.06,57,39,39,68,Flood,89,Cotton,Soybean,Wheat,High,166,21,54,66949,/content/drive/MyDrive/dataset/Orignal-Dataset/Laterite_Soil/48.jpg
Sandy,6.47,32,23,43,53,Sprinkler,76,Groundnut,Sugarcane,Maize,High,68,27,68,53459,/content/drive/MyDrive/dataset/Orignal-Dataset/Laterite_Soil/5.jpg
Silty,5.69,57,39,35,47,Sprinkler,62,Sugarcane,Maize,Millet,Medium,146,30,47,70548,/content/drive/MyDrive/dataset/Orignal-Dataset/Laterite_Soil/32.jpg
Clay,7.49,28,40,46,52,Sprinkler,53,Sugarcane,Sugarcane,Groundnut,Low,64,29,79,23116,/content/drive/MyDrive/dataset/Orignal-Dataset/Laterite_Soil/71.jpg
Sandy,6.91,21,17,26,36,Drip,93,Barley,Maize,Wheat,Low,134,22,53,43644,/content/drive/MyDrive/dataset/Orignal-Dataset/Laterite_Soil/6.jpg
Silty,6.76,54,28,29,60,Flood,57,Vegetables,Groundnut,Cotton,High,124,25,55,26790,/content/drive/MyDrive/dataset/Orignal-Dataset/Laterite_Soil/288a.jpg
Sandy,7.26,25,21,41,53,Sprinkler,64,Maize,Cotton,Wheat,Medium,95,32,69,32788,/content/drive/MyDrive/dataset/Orignal-Dataset/Laterite_Soil/72.jpg
Clay,6.2,20,23,49,47,Drip,94,Vegetables,Millet,Sugarcane,Low,68,20,51,60635,/content/drive/MyDrive/dataset/Orignal-Dataset/Laterite_Soil/31.jpg
Clay,7.49,56,31,30,31,Sprinkler,94,Groundnut,Millet,Rice,High,192,22,86,41165,/content/drive/MyDrive/dataset/Orignal-Dataset/Laterite_Soil/74.jpg
Clay,7.31,20,36,20,68,Sprinkler,88,Millet,Sugarcane,Millet,Low,98,22,64,42055,/content/drive/MyDrive/dataset/Orignal-Dataset/Laterite_Soil/3.jpg
Loamy,7.08,23,37,29,58,Flood,91,Wheat,Groundnut,Cotton,Medium,104,34,77,51607,/content/drive/MyDrive/dataset/Orignal-Dataset/Laterite_Soil/96a.jpg
Sandy,7.09,58,23,21,65,Flood,83,Soybean,Barley,Wheat,High,146,35,88,78391,/content/drive/MyDrive/dataset/Orignal-Dataset/Laterite_Soil/49.jpg
Clay,6.52,23,36,29,73,Flood,93,Groundnut,Barley,Cotton,High,167,35,79,60820,/content/drive/MyDrive/dataset/Orignal-Dataset/Laterite_Soil/37.jpg
Sandy,6.18,47,19,43,79,Flood,61,Sugarcane,Maize,Wheat,Low,166,30,82,35548,/content/drive/MyDrive/dataset/Orignal-Dataset/Laterite_Soil/98.jpg
Silty,7.0,36,27,35,31,Flood,73,Millet,Rice,Vegetables,Low,96,24,61,61965,/content/drive/MyDrive/dataset/Orignal-Dataset/Laterite_Soil/46.jpg
Silty,6.29,20,19,26,66,Sprinkler,53,Sugarcane,Millet,Vegetables,High,135,26,43,23709,/content/drive/MyDrive/dataset/Orignal-Dataset/Laterite_Soil/67.jpg
Sandy,7.33,58,18,22,34,Sprinkler,95,Sugarcane,Soybean,Maize,High,162,22,89,40290,/content/drive/MyDrive/dataset/Orignal-Dataset/Laterite_Soil/84.jpg
Loamy,6.28,28,21,20,47,Sprinkler,92,Barley,Groundnut,Vegetables,Low,183,31,67,57859,/content/drive/MyDrive/dataset/Orignal-Dataset/Laterite_Soil/90.jpg
Clay,6.54,28,27,38,34,Flood,86,Wheat,Millet,Wheat,High,139,21,56,37349,/content/drive/MyDrive/dataset/Orignal-Dataset/Laterite_Soil/92a.jpg
Sandy,5.54,54,37,50,72,Flood,68,Cotton,Sugarcane,Vegetables,High,90,29,70,68238,/content/drive/MyDrive/dataset/Orignal-Dataset/Laterite_Soil/69.jpg
Silty,7.41,39,32,41,68,Flood,87,Soybean,Wheat,Cotton,High,200,29,51,26226,/content/drive/MyDrive/dataset/Orignal-Dataset/Laterite_Soil/73.jpg
Sandy,7.26,50,31,48,45,Drip,70,Rice,Vegetables,Vegetables,Medium,53,29,76,77732,/content/drive/MyDrive/dataset/Orignal-Dataset/Laterite_Soil/60.jpg
Loamy,5.96,35,34,25,52,Flood,73,Sugarcane,Barley,Sugarcane,Medium,184,25,50,62460,/content/drive/MyDrive/dataset/Orignal-Dataset/Laterite_Soil/43.jpg
Loamy,5.79,38,25,37,65,Flood,76,Soybean,Maize,Rice,High,158,24,87,20845,/content/drive/MyDrive/dataset/Orignal-Dataset/Laterite_Soil/62.jpg
Clay,7.17,56,30,41,41,Flood,60,Rice,Millet,Sugarcane,Low,83,23,73,34751,/content/drive/MyDrive/dataset/Orignal-Dataset/Laterite_Soil/71a.jpg
Sandy,7.09,54,21,25,44,Drip,92,Barley,Cotton,Rice,Low,200,27,42,66896,/content/drive/MyDrive/dataset/Orignal-Dataset/Laterite_Soil/83.jpg
Clay,5.98,48,21,46,58,Sprinkler,55,Millet,Groundnut,Barley,Medium,88,29,66,41421,/content/drive/MyDrive/dataset/Orignal-Dataset/Laterite_Soil/44.jpg
Silty,5.5,51,23,21,32,Drip,68,Millet,Millet,Cotton,Low,179,21,77,51208,/content/drive/MyDrive/dataset/Orignal-Dataset/Laterite_Soil/96.jpg
Clay,5.68,37,20,22,53,Drip,95,Barley,Maize,Barley,Medium,150,34,71,42328,/content/drive/MyDrive/dataset/Orignal-Dataset/Laterite_Soil/35a.jpg
Clay,5.61,29,22,33,60,Sprinkler,52,Vegetables,Rice,Soybean,High,190,27,64,55594,/content/drive/MyDrive/dataset/Orignal-Dataset/Laterite_Soil/91.jpg
Silty,6.88,50,22,45,78,Drip,70,Rice,Soybean,Soybean,Low,149,20,40,28015,/content/drive/MyDrive/dataset/Orignal-Dataset/Laterite_Soil/7.jpg
Sandy,7.22,31,22,26,67,Flood,65,Groundnut,Maize,Barley,Medium,89,23,50,60695,/content/drive/MyDrive/dataset/Orignal-Dataset/Laterite_Soil/33.jpg
Loamy,6.19,38,33,25,54,Sprinkler,73,Soybean,Vegetables,Sugarcane,Low,62,34,74,47807,/content/drive/MyDrive/dataset/Orignal-Dataset/Laterite_Soil/32a.jpg
Sandy,6.53,34,20,31,56,Flood,59,Barley,Rice,Wheat,High,163,31,40,29159,/content/drive/MyDrive/dataset/Orignal-Dataset/Laterite_Soil/61b.jpg
Loamy,5.96,26,33,20,52,Drip,80,Wheat,Cotton,Wheat,High,91,33,74,77227,/content/drive/MyDrive/dataset/Orignal-Dataset/Laterite_Soil/3a.jpg
Loamy,6.33,20,27,47,72,Flood,95,Rice,Millet,Wheat,Low,197,20,73,36581,/content/drive/MyDrive/dataset/Orignal-Dataset/Laterite_Soil/29.jpg
Loamy,6.24,57,32,43,46,Drip,79,Groundnut,Rice,Barley,Medium,102,25,48,37677,/content/drive/MyDrive/dataset/Orignal-Dataset/Laterite_Soil/89.jpg
Clay,7.33,57,37,31,69,Flood,58,Barley,Sugarcane,Groundnut,Medium,112,24,48,21792,/content/drive/MyDrive/dataset/Orignal-Dataset/Laterite_Soil/52.jpg
Clay,6.45,28,24,28,31,Drip,54,Rice,Vegetables,Groundnut,High,191,34,73,77908,/content/drive/MyDrive/dataset/Orignal-Dataset/Laterite_Soil/88.jpg
Clay,6.73,20,18,40,72,Flood,73,Cotton,Groundnut,Wheat,Low,166,31,53,64433,/content/drive/MyDrive/dataset/Orignal-Dataset/Laterite_Soil/75a.jpg
Clay,7.32,59,23,44,31,Drip,95,Vegetables,Soybean,Vegetables,Low,175,22,60,57066,/content/drive/MyDrive/dataset/Orignal-Dataset/Laterite_Soil/75b.jpg
Clay,5.59,27,34,32,33,Sprinkler,64,Millet,Groundnut,Groundnut,Medium,66,23,55,45243,/content/drive/MyDrive/dataset/Orignal-Dataset/Laterite_Soil/34.jpg
Sandy,6.3,29,29,22,56,Drip,70,Maize,Cotton,Maize,Medium,184,28,41,78277,/content/drive/MyDrive/dataset/Orignal-Dataset/Laterite_Soil/87.jpg
Clay,5.55,36,23,31,63,Sprinkler,82,Sugarcane,Cotton,Cotton,Medium,167,27,56,64581,/content/drive/MyDrive/dataset/Orignal-Dataset/Laterite_Soil/30a.jpg
Silty,6.36,48,29,32,62,Flood,80,Soybean,Barley,Groundnut,High,177,32,58,45729,/content/drive/MyDrive/dataset/Orignal-Dataset/Laterite_Soil/9.jpg
Clay,6.52,37,29,44,42,Flood,54,Rice,Rice,Rice,High,97,32,83,49401,/content/drive/MyDrive/dataset/Orignal-Dataset/Laterite_Soil/95.jpg
Clay,6.29,53,28,30,51,Sprinkler,50,Wheat,Maize,Vegetables,Low,187,29,84,32760,/content/drive/MyDrive/dataset/Orignal-Dataset/Laterite_Soil/291.jpg
Loamy,7.05,30,19,44,67,Flood,66,Sugarcane,Wheat,Groundnut,Low,199,29,60,79808,/content/drive/MyDrive/dataset/Orignal-Dataset/Laterite_Soil/80.jpg
Loamy,5.62,45,32,35,49,Sprinkler,60,Barley,Wheat,Wheat,High,126,35,90,75348,/content/drive/MyDrive/dataset/Orignal-Dataset/Laterite_Soil/94.jpg
Sandy,6.37,32,30,26,65,Drip,68,Soybean,Vegetables,Millet,High,184,33,65,40625,/content/drive/MyDrive/dataset/Orignal-Dataset/Laterite_Soil/45.jpg
Loamy,6.66,22,20,49,76,Flood,86,Wheat,Barley,Groundnut,Medium,78,33,89,26160,/content/drive/MyDrive/dataset/Orignal-Dataset/Laterite_Soil/61.jpg
Loamy,6.47,42,35,24,40,Sprinkler,72,Millet,Cotton,Groundnut,Low,140,23,43,73315,/content/drive/MyDrive/dataset/Orignal-Dataset/Laterite_Soil/76.jpg
Loamy,7.42,42,34,46,52,Flood,93,Groundnut,Cotton,Maize,Medium,147,27,59,34451,/content/drive/MyDrive/dataset/Orignal-Dataset/Laterite_Soil/93.jpg
Sandy,5.74,22,39,48,57,Drip,64,Cotton,Groundnut,Groundnut,Medium,73,30,69,50207,/content/drive/MyDrive/dataset/Orignal-Dataset/Laterite_Soil/86.jpg
Loamy,7.31,29,20,46,52,Flood,88,Maize,Maize,Barley,Low,53,34,72,79574,/content/drive/MyDrive/dataset/Orignal-Dataset/Laterite_Soil/78.jpg
Sandy,5.7,56,21,35,75,Sprinkler,73,Cotton,Maize,Groundnut,Low,177,27,49,56348,/content/drive/MyDrive/dataset/Orignal-Dataset/Laterite_Soil/66.jpg
Loamy,7.16,35,19,43,32,Sprinkler,84,Sugarcane,Cotton,Sugarcane,Low,179,24,43,22712,/content/drive/MyDrive/dataset/Orignal-Dataset/Laterite_Soil/79.jpg
Sandy,6.66,34,36,24,56,Sprinkler,90,Cotton,Wheat,Sugarcane,High,70,34,62,71815,/content/drive/MyDrive/dataset/Orignal-Dataset/Laterite_Soil/59a.jpg
Loamy,6.76,21,36,38,58,Drip,50,Maize,Rice,Maize,High,119,33,65,50404,/content/drive/MyDrive/dataset/Orignal-Dataset/Laterite_Soil/61a.jpg
Sandy,5.52,34,34,46,63,Sprinkler,66,Soybean,Vegetables,Maize,High,135,30,51,38286,/content/drive/MyDrive/dataset/Orignal-Dataset/Laterite_Soil/70.jpg
Sandy,5.58,43,21,27,52,Drip,89,Groundnut,Millet,Vegetables,Medium,190,23,65,72981,/content/drive/MyDrive/dataset/Orignal-Dataset/Laterite_Soil/97.jpg
Sandy,6.41,48,21,34,37,Drip,95,Groundnut,Rice,Maize,Medium,180,33,47,45697,/content/drive/MyDrive/dataset/Orignal-Dataset/Laterite_Soil/65.jpg
Silty,5.66,45,36,31,40,Sprinkler,59,Barley,Vegetables,Rice,Low,167,30,52,75031,/content/drive/MyDrive/dataset/Orignal-Dataset/Laterite_Soil/82.jpg
Sandy,6.96,50,34,33,37,Flood,66,Soybean,Barley,Barley,Medium,134,33,84,68454,/content/drive/MyDrive/dataset/Orignal-Dataset/Laterite_Soil/3b.jpg
Clay,6.72,31,24,46,68,Sprinkler,91,Sugarcane,Sugarcane,Rice,Low,91,22,60,51808,/content/drive/MyDrive/dataset/Orignal-Dataset/Laterite_Soil/99.jpg
Silty,6.39,32,32,30,74,Flood,65,Maize,Wheat,Wheat,Medium,122,27,85,54587,/content/drive/MyDrive/dataset/Orignal-Dataset/Laterite_Soil/64.jpg
Sandy,7.45,44,17,25,58,Flood,57,Vegetables,Sugarcane,Soybean,Low,51,34,75,55384,/content/drive/MyDrive/dataset/Orignal-Dataset/Laterite_Soil/42.jpg
Sandy,6.79,39,32,45,49,Sprinkler,90,Rice,Groundnut,Barley,Medium,109,22,71,64809,/content/drive/MyDrive/dataset/Orignal-Dataset/Laterite_Soil/30b.jpg
Silty,6.57,51,30,47,73,Flood,52,Vegetables,Cotton,Maize,High,55,29,84,65055,/content/drive/MyDrive/dataset/Orignal-Dataset/Laterite_Soil/38.jpg
Loamy,7.47,25,32,25,45,Sprinkler,76,Sugarcane,Sugarcane,Rice,Low,93,31,61,65138,/content/drive/MyDrive/dataset/Orignal-Dataset/Laterite_Soil/59.jpg
Sandy,7.49,40,15,37,43,Flood,66,Soybean,Vegetables,Millet,High,83,27,56,29765,/content/drive/MyDrive/dataset/Orignal-Dataset/Laterite_Soil/40.jpg
Clay,5.58,32,25,22,35,Flood,90,Rice,Wheat,Cotton,Medium,156,33,87,74491,/content/drive/MyDrive/dataset/Orignal-Dataset/Laterite_Soil/57.jpg
Silty,7.07,31,32,48,79,Flood,85,Rice,Groundnut,Cotton,High,93,21,54,60678,/content/drive/MyDrive/dataset/Orignal-Dataset/Laterite_Soil/53.jpg
Sandy,6.01,54,31,50,72,Drip,70,Groundnut,Maize,Wheat,Low,117,35,87,29525,/content/drive/MyDrive/dataset/Orignal-Dataset/Laterite_Soil/68.jpg
Loamy,6.44,24,27,35,61,Sprinkler,59,Rice,Vegetables,Barley,Medium,156,29,73,55445,/content/drive/MyDrive/dataset/Orignal-Dataset/Laterite_Soil/55.jpg
Loamy,7.07,36,18,33,45,Flood,55,Sugarcane,Millet,Rice,Low,158,24,46,70384,/content/drive/MyDrive/dataset/Orignal-Dataset/Laterite_Soil/81.jpg
Clay,6.27,54,25,50,69,Sprinkler,70,Sugarcane,Vegetables,Soybean,High,167,21,77,52480,/content/drive/MyDrive/dataset/Orignal-Dataset/Laterite_Soil/47.jpg
Sandy,6.46,44,37,22,77,Sprinkler,77,Cotton,Barley,Cotton,Low,85,33,40,75580,/content/drive/MyDrive/dataset/Orignal-Dataset/Laterite_Soil/51.jpg
Sandy,7.12,48,16,46,32,Sprinkler,81,Sugarcane,Soybean,Sugarcane,Low,161,21,41,64628,/content/drive/MyDrive/dataset/Orignal-Dataset/Laterite_Soil/30.jpg
Loamy,7.48,27,38,29,46,Drip,87,Sugarcane,Millet,Groundnut,Medium,177,34,81,37132,/content/drive/MyDrive/dataset/Orignal-Dataset/Laterite_Soil/4.jpg
Sandy,7.22,37,21,31,54,Sprinkler,79,Millet,Sugarcane,Sugarcane,Low,125,21,66,61714,/content/drive/MyDrive/dataset/Orignal-Dataset/Laterite_Soil/288.jpg
Sandy,7.41,30,32,26,51,Sprinkler,66,Wheat,Maize,Barley,High,81,24,51,43382,/content/drive/MyDrive/dataset/Orignal-Dataset/Laterite_Soil/8.jpg
Loamy,6.7,47,22,46,47,Drip,66,Soybean,Millet,Rice,Medium,103,32,59,75654,/content/drive/MyDrive/dataset/Orignal-Dataset/Laterite_Soil/54.jpg
Silty,7.09,41,19,47,53,Sprinkler,88,Wheat,Cotton,Rice,Medium,164,27,74,44960,/content/drive/MyDrive/dataset/Orignal-Dataset/Laterite_Soil/59b.jpg
Silty,6.75,23,38,35,52,Drip,76,Barley,Maize,Maize,Low,145,28,82,69526,/content/drive/MyDrive/dataset/Orignal-Dataset/Laterite_Soil/85.jpg
Clay,6.01,27,32,43,48,Drip,89,Soybean,Soybean,Wheat,High,193,32,41,77586,/content/drive/MyDrive/dataset/Orignal-Dataset/Laterite_Soil/35.jpg
Clay,6.39,46,31,46,61,Drip,50,Rice,Rice,Millet,High,66,23,44,59224,/content/drive/MyDrive/dataset/Orignal-Dataset/Laterite_Soil/92.jpg
Sandy,6.98,48,25,27,69,Flood,81,Barley,Wheat,Vegetables,High,112,29,69,74127,/content/drive/MyDrive/dataset/Orignal-Dataset/Laterite_Soil/63.jpg
Clay,6.23,27,22,39,54,Sprinkler,68,Vegetables,Sugarcane,Barley,High,125,30,51,75901,/content/drive/MyDrive/dataset/Orignal-Dataset/Laterite_Soil/35b.jpg
Loamy,7.44,48,24,45,59,Flood,67,Groundnut,Sugarcane,Barley,Medium,150,21,67,42965,/content/drive/MyDrive/dataset/Orignal-Dataset/Arid_Soil/107.jpg
Sandy,6.92,60,40,25,74,Flood,78,Groundnut,Sugarcane,Barley,Low,108,25,51,34406,/content/drive/MyDrive/dataset/Orignal-Dataset/Arid_Soil/10.jpg
Silty,5.93,51,23,32,66,Flood,84,Maize,Soybean,Wheat,Low,75,23,80,53290,/content/drive/MyDrive/dataset/Orignal-Dataset/Arid_Soil/106.jpg
Loamy,6.74,26,33,43,42,Drip,94,Sugarcane,Wheat,Rice,Low,154,21,83,69959,/content/drive/MyDrive/dataset/Orignal-Dataset/Arid_Soil/117.jpg
Clay,6.51,44,23,20,35,Sprinkler,95,Maize,Sugarcane,Cotton,High,82,26,82,32233,/content/drive/MyDrive/dataset/Orignal-Dataset/Arid_Soil/119.jpg
Sandy,6.59,54,21,50,49,Flood,87,Cotton,Barley,Wheat,High,165,27,65,61526,/content/drive/MyDrive/dataset/Orignal-Dataset/Arid_Soil/113.jpg
Silty,6.97,54,21,48,38,Flood,82,Maize,Wheat,Wheat,Low,119,24,68,77982,/content/drive/MyDrive/dataset/Orignal-Dataset/Arid_Soil/104a.jpg
Loamy,5.6,30,25,40,64,Sprinkler,57,Vegetables,Maize,Maize,High,133,20,69,72205,/content/drive/MyDrive/dataset/Orignal-Dataset/Arid_Soil/116.jpg
Clay,6.96,22,27,29,37,Flood,70,Sugarcane,Vegetables,Cotton,High,143,27,78,29428,/content/drive/MyDrive/dataset/Orignal-Dataset/Arid_Soil/122.jpg
Sandy,7.26,50,18,22,66,Flood,82,Groundnut,Soybean,Maize,Low,103,25,77,41964,/content/drive/MyDrive/dataset/Orignal-Dataset/Arid_Soil/115.jpg
Sandy,6.36,49,33,41,44,Flood,66,Wheat,Cotton,Wheat,High,200,20,57,66651,/content/drive/MyDrive/dataset/Orignal-Dataset/Arid_Soil/127.jpg
Loamy,6.82,40,31,32,65,Sprinkler,70,Vegetables,Groundnut,Cotton,Medium,84,23,81,29437,/content/drive/MyDrive/dataset/Orignal-Dataset/Arid_Soil/124.jpg
Loamy,7.46,47,21,21,42,Flood,89,Soybean,Barley,Soybean,Medium,85,26,71,35508,/content/drive/MyDrive/dataset/Orignal-Dataset/Arid_Soil/125.jpg
Clay,7.36,35,26,37,56,Sprinkler,89,Rice,Rice,Maize,Medium,56,23,53,61480,/content/drive/MyDrive/dataset/Orignal-Dataset/Arid_Soil/112.jpg
Silty,6.84,33,39,46,75,Flood,57,Vegetables,Wheat,Rice,Medium,65,23,50,64026,/content/drive/MyDrive/dataset/Orignal-Dataset/Arid_Soil/104.jpg
Sandy,5.6,39,33,47,50,Flood,89,Soybean,Soybean,Barley,Medium,83,23,84,73563,/content/drive/MyDrive/dataset/Orignal-Dataset/Arid_Soil/108.jpg
Loamy,6.91,47,31,39,44,Flood,54,Groundnut,Maize,Cotton,Low,180,34,63,70300,/content/drive/MyDrive/dataset/Orignal-Dataset/Arid_Soil/120.jpg
Silty,7.39,53,27,23,71,Drip,57,Millet,Maize,Barley,Low,62,24,60,21708,/content/drive/MyDrive/dataset/Orignal-Dataset/Arid_Soil/103.jpg
Silty,6.16,33,34,22,43,Drip,66,Maize,Maize,Soybean,High,80,29,60,33504,/content/drive/MyDrive/dataset/Orignal-Dataset/Arid_Soil/12.jpg
Sandy,6.2,27,20,43,68,Sprinkler,90,Vegetables,Cotton,Groundnut,High,67,27,81,68026,/content/drive/MyDrive/dataset/Orignal-Dataset/Arid_Soil/123.jpg
Sandy,6.48,59,25,35,33,Flood,64,Barley,Millet,Soybean,High,154,22,46,47759,/content/drive/MyDrive/dataset/Orignal-Dataset/Arid_Soil/126.jpg
Sandy,7.41,23,27,27,49,Flood,82,Sugarcane,Cotton,Maize,High,95,28,60,75539,/content/drive/MyDrive/dataset/Orignal-Dataset/Arid_Soil/101.jpg
Silty,6.13,39,29,26,52,Drip,51,Millet,Rice,Vegetables,Low,190,21,67,54200,/content/drive/MyDrive/dataset/Orignal-Dataset/Arid_Soil/109.jpg
Silty,7.11,22,19,46,62,Sprinkler,73,Millet,Groundnut,Rice,Medium,141,35,56,72441,/content/drive/MyDrive/dataset/Orignal-Dataset/Arid_Soil/1.jpg
Sandy,6.18,20,33,34,53,Sprinkler,55,Sugarcane,Groundnut,Millet,Low,65,31,82,20988,/content/drive/MyDrive/dataset/Orignal-Dataset/Arid_Soil/11.jpg
Loamy,6.33,45,26,38,48,Sprinkler,79,Barley,Vegetables,Rice,Medium,151,33,76,67350,/content/drive/MyDrive/dataset/Orignal-Dataset/Arid_Soil/111.jpg
Loamy,6.51,59,28,36,56,Sprinkler,59,Barley,Vegetables,Sugarcane,High,188,32,58,75629,/content/drive/MyDrive/dataset/Orignal-Dataset/Arid_Soil/118.jpg
Loamy,6.92,33,16,27,44,Flood,51,Soybean,Maize,Groundnut,Low,80,34,43,76868,/content/drive/MyDrive/dataset/Orignal-Dataset/Arid_Soil/114.jpg
Loamy,5.62,49,17,47,74,Drip,82,Wheat,Barley,Maize,High,164,33,76,34379,/content/drive/MyDrive/dataset/Orignal-Dataset/Arid_Soil/100.jpg
Clay,6.83,49,15,48,72,Flood,76,Vegetables,Cotton,Millet,Low,74,29,65,56047,/content/drive/MyDrive/dataset/Orignal-Dataset/Arid_Soil/121.jpg
Loamy,5.76,59,35,35,57,Sprinkler,56,Maize,Vegetables,Maize,Medium,171,27,73,52919,/content/drive/MyDrive/dataset/Orignal-Dataset/Arid_Soil/230a.jpg
Silty,6.33,55,40,27,52,Drip,51,Vegetables,Groundnut,Maize,Medium,167,22,56,79361,/content/drive/MyDrive/dataset/Orignal-Dataset/Arid_Soil/140.jpg
Clay,7.35,41,32,50,69,Sprinkler,82,Barley,Wheat,Vegetables,Medium,124,33,90,45754,/content/drive/MyDrive/dataset/Orignal-Dataset/Arid_Soil/223.jpg
Silty,7.23,36,37,48,58,Flood,67,Soybean,Rice,Wheat,Medium,67,20,81,32367,/content/drive/MyDrive/dataset/Orignal-Dataset/Arid_Soil/192.jpg
Sandy,7.1,45,24,25,32,Drip,73,Barley,Soybean,Barley,Medium,69,34,75,58800,/content/drive/MyDrive/dataset/Orignal-Dataset/Arid_Soil/2.jpg
Silty,6.11,36,38,28,59,Sprinkler,92,Groundnut,Groundnut,Barley,Low,69,24,89,65459,/content/drive/MyDrive/dataset/Orignal-Dataset/Arid_Soil/253.jpg
Silty,6.66,45,33,39,47,Flood,73,Wheat,Groundnut,Cotton,Medium,104,33,75,73905,/content/drive/MyDrive/dataset/Orignal-Dataset/Arid_Soil/244a.jpg
Clay,6.13,49,19,22,55,Flood,91,Millet,Cotton,Barley,High,109,22,82,46717,/content/drive/MyDrive/dataset/Orignal-Dataset/Arid_Soil/139.jpg
Clay,6.63,32,19,29,71,Flood,79,Cotton,Barley,Barley,Medium,57,35,48,76177,/content/drive/MyDrive/dataset/Orignal-Dataset/Arid_Soil/236.jpg
Loamy,6.23,20,34,46,77,Sprinkler,68,Millet,Wheat,Rice,Low,176,25,41,79341,/content/drive/MyDrive/dataset/Orignal-Dataset/Arid_Soil/140a.jpg
Sandy,6.28,26,30,45,62,Sprinkler,77,Maize,Maize,Cotton,Medium,198,24,43,37558,/content/drive/MyDrive/dataset/Orignal-Dataset/Arid_Soil/193.jpg
Loamy,6.72,29,28,29,31,Flood,71,Vegetables,Millet,Groundnut,Medium,123,35,70,28887,/content/drive/MyDrive/dataset/Orignal-Dataset/Arid_Soil/14.jpg
Silty,6.49,46,38,48,41,Flood,80,Groundnut,Cotton,Wheat,High,78,34,73,72707,/content/drive/MyDrive/dataset/Orignal-Dataset/Arid_Soil/181.jpg
Clay,6.51,34,19,30,79,Flood,62,Barley,Rice,Sugarcane,Low,115,21,85,58047,/content/drive/MyDrive/dataset/Orignal-Dataset/Arid_Soil/29.jpg
Sandy,7.47,36,38,23,58,Drip,87,Rice,Groundnut,Maize,Low,58,32,77,76001,/content/drive/MyDrive/dataset/Orignal-Dataset/Arid_Soil/251a.jpg
Silty,7.3,43,22,43,40,Flood,79,Rice,Soybean,Vegetables,Low,50,32,58,76514,/content/drive/MyDrive/dataset/Orignal-Dataset/Arid_Soil/183b.jpg
Silty,7.03,41,38,24,52,Drip,88,Maize,Groundnut,Maize,Low,71,25,73,63424,/content/drive/MyDrive/dataset/Orignal-Dataset/Arid_Soil/30.jpg
Loamy,7.14,42,33,21,40,Drip,54,Vegetables,Wheat,Rice,Low,54,24,62,48538,/content/drive/MyDrive/dataset/Orignal-Dataset/Arid_Soil/161.jpg
Silty,6.6,36,37,43,64,Drip,80,Rice,Groundnut,Vegetables,High,132,27,60,23334,/content/drive/MyDrive/dataset/Orignal-Dataset/Arid_Soil/214.jpg
Clay,7.05,50,19,22,76,Flood,78,Sugarcane,Groundnut,Maize,Low,95,24,83,35061,/content/drive/MyDrive/dataset/Orignal-Dataset/Arid_Soil/232.jpg
Sandy,5.62,58,28,44,30,Flood,52,Sugarcane,Rice,Millet,Low,152,27,72,30199,/content/drive/MyDrive/dataset/Orignal-Dataset/Arid_Soil/34.jpg
Silty,6.0,50,29,35,72,Sprinkler,81,Cotton,Rice,Soybean,Medium,193,34,84,34655,/content/drive/MyDrive/dataset/Orignal-Dataset/Arid_Soil/20.jpg
Silty,6.79,44,22,29,33,Drip,91,Sugarcane,Rice,Barley,Low,54,24,52,48805,/content/drive/MyDrive/dataset/Orignal-Dataset/Arid_Soil/156.jpg
Clay,6.28,46,17,30,41,Sprinkler,67,Barley,Millet,Sugarcane,High,120,32,80,38920,/content/drive/MyDrive/dataset/Orignal-Dataset/Arid_Soil/182.jpg
Sandy,6.36,56,20,36,69,Drip,91,Vegetables,Cotton,Cotton,Low,141,24,76,48506,/content/drive/MyDrive/dataset/Orignal-Dataset/Arid_Soil/191.jpg
Sandy,6.58,29,33,50,62,Drip,84,Vegetables,Vegetables,Vegetables,Low,100,34,71,53405,/content/drive/MyDrive/dataset/Orignal-Dataset/Arid_Soil/198.jpg
Loamy,6.87,50,31,38,65,Flood,56,Vegetables,Rice,Wheat,Medium,124,30,40,38877,/content/drive/MyDrive/dataset/Orignal-Dataset/Arid_Soil/208.jpg
Silty,7.42,24,22,27,80,Flood,82,Barley,Soybean,Vegetables,Low,172,31,45,48129,/content/drive/MyDrive/dataset/Orignal-Dataset/Arid_Soil/194.jpg
Loamy,7.15,60,36,35,52,Drip,70,Groundnut,Cotton,Soybean,Medium,126,20,70,27763,/content/drive/MyDrive/dataset/Orignal-Dataset/Arid_Soil/185.jpg
Silty,6.45,40,17,22,62,Drip,78,Barley,Wheat,Cotton,High,176,27,87,36338,/content/drive/MyDrive/dataset/Orignal-Dataset/Arid_Soil/154.jpg
Clay,6.01,34,35,47,46,Sprinkler,73,Rice,Vegetables,Millet,Low,152,33,47,51953,/content/drive/MyDrive/dataset/Orignal-Dataset/Arid_Soil/178.jpg
Clay,7.5,21,29,23,62,Drip,79,Rice,Maize,Cotton,Medium,135,24,49,29711,/content/drive/MyDrive/dataset/Orignal-Dataset/Arid_Soil/130.jpg
Clay,6.32,52,19,28,66,Flood,58,Rice,Rice,Rice,Medium,155,27,67,43533,/content/drive/MyDrive/dataset/Orignal-Dataset/Arid_Soil/241a.jpg
Silty,5.75,29,30,43,43,Sprinkler,65,Rice,Vegetables,Barley,Medium,79,33,41,20993,/content/drive/MyDrive/dataset/Orignal-Dataset/Arid_Soil/133.jpg
Loamy,7.41,49,16,45,55,Sprinkler,95,Sugarcane,Rice,Maize,High,177,22,69,65272,/content/drive/MyDrive/dataset/Orignal-Dataset/Arid_Soil/26.jpg
Sandy,7.0,46,23,46,63,Sprinkler,57,Soybean,Barley,Rice,High,109,20,58,28362,/content/drive/MyDrive/dataset/Orignal-Dataset/Arid_Soil/210.jpg
Clay,6.14,34,31,29,35,Drip,76,Vegetables,Vegetables,Groundnut,High,145,24,71,60585,/content/drive/MyDrive/dataset/Orignal-Dataset/Arid_Soil/132.jpg
Sandy,7.19,59,35,43,66,Sprinkler,82,Rice,Barley,Barley,Medium,168,23,67,72201,/content/drive/MyDrive/dataset/Orignal-Dataset/Arid_Soil/159.jpg
Clay,6.42,32,18,40,37,Flood,94,Wheat,Barley,Sugarcane,Medium,117,35,66,36601,/content/drive/MyDrive/dataset/Orignal-Dataset/Arid_Soil/153.jpg
Loamy,6.71,37,37,21,47,Drip,71,Sugarcane,Groundnut,Millet,Medium,52,34,52,52536,/content/drive/MyDrive/dataset/Orignal-Dataset/Arid_Soil/207a.jpg
Silty,5.99,45,19,43,54,Flood,93,Rice,Sugarcane,Barley,High,121,27,61,21355,/content/drive/MyDrive/dataset/Orignal-Dataset/Arid_Soil/231.jpg
Silty,7.06,45,28,26,59,Drip,51,Cotton,Vegetables,Vegetables,Medium,54,30,47,22737,/content/drive/MyDrive/dataset/Orignal-Dataset/Arid_Soil/163a.jpg
Silty,5.52,55,35,41,76,Drip,52,Barley,Millet,Groundnut,High,184,24,63,60410,/content/drive/MyDrive/dataset/Orignal-Dataset/Arid_Soil/188.jpg
Clay,7.22,26,23,26,74,Sprinkler,61,Maize,Sugarcane,Rice,High,51,35,48,29652,/content/drive/MyDrive/dataset/Orignal-Dataset/Arid_Soil/145.jpg
Clay,7.07,42,33,33,57,Sprinkler,62,Sugarcane,Millet,Barley,High,59,30,79,54518,/content/drive/MyDrive/dataset/Orignal-Dataset/Arid_Soil/220.jpg
Clay,6.14,29,40,28,68,Sprinkler,54,Cotton,Groundnut,Soybean,High,74,33,85,23084,/content/drive/MyDrive/dataset/Orignal-Dataset/Arid_Soil/207.jpg
Sandy,6.81,39,22,37,75,Drip,64,Cotton,Sugarcane,Sugarcane,Medium,160,34,65,73060,/content/drive/MyDrive/dataset/Orignal-Dataset/Arid_Soil/176.jpg
Silty,6.28,57,38,34,66,Drip,90,Vegetables,Millet,Sugarcane,Medium,166,28,71,73837,/content/drive/MyDrive/dataset/Orignal-Dataset/Arid_Soil/217.jpg
Loamy,6.48,26,29,32,39,Flood,56,Groundnut,Wheat,Rice,Medium,84,24,80,28037,/content/drive/MyDrive/dataset/Orignal-Dataset/Arid_Soil/31.jpg
Silty,5.51,40,21,43,73,Drip,65,Maize,Vegetables,Groundnut,Low,196,23,54,53828,/content/drive/MyDrive/dataset/Orignal-Dataset/Arid_Soil/225.jpg
Sandy,5.67,59,26,28,52,Flood,83,Barley,Vegetables,Cotton,Medium,152,21,52,47339,/content/drive/MyDrive/dataset/Orignal-Dataset/Arid_Soil/180.jpg
Clay,6.62,22,19,40,71,Drip,85,Groundnut,Groundnut,Sugarcane,High,119,20,72,44129,/content/drive/MyDrive/dataset/Orignal-Dataset/Arid_Soil/143.jpg
Sandy,7.13,43,36,44,45,Drip,51,Rice,Barley,Rice,High,116,22,68,21205,/content/drive/MyDrive/dataset/Orignal-Dataset/Arid_Soil/29b.jpg
Clay,6.96,34,27,39,67,Sprinkler,86,Maize,Maize,Rice,Medium,120,32,51,55077,/content/drive/MyDrive/dataset/Orignal-Dataset/Arid_Soil/166.jpg
Clay,5.93,48,35,47,34,Flood,50,Barley,Groundnut,Cotton,High,58,25,87,63699,/content/drive/MyDrive/dataset/Orignal-Dataset/Arid_Soil/27.jpg
Loamy,7.25,47,21,44,30,Flood,80,Cotton,Vegetables,Maize,High,54,23,88,30782,/content/drive/MyDrive/dataset/Orignal-Dataset/Arid_Soil/157.jpg
Clay,5.75,47,16,28,41,Drip,54,Sugarcane,Cotton,Rice,Low,189,25,77,37739,/content/drive/MyDrive/dataset/Orignal-Dataset/Arid_Soil/152.jpg
Loamy,6.29,35,30,31,56,Drip,91,Barley,Sugarcane,Groundnut,High,135,34,54,61215,/content/drive/MyDrive/dataset/Orignal-Dataset/Arid_Soil/233.jpg
Clay,5.89,39,33,45,35,Flood,81,Sugarcane,Barley,Soybean,High,95,29,64,56569,/content/drive/MyDrive/dataset/Orignal-Dataset/Arid_Soil/16b.jpg
Silty,5.91,59,19,33,69,Sprinkler,94,Vegetables,Millet,Millet,High,108,28,48,66758,/content/drive/MyDrive/dataset/Orignal-Dataset/Arid_Soil/167.jpg
Clay,6.53,59,24,27,60,Flood,77,Rice,Barley,Sugarcane,High,129,24,87,29139,/content/drive/MyDrive/dataset/Orignal-Dataset/Arid_Soil/165.jpg
Clay,7.29,50,18,31,39,Flood,82,Barley,Maize,Soybean,Low,75,22,53,26362,/content/drive/MyDrive/dataset/Orignal-Dataset/Arid_Soil/177.jpg
Silty,5.72,39,34,36,50,Sprinkler,52,Groundnut,Rice,Rice,Medium,160,28,88,34649,/content/drive/MyDrive/dataset/Orignal-Dataset/Arid_Soil/138.jpg
Sandy,6.26,51,21,21,35,Flood,66,Sugarcane,Sugarcane,Sugarcane,High,78,31,51,61733,/content/drive/MyDrive/dataset/Orignal-Dataset/Arid_Soil/206.jpg
Silty,6.86,34,22,27,44,Sprinkler,85,Groundnut,Cotton,Soybean,Low,75,28,64,66824,/content/drive/MyDrive/dataset/Orignal-Dataset/Arid_Soil/216.jpg
Sandy,6.88,49,24,35,69,Flood,82,Sugarcane,Vegetables,Barley,Medium,73,27,52,71587,/content/drive/MyDrive/dataset/Orignal-Dataset/Arid_Soil/252.jpg
Clay,6.87,42,40,48,56,Drip,93,Cotton,Millet,Millet,Low,87,27,74,73326,/content/drive/MyDrive/dataset/Orignal-Dataset/Arid_Soil/135.jpg
Sandy,6.08,29,33,24,55,Sprinkler,69,Maize,Wheat,Maize,High,136,26,48,49221,/content/drive/MyDrive/dataset/Orignal-Dataset/Arid_Soil/238.jpg
Sandy,6.32,44,19,42,49,Drip,67,Cotton,Barley,Barley,Low,181,25,78,39034,/content/drive/MyDrive/dataset/Orignal-Dataset/Arid_Soil/25.jpg
Clay,5.92,27,16,23,59,Drip,91,Millet,Millet,Vegetables,High,98,22,54,56152,/content/drive/MyDrive/dataset/Orignal-Dataset/Arid_Soil/155.jpg
Loamy,6.34,25,19,32,62,Drip,91,Rice,Cotton,Vegetables,High,72,32,82,66158,/content/drive/MyDrive/dataset/Orignal-Dataset/Arid_Soil/198a.jpg
Loamy,5.51,60,31,22,67,Flood,73,Soybean,Cotton,Groundnut,High,95,27,68,31823,/content/drive/MyDrive/dataset/Orignal-Dataset/Arid_Soil/244.jpg
Silty,7.03,33,19,45,45,Sprinkler,89,Cotton,Millet,Cotton,Medium,135,29,54,71606,/content/drive/MyDrive/dataset/Orignal-Dataset/Arid_Soil/245.jpg
Sandy,6.41,26,38,34,71,Sprinkler,69,Wheat,Maize,Millet,Medium,55,34,76,65002,/content/drive/MyDrive/dataset/Orignal-Dataset/Arid_Soil/237.jpg
Sandy,6.76,29,20,20,65,Flood,67,Maize,Cotton,Millet,Low,188,23,84,71980,/content/drive/MyDrive/dataset/Orignal-Dataset/Arid_Soil/234.jpg
Loamy,6.79,46,30,45,60,Sprinkler,53,Groundnut,Wheat,Vegetables,Low,83,22,68,35768,/content/drive/MyDrive/dataset/Orignal-Dataset/Arid_Soil/17.jpg
Loamy,6.58,20,26,44,34,Flood,78,Groundnut,Millet,Millet,Low,121,30,68,33851,/content/drive/MyDrive/dataset/Orignal-Dataset/Arid_Soil/241.jpg
Sandy,6.62,45,37,24,46,Drip,67,Maize,Vegetables,Soybean,Low,196,25,86,40038,/content/drive/MyDrive/dataset/Orignal-Dataset/Arid_Soil/247.jpg
Clay,5.93,55,15,22,78,Flood,66,Groundnut,Millet,Cotton,High,158,35,43,31983,/content/drive/MyDrive/dataset/Orignal-Dataset/Arid_Soil/23.jpg
Clay,5.52,52,18,47,36,Sprinkler,67,Groundnut,Cotton,Soybean,Low,124,22,80,23746,/content/drive/MyDrive/dataset/Orignal-Dataset/Arid_Soil/169.jpg
Loamy,6.29,57,34,30,51,Sprinkler,53,Sugarcane,Rice,Rice,Medium,175,32,89,46298,/content/drive/MyDrive/dataset/Orignal-Dataset/Arid_Soil/141.jpg
Clay,7.12,33,40,45,63,Flood,55,Vegetables,Vegetables,Soybean,High,95,26,47,48262,/content/drive/MyDrive/dataset/Orignal-Dataset/Arid_Soil/204.jpg
Silty,6.04,37,31,20,78,Flood,68,Wheat,Groundnut,Vegetables,Low,193,21,51,55750,/content/drive/MyDrive/dataset/Orignal-Dataset/Arid_Soil/213a.jpg
Sandy,5.62,58,21,22,41,Flood,57,Soybean,Barley,Groundnut,Medium,145,33,70,64539,/content/drive/MyDrive/dataset/Orignal-Dataset/Arid_Soil/213c.jpg
Loamy,5.67,43,36,34,67,Sprinkler,58,Rice,Soybean,Barley,Medium,98,31,59,31140,/content/drive/MyDrive/dataset/Orignal-Dataset/Arid_Soil/191a.jpg
Silty,5.86,55,33,37,72,Drip,54,Barley,Wheat,Millet,Medium,112,34,45,32811,/content/drive/MyDrive/dataset/Orignal-Dataset/Arid_Soil/142.jpg
Clay,5.77,44,27,25,77,Flood,90,Wheat,Wheat,Maize,High,172,25,88,56491,/content/drive/MyDrive/dataset/Orignal-Dataset/Arid_Soil/22.jpg
Sandy,5.93,46,15,22,51,Sprinkler,66,Millet,Vegetables,Groundnut,Medium,126,30,76,27120,/content/drive/MyDrive/dataset/Orignal-Dataset/Arid_Soil/243.jpg
Clay,6.1,38,40,23,56,Sprinkler,95,Maize,Barley,Millet,Medium,123,21,59,67149,/content/drive/MyDrive/dataset/Orignal-Dataset/Arid_Soil/171.jpg
Loamy,6.63,36,25,30,73,Sprinkler,58,Barley,Soybean,Wheat,Low,95,25,57,71999,/content/drive/MyDrive/dataset/Orignal-Dataset/Arid_Soil/149.jpg
Loamy,5.54,60,27,27,70,Flood,90,Groundnut,Maize,Barley,Medium,143,30,77,57442,/content/drive/MyDrive/dataset/Orignal-Dataset/Arid_Soil/246.jpg
Clay,7.48,26,37,49,45,Drip,70,Cotton,Soybean,Millet,High,131,22,68,31167,/content/drive/MyDrive/dataset/Orignal-Dataset/Arid_Soil/199.jpg
Sandy,7.31,45,18,35,55,Flood,76,Sugarcane,Rice,Rice,Low,158,28,45,48050,/content/drive/MyDrive/dataset/Orignal-Dataset/Arid_Soil/24.jpg
Sandy,5.64,51,21,35,54,Drip,76,Groundnut,Groundnut,Vegetables,High,138,24,40,60951,/content/drive/MyDrive/dataset/Orignal-Dataset/Arid_Soil/221.jpg
Clay,7.01,47,32,30,30,Drip,65,Wheat,Soybean,Millet,High,121,29,86,57287,/content/drive/MyDrive/dataset/Orignal-Dataset/Arid_Soil/137.jpg
Loamy,7.08,45,33,48,69,Sprinkler,81,Groundnut,Sugarcane,Vegetables,Low,109,21,60,60932,/content/drive/MyDrive/dataset/Orignal-Dataset/Arid_Soil/251.jpg
Sandy,6.1,47,15,45,51,Flood,91,Groundnut,Sugarcane,Cotton,Low,158,23,68,40637,/content/drive/MyDrive/dataset/Orignal-Dataset/Arid_Soil/173.jpg
Sandy,7.49,57,24,35,40,Sprinkler,63,Maize,Millet,Cotton,High,155,33,46,42404,/content/drive/MyDrive/dataset/Orignal-Dataset/Arid_Soil/195.jpg
Clay,6.57,25,15,48,38,Sprinkler,51,Wheat,Barley,Soybean,Medium,160,33,72,41690,/content/drive/MyDrive/dataset/Orignal-Dataset/Arid_Soil/228.jpg
Sandy,7.35,45,19,24,70,Drip,70,Groundnut,Cotton,Vegetables,Medium,70,33,84,46182,/content/drive/MyDrive/dataset/Orignal-Dataset/Arid_Soil/201.jpg
Silty,5.61,31,18,31,63,Sprinkler,76,Groundnut,Barley,Maize,High,97,22,51,71940,/content/drive/MyDrive/dataset/Orignal-Dataset/Arid_Soil/183a.jpg
Silty,6.12,41,18,39,67,Sprinkler,95,Rice,Wheat,Sugarcane,Low,144,24,61,72354,/content/drive/MyDrive/dataset/Orignal-Dataset/Arid_Soil/148.jpg
Sandy,5.82,54,19,23,61,Flood,53,Rice,Millet,Soybean,Medium,183,25,59,79738,/content/drive/MyDrive/dataset/Orignal-Dataset/Arid_Soil/162.jpg
Clay,5.53,41,26,42,39,Drip,56,Millet,Rice,Groundnut,Medium,197,20,57,39508,/content/drive/MyDrive/dataset/Orignal-Dataset/Arid_Soil/33.jpg
Sandy,6.56,30,30,25,72,Sprinkler,69,Rice,Wheat,Barley,High,175,22,50,50025,/content/drive/MyDrive/dataset/Orignal-Dataset/Arid_Soil/212.jpg
Clay,7.03,23,26,50,31,Drip,78,Wheat,Rice,Sugarcane,Medium,106,33,58,45818,/content/drive/MyDrive/dataset/Orignal-Dataset/Arid_Soil/150.jpg
Sandy,6.18,50,27,33,43,Drip,88,Barley,Sugarcane,Sugarcane,Medium,129,30,64,77705,/content/drive/MyDrive/dataset/Orignal-Dataset/Arid_Soil/211.jpg
Loamy,6.45,28,35,44,47,Sprinkler,60,Rice,Wheat,Groundnut,Low,146,27,40,45546,/content/drive/MyDrive/dataset/Orignal-Dataset/Arid_Soil/147.jpg
Sandy,7.08,24,18,23,54,Drip,74,Wheat,Vegetables,Barley,Medium,143,35,85,65985,/content/drive/MyDrive/dataset/Orignal-Dataset/Arid_Soil/16.jpg
Clay,7.19,48,27,37,40,Flood,68,Millet,Groundnut,Cotton,High,157,26,86,38025,/content/drive/MyDrive/dataset/Orignal-Dataset/Arid_Soil/131.jpg
Sandy,5.9,56,21,43,61,Drip,79,Soybean,Cotton,Soybean,Low,51,23,72,77451,/content/drive/MyDrive/dataset/Orignal-Dataset/Arid_Soil/13.jpg
Silty,6.14,47,27,29,71,Flood,73,Rice,Sugarcane,Maize,High,96,24,54,70711,/content/drive/MyDrive/dataset/Orignal-Dataset/Arid_Soil/29c.jpg
Silty,6.39,53,17,40,44,Drip,83,Sugarcane,Barley,Vegetables,High,199,27,66,74191,/content/drive/MyDrive/dataset/Orignal-Dataset/Arid_Soil/18.jpg
Silty,6.33,22,24,47,67,Sprinkler,50,Millet,Millet,Vegetables,Low,69,23,52,29569,/content/drive/MyDrive/dataset/Orignal-Dataset/Arid_Soil/189.jpg
Clay,6.72,45,20,33,50,Flood,74,Groundnut,Barley,Sugarcane,High,53,30,76,49056,/content/drive/MyDrive/dataset/Orignal-Dataset/Arid_Soil/250.jpg
Clay,6.29,30,16,36,80,Flood,59,Millet,Wheat,Sugarcane,Medium,64,35,49,20585,/content/drive/MyDrive/dataset/Orignal-Dataset/Arid_Soil/227.jpg
Silty,6.3,34,26,39,47,Sprinkler,70,Sugarcane,Maize,Cotton,Medium,173,30,60,67088,/content/drive/MyDrive/dataset/Orignal-Dataset/Arid_Soil/224.jpg
Sandy,6.28,23,18,25,73,Drip,71,Rice,Cotton,Soybean,High,153,29,81,68279,/content/drive/MyDrive/dataset/Orignal-Dataset/Arid_Soil/134.jpg
Loamy,6.4,58,33,47,55,Sprinkler,82,Vegetables,Vegetables,Cotton,Medium,108,30,56,74226,/content/drive/MyDrive/dataset/Orignal-Dataset/Arid_Soil/174.jpg
Sandy,6.29,57,16,43,46,Flood,54,Vegetables,Cotton,Maize,Low,105,24,57,22395,/content/drive/MyDrive/dataset/Orignal-Dataset/Arid_Soil/160.jpg
Sandy,7.29,37,35,31,34,Flood,85,Maize,Barley,Rice,Low,162,28,69,26504,/content/drive/MyDrive/dataset/Orignal-Dataset/Arid_Soil/243b.jpg
Clay,5.88,43,21,32,57,Flood,83,Cotton,Groundnut,Vegetables,Low,54,27,54,67068,/content/drive/MyDrive/dataset/Orignal-Dataset/Arid_Soil/144a.jpg
Loamy,6.13,59,17,30,70,Flood,71,Maize,Sugarcane,Maize,High,157,32,55,72014,/content/drive/MyDrive/dataset/Orignal-Dataset/Arid_Soil/164.jpg
Loamy,7.43,35,23,30,43,Drip,52,Sugarcane,Sugarcane,Cotton,High,85,35,48,62280,/content/drive/MyDrive/dataset/Orignal-Dataset/Arid_Soil/146.jpg
Loamy,7.33,52,34,22,66,Sprinkler,68,Maize,Soybean,Wheat,Medium,149,35,42,47057,/content/drive/MyDrive/dataset/Orignal-Dataset/Arid_Soil/213b.jpg
Silty,6.6,21,22,36,54,Sprinkler,76,Maize,Sugarcane,Soybean,Low,55,22,49,52537,/content/drive/MyDrive/dataset/Orignal-Dataset/Arid_Soil/179.jpg
Sandy,6.65,49,25,49,58,Sprinkler,77,Cotton,Rice,Vegetables,Low,120,25,74,62009,/content/drive/MyDrive/dataset/Orignal-Dataset/Arid_Soil/186.jpg
Sandy,5.54,58,30,26,64,Drip,70,Rice,Rice,Wheat,Low,151,25,41,40196,/content/drive/MyDrive/dataset/Orignal-Dataset/Arid_Soil/242.jpg
Clay,7.4,28,39,46,30,Sprinkler,89,Sugarcane,Rice,Barley,Medium,153,22,78,30297,/content/drive/MyDrive/dataset/Orignal-Dataset/Arid_Soil/196.jpg
Loamy,7.25,36,26,39,45,Drip,87,Maize,Cotton,Millet,Medium,153,21,42,49525,/content/drive/MyDrive/dataset/Orignal-Dataset/Arid_Soil/18b.jpg
Sandy,5.86,39,26,26,47,Flood,67,Groundnut,Sugarcane,Cotton,Low,64,20,65,32045,/content/drive/MyDrive/dataset/Orignal-Dataset/Arid_Soil/175.jpg
Sandy,6.59,44,26,37,33,Flood,66,Cotton,Groundnut,Millet,Medium,52,20,42,58673,/content/drive/MyDrive/dataset/Orignal-Dataset/Arid_Soil/197.jpg
Sandy,5.81,39,23,27,32,Drip,50,Sugarcane,Groundnut,Vegetables,High,57,31,69,27687,/content/drive/MyDrive/dataset/Orignal-Dataset/Arid_Soil/135a.jpg
Sandy,6.23,22,20,48,53,Sprinkler,75,Soybean,Vegetables,Vegetables,Medium,188,25,44,37935,/content/drive/MyDrive/dataset/Orignal-Dataset/Arid_Soil/32.jpg
Silty,5.76,27,19,45,70,Drip,90,Soybean,Sugarcane,Rice,Medium,81,35,77,69182,/content/drive/MyDrive/dataset/Orignal-Dataset/Arid_Soil/249.jpg
Sandy,6.71,42,29,31,40,Drip,78,Barley,Maize,Sugarcane,Low,128,29,85,55028,/content/drive/MyDrive/dataset/Orignal-Dataset/Arid_Soil/230.jpg
Loamy,5.7,29,19,35,56,Sprinkler,83,Sugarcane,Rice,Maize,High,114,32,75,54565,/content/drive/MyDrive/dataset/Orignal-Dataset/Arid_Soil/219.jpg
Loamy,7.08,32,21,46,53,Sprinkler,82,Vegetables,Millet,Groundnut,Medium,80,25,83,35749,/content/drive/MyDrive/dataset/Orignal-Dataset/Arid_Soil/252a.jpg
Loamy,6.03,53,30,46,64,Sprinkler,64,Sugarcane,Maize,Soybean,High,79,24,72,68420,/content/drive/MyDrive/dataset/Orignal-Dataset/Arid_Soil/151.jpg
Silty,7.33,54,30,45,34,Sprinkler,93,Vegetables,Maize,Rice,High,179,20,52,39275,/content/drive/MyDrive/dataset/Orignal-Dataset/Arid_Soil/190.jpg
Clay,5.55,20,27,31,33,Drip,86,Groundnut,Barley,Rice,High,104,26,62,62319,/content/drive/MyDrive/dataset/Orignal-Dataset/Arid_Soil/241b.jpg
Clay,6.48,57,37,48,55,Flood,93,Groundnut,Rice,Sugarcane,Medium,68,20,80,60934,/content/drive/MyDrive/dataset/Orignal-Dataset/Arid_Soil/136.jpg
Silty,7.42,25,33,25,41,Flood,60,Sugarcane,Groundnut,Maize,Medium,136,34,49,49934,/content/drive/MyDrive/dataset/Orignal-Dataset/Arid_Soil/28.jpg
Silty,6.7,36,35,28,33,Flood,70,Maize,Wheat,Sugarcane,Low,149,29,43,48537,/content/drive/MyDrive/dataset/Orignal-Dataset/Arid_Soil/218.jpg
Silty,6.33,28,15,36,42,Sprinkler,66,Cotton,Soybean,Groundnut,Medium,146,32,79,58917,/content/drive/MyDrive/dataset/Orignal-Dataset/Arid_Soil/235.jpg
Sandy,6.73,43,35,21,64,Sprinkler,56,Wheat,Groundnut,Cotton,Medium,165,20,53,67431,/content/drive/MyDrive/dataset/Orignal-Dataset/Arid_Soil/128.jpg
Silty,7.37,48,36,37,53,Flood,65,Groundnut,Millet,Cotton,Low,66,34,87,23549,/content/drive/MyDrive/dataset/Orignal-Dataset/Arid_Soil/240.jpg
Sandy,5.52,52,36,47,47,Flood,60,Soybean,Sugarcane,Barley,Low,109,25,40,40248,/content/drive/MyDrive/dataset/Orignal-Dataset/Arid_Soil/18a.jpg
Clay,7.34,31,16,23,55,Flood,57,Soybean,Cotton,Rice,Medium,80,28,85,37623,/content/drive/MyDrive/dataset/Orignal-Dataset/Arid_Soil/168.jpg
Sandy,5.68,30,16,50,66,Sprinkler,81,Millet,Soybean,Cotton,Low,145,22,68,47287,/content/drive/MyDrive/dataset/Orignal-Dataset/Arid_Soil/19.jpg
Silty,6.3,35,28,28,56,Sprinkler,74,Vegetables,Wheat,Wheat,Low,52,25,80,46260,/content/drive/MyDrive/dataset/Orignal-Dataset/Arid_Soil/170.jpg
Sandy,5.79,26,35,36,80,Flood,87,Soybean,Groundnut,Wheat,Low,56,20,75,64741,/content/drive/MyDrive/dataset/Orignal-Dataset/Arid_Soil/15.jpg
Sandy,6.27,28,23,33,55,Flood,91,Cotton,Rice,Sugarcane,Medium,152,34,52,67346,/content/drive/MyDrive/dataset/Orignal-Dataset/Arid_Soil/21.jpg
Loamy,7.31,34,30,34,30,Sprinkler,62,Vegetables,Barley,Maize,Medium,158,24,55,72980,/content/drive/MyDrive/dataset/Orignal-Dataset/Arid_Soil/3.jpg
Sandy,5.63,40,15,47,51,Sprinkler,80,Soybean,Rice,Groundnut,High,115,21,68,21864,/content/drive/MyDrive/dataset/Orignal-Dataset/Arid_Soil/205.jpg
Sandy,6.43,20,39,35,42,Sprinkler,76,Vegetables,Barley,Cotton,Medium,57,33,53,53542,/content/drive/MyDrive/dataset/Orignal-Dataset/Arid_Soil/209.jpg
Sandy,6.53,32,25,25,53,Drip,77,Groundnut,Wheat,Cotton,High,190,34,48,55390,/content/drive/MyDrive/dataset/Orignal-Dataset/Arid_Soil/226.jpg
Clay,7.11,27,19,46,60,Sprinkler,95,Rice,Cotton,Maize,High,168,33,64,60138,/content/drive/MyDrive/dataset/Orignal-Dataset/Arid_Soil/248.jpg
Silty,5.72,60,28,45,40,Flood,81,Sugarcane,Vegetables,Rice,Medium,156,33,45,36594,/content/drive/MyDrive/dataset/Orignal-Dataset/Arid_Soil/183.jpg
Sandy,6.8,25,17,43,46,Drip,88,Cotton,Millet,Maize,Medium,163,22,47,36405,/content/drive/MyDrive/dataset/Orignal-Dataset/Arid_Soil/158.jpg
Loamy,7.23,28,33,40,66,Sprinkler,76,Groundnut,Barley,Rice,Low,192,34,67,72799,/content/drive/MyDrive/dataset/Orignal-Dataset/Arid_Soil/163.jpg
Sandy,7.26,20,15,46,33,Drip,55,Sugarcane,Sugarcane,Rice,Low,196,30,63,45154,/content/drive/MyDrive/dataset/Orignal-Dataset/Arid_Soil/144.jpg
Silty,7.21,54,24,20,32,Drip,87,Groundnut,Maize,Groundnut,High,196,23,70,72811,/content/drive/MyDrive/dataset/Orignal-Dataset/Arid_Soil/243a.jpg
Clay,6.41,52,27,36,75,Drip,68,Maize,Millet,Maize,Low,171,20,53,57717,/content/drive/MyDrive/dataset/Orignal-Dataset/Arid_Soil/29a.jpg
Sandy,5.62,41,26,26,73,Drip,68,Soybean,Barley,Millet,Low,108,23,58,55630,/content/drive/MyDrive/dataset/Orignal-Dataset/Arid_Soil/254.jpg
Loamy,7.39,57,25,22,44,Sprinkler,90,Rice,Sugarcane,Wheat,Low,93,25,78,67922,/content/drive/MyDrive/dataset/Orignal-Dataset/Arid_Soil/183c.jpg
Clay,6.81,25,31,29,54,Flood,87,Millet,Soybean,Rice,High,178,32,88,54961,/content/drive/MyDrive/dataset/Orignal-Dataset/Arid_Soil/203.jpg
Sandy,6.45,42,31,50,70,Flood,68,Millet,Groundnut,Cotton,Medium,93,27,81,54607,/content/drive/MyDrive/dataset/Orignal-Dataset/Arid_Soil/129.jpg
Clay,5.72,44,18,47,52,Drip,90,Vegetables,Millet,Barley,Low,165,24,69,26656,/content/drive/MyDrive/dataset/Orignal-Dataset/Arid_Soil/187.jpg
Loamy,7.05,47,27,20,55,Drip,95,Millet,Cotton,Wheat,Low,163,32,74,47592,/content/drive/MyDrive/dataset/Orignal-Dataset/Arid_Soil/215.jpg
Clay,6.74,46,21,23,50,Sprinkler,69,Maize,Rice,Rice,Medium,151,30,83,59152,/content/drive/MyDrive/dataset/Orignal-Dataset/Arid_Soil/172.jpg
Sandy,5.59,35,23,45,31,Flood,59,Vegetables,Soybean,Barley,Medium,94,33,81,35538,/content/drive/MyDrive/dataset/Orignal-Dataset/Arid_Soil/213.jpg
Sandy,6.24,60,38,49,43,Flood,66,Vegetables,Sugarcane,Cotton,Low,78,31,42,22387,/content/drive/MyDrive/dataset/Orignal-Dataset/Arid_Soil/16a.jpg
Loamy,5.97,48,16,37,39,Sprinkler,69,Barley,Sugarcane,Groundnut,Low,115,33,58,72925,/content/drive/MyDrive/dataset/Orignal-Dataset/Arid_Soil/184.jpg
Silty,5.6,48,15,44,40,Flood,60,Wheat,Maize,Vegetables,High,160,25,51,45771,/content/drive/MyDrive/dataset/Orignal-Dataset/Arid_Soil/239.jpg
Silty,5.8,28,22,45,57,Drip,72,Barley,Cotton,Soybean,Low,65,34,41,72949,/content/drive/MyDrive/dataset/Orignal-Dataset/Arid_Soil/229.jpg
Sandy,5.88,41,15,28,60,Drip,68,Soybean,Groundnut,Soybean,High,98,30,75,26639,/content/drive/MyDrive/dataset/Orignal-Dataset/Arid_Soil/37.jpg
Sandy,7.24,22,26,42,60,Drip,54,Barley,Sugarcane,Cotton,High,80,20,89,22578,/content/drive/MyDrive/dataset/Orignal-Dataset/Arid_Soil/69.jpg
Silty,7.5,51,19,36,75,Drip,87,Soybean,Millet,Sugarcane,Low,137,34,73,29145,/content/drive/MyDrive/dataset/Orignal-Dataset/Arid_Soil/42.jpg
Loamy,6.12,47,40,21,67,Drip,61,Millet,Millet,Vegetables,Low,148,35,63,42683,/content/drive/MyDrive/dataset/Orignal-Dataset/Arid_Soil/94.jpg
Clay,7.49,37,33,44,47,Sprinkler,63,Barley,Vegetables,Groundnut,Medium,149,28,41,23182,/content/drive/MyDrive/dataset/Orignal-Dataset/Arid_Soil/55.jpg
Loamy,5.68,32,25,24,54,Sprinkler,59,Rice,Barley,Vegetables,Medium,166,34,49,33321,/content/drive/MyDrive/dataset/Orignal-Dataset/Arid_Soil/86.jpg
Loamy,7.37,49,15,43,35,Flood,52,Maize,Groundnut,Barley,High,51,26,85,24274,/content/drive/MyDrive/dataset/Orignal-Dataset/Arid_Soil/35.jpg
Loamy,5.84,51,24,26,46,Drip,74,Rice,Cotton,Sugarcane,Low,119,22,66,49146,/content/drive/MyDrive/dataset/Orignal-Dataset/Arid_Soil/45.jpg
Clay,5.51,25,19,50,48,Drip,77,Soybean,Soybean,Barley,High,98,23,72,56446,/content/drive/MyDrive/dataset/Orignal-Dataset/Arid_Soil/48.jpg
Clay,6.37,53,40,44,46,Flood,92,Maize,Barley,Millet,Medium,140,23,65,55637,/content/drive/MyDrive/dataset/Orignal-Dataset/Arid_Soil/68a.jpg
Silty,6.17,20,28,46,71,Sprinkler,56,Maize,Sugarcane,Rice,Low,81,25,55,33295,/content/drive/MyDrive/dataset/Orignal-Dataset/Arid_Soil/36.jpg
Silty,6.56,32,29,20,72,Sprinkler,89,Barley,Millet,Millet,High,67,32,68,34141,/content/drive/MyDrive/dataset/Orignal-Dataset/Arid_Soil/68.jpg
Sandy,7.48,23,18,48,39,Drip,59,Maize,Millet,Vegetables,Low,170,33,57,42860,/content/drive/MyDrive/dataset/Orignal-Dataset/Arid_Soil/80.jpg
Loamy,5.81,44,29,39,78,Drip,88,Cotton,Sugarcane,Rice,Medium,100,23,59,44308,/content/drive/MyDrive/dataset/Orignal-Dataset/Arid_Soil/67.jpg
Clay,6.58,23,36,43,40,Drip,53,Sugarcane,Vegetables,Maize,Low,53,20,89,52586,/content/drive/MyDrive/dataset/Orignal-Dataset/Arid_Soil/64.jpg
Silty,7.27,33,25,29,44,Flood,86,Vegetables,Millet,Maize,Low,142,31,72,53151,/content/drive/MyDrive/dataset/Orignal-Dataset/Arid_Soil/84.jpg
Clay,7.2,48,39,21,53,Drip,59,Groundnut,Cotton,Millet,Medium,83,28,61,61307,/content/drive/MyDrive/dataset/Orignal-Dataset/Arid_Soil/38.jpg
Loamy,7.3,55,16,26,60,Sprinkler,56,Wheat,Barley,Soybean,Low,184,23,72,44019,/content/drive/MyDrive/dataset/Orignal-Dataset/Arid_Soil/99.jpg
Loamy,6.06,21,24,26,42,Drip,59,Soybean,Vegetables,Soybean,Medium,99,29,43,67669,/content/drive/MyDrive/dataset/Orignal-Dataset/Arid_Soil/50.jpg
Sandy,6.47,57,16,37,72,Flood,68,Rice,Wheat,Wheat,Low,187,25,68,45820,/content/drive/MyDrive/dataset/Orignal-Dataset/Arid_Soil/39.jpg
Sandy,6.69,50,22,47,50,Sprinkler,73,Rice,Maize,Rice,Low,174,21,87,47876,/content/drive/MyDrive/dataset/Orignal-Dataset/Arid_Soil/73.jpg
Clay,6.94,26,22,36,68,Flood,84,Maize,Vegetables,Soybean,High,180,26,57,30750,/content/drive/MyDrive/dataset/Orignal-Dataset/Arid_Soil/36a.jpg
Silty,6.28,20,26,49,47,Flood,68,Maize,Barley,Cotton,Medium,101,32,59,48061,/content/drive/MyDrive/dataset/Orignal-Dataset/Arid_Soil/70.jpg
Clay,7.36,57,32,44,38,Drip,67,Sugarcane,Sugarcane,Groundnut,High,122,31,78,74579,/content/drive/MyDrive/dataset/Orignal-Dataset/Arid_Soil/85.jpg
Clay,5.66,35,27,34,71,Sprinkler,63,Millet,Rice,Vegetables,High,149,28,72,30553,/content/drive/MyDrive/dataset/Orignal-Dataset/Arid_Soil/40.jpg
Sandy,6.14,60,24,47,34,Sprinkler,90,Vegetables,Vegetables,Millet,High,189,22,59,75736,/content/drive/MyDrive/dataset/Orignal-Dataset/Arid_Soil/76.jpg
Loamy,6.65,51,16,22,37,Drip,89,Barley,Wheat,Soybean,High,103,35,76,42064,/content/drive/MyDrive/dataset/Orignal-Dataset/Arid_Soil/75.jpg
Clay,7.26,56,18,31,70,Sprinkler,78,Millet,Cotton,Rice,Medium,63,28,53,51223,/content/drive/MyDrive/dataset/Orignal-Dataset/Arid_Soil/6.jpg
Loamy,5.81,57,22,38,46,Sprinkler,78,Groundnut,Cotton,Maize,Medium,193,29,52,71892,/content/drive/MyDrive/dataset/Orignal-Dataset/Arid_Soil/71.jpg
Loamy,7.34,51,32,23,48,Sprinkler,84,Soybean,Sugarcane,Groundnut,Medium,184,26,88,46675,/content/drive/MyDrive/dataset/Orignal-Dataset/Arid_Soil/97a.jpg
Silty,6.03,54,34,43,61,Flood,54,Cotton,Sugarcane,Soybean,Low,146,24,52,57479,/content/drive/MyDrive/dataset/Orignal-Dataset/Arid_Soil/5.jpg
Clay,7.01,22,27,34,52,Flood,65,Wheat,Sugarcane,Barley,High,63,28,72,35637,/content/drive/MyDrive/dataset/Orignal-Dataset/Arid_Soil/51.jpg
Silty,6.82,41,29,41,42,Flood,93,Maize,Barley,Vegetables,Low,182,31,90,61483,/content/drive/MyDrive/dataset/Orignal-Dataset/Arid_Soil/66.jpg
Clay,6.04,41,26,29,58,Flood,58,Cotton,Maize,Soybean,Medium,55,21,43,34639,/content/drive/MyDrive/dataset/Orignal-Dataset/Arid_Soil/56.jpg
Sandy,5.81,54,16,40,45,Drip,53,Maize,Wheat,Rice,Low,71,32,55,64945,/content/drive/MyDrive/dataset/Orignal-Dataset/Arid_Soil/58a.jpg
Sandy,6.72,43,20,44,72,Sprinkler,58,Rice,Cotton,Maize,Low,148,24,53,46026,/content/drive/MyDrive/dataset/Orignal-Dataset/Arid_Soil/97.jpg
Silty,6.89,55,29,49,72,Flood,63,Millet,Wheat,Soybean,High,196,31,55,28656,/content/drive/MyDrive/dataset/Orignal-Dataset/Arid_Soil/78.jpg
Clay,6.2,30,40,23,55,Flood,84,Wheat,Cotton,Barley,Medium,135,33,73,46532,/content/drive/MyDrive/dataset/Orignal-Dataset/Arid_Soil/92.jpg
Clay,6.0,27,34,45,69,Flood,57,Groundnut,Sugarcane,Maize,Low,64,31,54,28008,/content/drive/MyDrive/dataset/Orignal-Dataset/Arid_Soil/52.jpg
Silty,5.63,56,33,38,36,Sprinkler,68,Groundnut,Rice,Groundnut,Medium,152,32,77,67113,/content/drive/MyDrive/dataset/Orignal-Dataset/Arid_Soil/82.jpg
Clay,6.9,36,40,28,43,Flood,60,Rice,Wheat,Maize,Medium,143,35,87,31741,/content/drive/MyDrive/dataset/Orignal-Dataset/Arid_Soil/63.jpg
Loamy,7.26,26,19,28,53,Sprinkler,53,Soybean,Groundnut,Soybean,Medium,195,29,45,78897,/content/drive/MyDrive/dataset/Orignal-Dataset/Arid_Soil/8.jpg
Loamy,5.84,25,32,45,35,Flood,54,Sugarcane,Millet,Groundnut,High,145,21,89,79702,/content/drive/MyDrive/dataset/Orignal-Dataset/Arid_Soil/4.jpg
Sandy,5.54,27,17,30,37,Drip,86,Millet,Maize,Millet,High,62,35,50,76094,/content/drive/MyDrive/dataset/Orignal-Dataset/Arid_Soil/62.jpg
Sandy,6.5,53,28,34,79,Flood,65,Groundnut,Cotton,Millet,Low,116,24,53,22172,/content/drive/MyDrive/dataset/Orignal-Dataset/Arid_Soil/57a.jpg
Sandy,6.13,37,21,35,80,Flood,89,Vegetables,Rice,Maize,High,120,32,75,74054,/content/drive/MyDrive/dataset/Orignal-Dataset/Arid_Soil/9.jpg
Silty,6.89,26,15,21,77,Sprinkler,92,Rice,Wheat,Sugarcane,Low,119,25,81,34678,/content/drive/MyDrive/dataset/Orignal-Dataset/Arid_Soil/93.jpg
Loamy,7.01,45,24,39,47,Sprinkler,82,Barley,Maize,Vegetables,Low,139,32,82,35566,/content/drive/MyDrive/dataset/Orignal-Dataset/Arid_Soil/93a.jpg
Loamy,6.49,52,23,41,52,Sprinkler,70,Vegetables,Soybean,Cotton,High,68,20,60,78448,/content/drive/MyDrive/dataset/Orignal-Dataset/Arid_Soil/91.jpg
Silty,5.95,20,26,31,52,Flood,80,Soybean,Barley,Maize,High,82,33,54,44907,/content/drive/MyDrive/dataset/Orignal-Dataset/Arid_Soil/77.jpg
Clay,6.52,26,31,34,42,Drip,74,Maize,Wheat,Vegetables,Low,54,35,64,49799,/content/drive/MyDrive/dataset/Orignal-Dataset/Arid_Soil/43.jpg
Clay,6.63,31,40,22,35,Flood,77,Soybean,Vegetables,Groundnut,High,53,23,59,48464,/content/drive/MyDrive/dataset/Orignal-Dataset/Arid_Soil/49.jpg
Sandy,5.7,43,21,25,47,Flood,63,Cotton,Groundnut,Groundnut,Medium,171,34,69,55134,/content/drive/MyDrive/dataset/Orignal-Dataset/Arid_Soil/87.jpg
Silty,5.77,55,23,44,52,Sprinkler,55,Sugarcane,Groundnut,Sugarcane,Medium,79,21,50,79293,/content/drive/MyDrive/dataset/Orignal-Dataset/Arid_Soil/79.jpg
Silty,6.41,34,18,42,40,Drip,70,Vegetables,Soybean,Soybean,Low,126,20,61,58872,/content/drive/MyDrive/dataset/Orignal-Dataset/Arid_Soil/90.jpg
Loamy,6.77,39,19,23,49,Flood,75,Maize,Sugarcane,Vegetables,High,75,31,90,44700,/content/drive/MyDrive/dataset/Orignal-Dataset/Arid_Soil/81.jpg
Loamy,6.74,53,19,36,75,Flood,84,Cotton,Groundnut,Barley,Low,184,30,69,32804,/content/drive/MyDrive/dataset/Orignal-Dataset/Arid_Soil/57.jpg
Silty,6.75,27,24,26,76,Sprinkler,68,Groundnut,Sugarcane,Rice,High,191,32,53,74550,/content/drive/MyDrive/dataset/Orignal-Dataset/Arid_Soil/47.jpg
Sandy,6.98,32,24,27,66,Flood,57,Barley,Soybean,Maize,High,131,30,62,62603,/content/drive/MyDrive/dataset/Orignal-Dataset/Arid_Soil/95.jpg
Sandy,7.46,29,34,21,56,Sprinkler,67,Millet,Vegetables,Vegetables,Medium,134,31,81,36932,/content/drive/MyDrive/dataset/Orignal-Dataset/Arid_Soil/41a.jpg
Sandy,6.39,51,37,41,40,Drip,58,Soybean,Groundnut,Vegetables,Low,151,35,55,70672,/content/drive/MyDrive/dataset/Orignal-Dataset/Arid_Soil/74.jpg
Silty,6.05,26,21,32,39,Flood,52,Millet,Vegetables,Sugarcane,High,112,22,83,42571,/content/drive/MyDrive/dataset/Orignal-Dataset/Arid_Soil/59.jpg
Silty,6.91,34,37,48,57,Drip,77,Rice,Barley,Sugarcane,Medium,100,32,74,45098,/content/drive/MyDrive/dataset/Orignal-Dataset/Arid_Soil/54.jpg
Clay,6.5,60,37,26,66,Sprinkler,69,Groundnut,Sugarcane,Rice,Medium,111,29,73,33231,/content/drive/MyDrive/dataset/Orignal-Dataset/Arid_Soil/58.jpg
Loamy,6.07,55,15,20,60,Flood,75,Rice,Barley,Wheat,High,124,33,64,61813,/content/drive/MyDrive/dataset/Orignal-Dataset/Arid_Soil/44.jpg
Clay,5.7,36,16,50,45,Sprinkler,58,Cotton,Groundnut,Cotton,Low,66,30,53,74799,/content/drive/MyDrive/dataset/Orignal-Dataset/Arid_Soil/41.jpg
Silty,7.49,49,38,47,36,Sprinkler,89,Barley,Groundnut,Millet,Low,167,29,54,39843,/content/drive/MyDrive/dataset/Orignal-Dataset/Arid_Soil/65.jpg
Silty,6.81,24,27,22,69,Flood,84,Wheat,Barley,Soybean,Low,157,20,47,55677,/content/drive/MyDrive/dataset/Orignal-Dataset/Arid_Soil/96.jpg
Clay,6.88,22,29,47,39,Drip,69,Soybean,Soybean,Rice,High,124,24,52,38928,/content/drive/MyDrive/dataset/Orignal-Dataset/Arid_Soil/97b.jpg
Clay,6.44,50,32,26,52,Drip,88,Groundnut,Barley,Sugarcane,High,184,30,78,47542,/content/drive/MyDrive/dataset/Orignal-Dataset/Arid_Soil/98.jpg
Sandy,6.24,48,29,24,48,Flood,57,Millet,Millet,Millet,Low,138,23,63,58461,/content/drive/MyDrive/dataset/Orignal-Dataset/Arid_Soil/7.jpg
Sandy,7.02,54,29,35,36,Sprinkler,84,Millet,Maize,Groundnut,Medium,189,24,72,75715,/content/drive/MyDrive/dataset/Orignal-Dataset/Arid_Soil/53.jpg
Loamy,7.24,25,38,38,61,Flood,51,Soybean,Rice,Barley,Medium,92,25,63,35880,/content/drive/MyDrive/dataset/Orignal-Dataset/Arid_Soil/46.jpg
Loamy,6.76,35,31,34,42,Drip,76,Millet,Soybean,Groundnut,Low,74,28,40,36969,/content/drive/MyDrive/dataset/Orignal-Dataset/Arid_Soil/61.jpg
Silty,6.03,53,40,32,65,Flood,69,Wheat,Rice,Barley,High,83,29,62,61254,/content/drive/MyDrive/dataset/Orignal-Dataset/Arid_Soil/72.jpg
Clay,6.08,33,29,23,75,Flood,94,Wheat,Wheat,Vegetables,Low,88,26,89,37593,/content/drive/MyDrive/dataset/Orignal-Dataset/Arid_Soil/60.jpg
Sandy,7.34,57,15,46,38,Sprinkler,65,Cotton,Soybean,Wheat,High,84,31,55,74967,/content/drive/MyDrive/dataset/Orignal-Dataset/Arid_Soil/83.jpg
Clay,5.89,50,33,27,31,Flood,65,Sugarcane,Millet,Vegetables,Low,132,34,89,51215,/content/drive/MyDrive/dataset/Orignal-Dataset/Arid_Soil/6a.jpg
